codigo;descricao;fabricacao;bitola;unidade 
AM-03-02;APOIO PARA MASTRO, FABRICADO EM AÇO  GALVANIZADO A FOGO;TERMOTÉCNICA OU SIMILAR;"1 1/2""";pç 
AM-03-03;APOIO PARA MASTRO, FABRICADO EM AÇO  GALVANIZADO A FOGO;TERMOTÉCNICA OU SIMILAR;"2""";pç 
RA-05-51;ARAME EM AÇO GALVANIZADO.;CREMONEZI OU SIMILAR;N-14;m 
RA-05-52;ARAME EM AÇO GALVANIZADO.;CREMONEZI OU SIMILAR;N-12;m 
RA-05-53;ARAME EM AÇO GALVANIZADO.;CREMONEZI OU SIMILAR;1,24mm;m 
RC-10-53;"ARMAÇÃO SECUNDÁRIA (PRESBOW) EM CHAPA DE AÇO CARBONO DE 1/8"", COM HASTE DE ARMAÇÃO ZINCADA A FRIO, CONTRA-PINO COBREADO, TIPO LEVE.";FORJASUL OU SIMILAR;2 ESTR. x 2 ROLD;pç 
RC-10-54;"ARMAÇÃO SECUNDÁRIA (PRESBOW) EM CHAPA DE AÇO CARBONO DE 1/8"", COM HASTE DE ARMAÇÃO ZINCADA A FRIO, CONTRA-PINO COBREADO, TIPO LEVE.";FORJASUL OU SIMILAR;2 ESTR. x 3 ROLD;pç 
RC-10-55;"ARMAÇÃO SECUNDÁRIA (PRESBOW) EM CHAPA DE AÇO CARBONO DE 1/8"", COM HASTE DE ARMAÇÃO ZINCADA A FRIO, CONTRA-PINO COBREADO, TIPO LEVE.";FORJASUL OU SIMILAR;3 ESTR.x 3 ROLD;pç 
RC-10-56;"ARMAÇÃO SECUNDÁRIA (PRESBOW) EM CHAPA DE AÇO CARBONO DE 1/8"", COM HASTE DE ARMAÇÃO ZINCADA A FRIO, CONTRA-PINO COBREADO, TIPO LEVE.";FORJASUL OU SIMILAR;3 ESTR.x 4 ROLD;pç 
RC-10-59;"ARMAÇÃO SECUNDÁRIA (PRESBOW) EM CHAPA DE AÇO CARBONO DE 1/8"", COM HASTE DE ARMAÇÃO ZINCADA A FRIO, CONTRA-PINO COBREADO, TIPO LEVE.";FORJASUL OU SIMILAR;5 ESTR.x 5 ROLD;pç 
OA-3O-L;ARRUELA DE ESPORÃO EM AÇO LAMINADO GALVANIZADO A QUENTE.;FORJASUL OU SIMILAR;18mm;pç 
OA-1G-D;ARRUELA DE PRESSÃO FABRICADA EM AÇO CARBONO BICROMATIZADO.;POLEODUTO OU SIMILAR;"5/32""";pç 
OA-1G-E;ARRUELA DE PRESSÃO FABRICADA EM AÇO CARBONO BICROMATIZADO.;POLEODUTO OU SIMILAR;"3/16""";pç 
OA-1G-F;ARRUELA DE PRESSÃO FABRICADA EM AÇO CARBONO BICROMATIZADO.;POLEODUTO OU SIMILAR;"1/4""";pç 
OA-1G-G;ARRUELA DE PRESSÃO FABRICADA EM AÇO CARBONO BICROMATIZADO.;POLEODUTO OU SIMILAR;"5/16""";pç 
OA-1G-H;ARRUELA DE PRESSÃO FABRICADA EM AÇO CARBONO BICROMATIZADO.;POLEODUTO OU SIMILAR;"3/8""";pç 
OA-1G-J;ARRUELA DE PRESSÃO FABRICADA EM AÇO CARBONO BICROMATIZADO.;POLEODUTO OU SIMILAR;"1/2""";pç 
OA-1G-L;ARRUELA DE PRESSÃO FABRICADA EM AÇO CARBONO BICROMATIZADO.;POLEODUTO OU SIMILAR;"5/8""";pç 
OA-1I-D;"ARRUELA DE PRESSÃO FABRICADA EM AÇO INOX AISI 304, 3/8""";POLEODUTO OU SIMILAR;"5/32""";pç 
OA-1I-F;ARRUELA DE PRESSÃO FABRICADA EM AÇO INOX AISI 304.;POLEODUTO OU SIMILAR;"1/4""";pç 
OA-1I-G;ARRUELA DE PRESSÃO FABRICADA EM AÇO INOX AISI 304.;POLEODUTO OU SIMILAR;"5/16""";pç 
OA-1I-H;ARRUELA DE PRESSÃO FABRICADA EM AÇO INOX AISI 304.;POLEODUTO OU SIMILAR;"3/8""";pç 
OA-1I-J;ARRUELA DE PRESSÃO FABRICADA EM AÇO INOX AISI 304.;POLEODUTO OU SIMILAR;"1/2""";pç 
OA-1I-L;ARRUELA DE PRESSÃO FABRICADA EM AÇO INOX AISI 304.;POLEODUTO OU SIMILAR;"5/8""";pç 
OA-6G-F;ARRUELA DE VEDAÇÃO EM BORRACHA;TERMOTÉCNICA OU SIMILAR;"1/4""";pç 
OA-0G-D;ARRUELA LISA FABRICADA EM  AÇO CARBONO BICROMATIZADO.;POLEODUTO OU SIMILAR;"5/32""";pç 
OA-0G-E;ARRUELA LISA FABRICADA EM  AÇO CARBONO BICROMATIZADO.;POLEODUTO OU SIMILAR;"3/16""";pç 
OA-0G-F;"ARRUELA LISA FABRICADA EM  AÇO CARBONO BICROMATIZADO. 1/4""";POLEODUTO OU SIMILAR;"1/4""";pç 
OA-0G-G;ARRUELA LISA FABRICADA EM  AÇO CARBONO BICROMATIZADO.;POLEODUTO OU SIMILAR;"5/16""";pç 
OA-0G-H;ARRUELA LISA FABRICADA EM  AÇO CARBONO BICROMATIZADO.;POLEODUTO OU SIMILAR;"3/8""";pç 
OA-0G-J;ARRUELA LISA FABRICADA EM  AÇO CARBONO BICROMATIZADO.;POLEODUTO OU SIMILAR;"1/2""";pç 
OA-0G-L;ARRUELA LISA FABRICADA EM  AÇO CARBONO BICROMATIZADO.;POLEODUTO OU SIMILAR;"5/8""";pç 
OA-0I-E;ARRUELA LISA FABRICADA EM AÇO INOX AISI 304, ABA LARGA;POLEODUTO OU SIMILAR;3/16';pç 
OA-0I-F;ARRUELA LISA FABRICADA EM AÇO INOX AISI 304, ABA LARGA;POLEODUTO OU SIMILAR;"1/4""";pç 
OA-0I-D;ARRUELA LISA FABRICADA EM AÇO INOX AISI 304.;POLEODUTO OU SIMILAR;"5/32""";pç 
AO-0I-E;ARRUELA LISA FABRICADA EM AÇO INOX AISI 304.;POLEODUTO OU SIMILAR;4,2mm;pç 
OA-OI-F;ARRUELA LISA FABRICADA EM AÇO INOX AISI 304.;POLEODUTO OU SIMILAR;"1/4""";pç 
OA-0I-G;"ARRUELA LISA FABRICADA EM AÇO INOX AISI 304, 3/8""";POLEODUTO OU SIMILAR;"5/16""";pç 
OA-0I-H;ARRUELA LISA FABRICADA EM AÇO INOX AISI 304.;POLEODUTO OU SIMILAR;"3/8""";pç 
OA-0I-J;ARRUELA LISA FABRICADA EM AÇO INOX AISI 304.;POLEODUTO OU SIMILAR;"1/2""";pç 
OA-0I-L;ARRUELA LISA FABRICADA EM AÇO INOX AISI 304.;POLEODUTO OU SIMILAR;"5/8""";pç 
OA-2O-J;ARRUELA QUADRADA, DIMENSÕES 34x34x3mm,  FABRICADA EM  LIGA DE ALUMÍNIO DE ALTA RESISTÊNCIA MECÂNICA.;FORJASUL OU SIMILAR;12mm;pç 
OA-2O-L;ARRUELA QUADRADA, DIMENSÕES 34x34x3mm,  FABRICADA EM  LIGA DE ALUMÍNIO DE ALTA RESISTÊNCIA MECÂNICA.;FORJASUL OU SIMILAR;14mm;pç 
OA-2O-N;ARRUELA QUADRADA, DIMENSÕES 34x34x3mm,  FABRICADA EM  LIGA DE ALUMÍNIO DE ALTA RESISTÊNCIA MECÂNICA.;FORJASUL OU SIMILAR;18mm;pç 
OA-2G-D;ARRUELA QUADRADA, DIMENSÕES 34x34x3mm,  FABRICADA EM  LIGA DE ALUMÍNIO DE ALTA RESISTÊNCIA MECÂNICA.;FORJASUL OU SIMILAR ;18mm;pç 
OA-2G-E;ARRUELA QUADRADA, DIMENSÕES 34x34x3mm,  FABRICADA EM  LIGA DE ALUMÍNIO DE ALTA RESISTÊNCIA MECÂNICA.;FORJASUL OU SIMILAR ;18mm;pç 
OA-2G-F;ARRUELA QUADRADA, DIMENSÕES 34x34x3mm,  FABRICADA EM  LIGA DE ALUMÍNIO DE ALTA RESISTÊNCIA MECÂNICA.;FORJASUL OU SIMILAR ;18mm;pç 
EB-18-01;ARRUELA SEXTAVADA PARA ELETRODUTO, FABRICADA EM FERRO FUNDIDO GALVANIZAÇÃO ELETROLÍTICA, COM ROSCA INTERNA.;NUTSTEEL OU SIMILAR;"1/2"" BSP";pç 
EB-18-02;ARRUELA SEXTAVADA PARA ELETRODUTO, FABRICADA EM FERRO FUNDIDO GALVANIZAÇÃO ELETROLÍTICA, COM ROSCA INTERNA.;NUTSTEEL OU SIMILAR;"3/4"" BSP";pç 
EB-18-03;ARRUELA SEXTAVADA PARA ELETRODUTO, FABRICADA EM FERRO FUNDIDO GALVANIZAÇÃO ELETROLÍTICA, COM ROSCA INTERNA.;NUTSTEEL OU SIMILAR;"1"" BSP";pç 
EB-18-04;ARRUELA SEXTAVADA PARA ELETRODUTO, FABRICADA EM FERRO FUNDIDO GALVANIZAÇÃO ELETROLÍTICA, COM ROSCA INTERNA.;NUTSTEEL OU SIMILAR;"1 1/4"" BSP";pç 
EB-18-05;ARRUELA SEXTAVADA PARA ELETRODUTO, FABRICADA EM FERRO FUNDIDO GALVANIZAÇÃO ELETROLÍTICA, COM ROSCA INTERNA.;NUTSTEEL OU SIMILAR;"1 1/2"" BSP";pç 
EB-18-06;ARRUELA SEXTAVADA PARA ELETRODUTO, FABRICADA EM FERRO FUNDIDO GALVANIZAÇÃO ELETROLÍTICA, COM ROSCA INTERNA.;NUTSTEEL OU SIMILAR;"2"" BSP";pç 
EB-18-07;ARRUELA SEXTAVADA PARA ELETRODUTO, FABRICADA EM FERRO FUNDIDO GALVANIZAÇÃO ELETROLÍTICA, COM ROSCA INTERNA.;NUTSTEEL OU SIMILAR;"2 1/2"" BSP";pç 
EB-18-08;ARRUELA SEXTAVADA PARA ELETRODUTO, FABRICADA EM FERRO FUNDIDO GALVANIZAÇÃO ELETROLÍTICA, COM ROSCA INTERNA.;NUTSTEEL OU SIMILAR;"3"" BSP";pç 
EB-18-09;ARRUELA SEXTAVADA PARA ELETRODUTO, FABRICADA EM FERRO FUNDIDO GALVANIZAÇÃO ELETROLÍTICA, COM ROSCA INTERNA.;NUTSTEEL OU SIMILAR;"4"" BSP";pç 
EB-48-01;ARRUELA SEXTAVADA PARA ELETRODUTO, FABRICADA EM FERRO FUNDIDO GALVANIZADO A FOGO, COM ROSCA INTERNA.;NUTSTEEL OU SIMILAR;"1/2"" BSP";pç 
EB-48-02;ARRUELA SEXTAVADA PARA ELETRODUTO, FABRICADA EM FERRO FUNDIDO GALVANIZADO A FOGO, COM ROSCA INTERNA.;NUTSTEEL OU SIMILAR;"3/4"" BSP";pç 
EB-48-03;ARRUELA SEXTAVADA PARA ELETRODUTO, FABRICADA EM FERRO FUNDIDO GALVANIZADO A FOGO, COM ROSCA INTERNA.;NUTSTEEL OU SIMILAR;"1"" BSP";pç 
EB-48-04;ARRUELA SEXTAVADA PARA ELETRODUTO, FABRICADA EM FERRO FUNDIDO GALVANIZADO A FOGO, COM ROSCA INTERNA.;NUTSTEEL OU SIMILAR;"1 1/4"" BSP";pç 
EB-48-05;ARRUELA SEXTAVADA PARA ELETRODUTO, FABRICADA EM FERRO FUNDIDO GALVANIZADO A FOGO, COM ROSCA INTERNA.;NUTSTEEL OU SIMILAR;"1 1/2"" BSP";pç 
EB-48-06;ARRUELA SEXTAVADA PARA ELETRODUTO, FABRICADA EM FERRO FUNDIDO GALVANIZADO A FOGO, COM ROSCA INTERNA.;NUTSTEEL OU SIMILAR;"2"" BSP";pç 
EB-48-07;ARRUELA SEXTAVADA PARA ELETRODUTO, FABRICADA EM FERRO FUNDIDO GALVANIZADO A FOGO, COM ROSCA INTERNA.;NUTSTEEL OU SIMILAR;"2 1/2"" BSP";pç 
EB-48-08;ARRUELA SEXTAVADA PARA ELETRODUTO, FABRICADA EM FERRO FUNDIDO GALVANIZADO A FOGO, COM ROSCA INTERNA.;NUTSTEEL OU SIMILAR;"3"" BSP";pç 
EB-48-09;ARRUELA SEXTAVADA PARA ELETRODUTO, FABRICADA EM FERRO FUNDIDO GALVANIZADO A FOGO, COM ROSCA INTERNA.;NUTSTEEL OU SIMILAR;"4"" BSP";pç 
VB-CA-CA;BARRA CHATA EM COBRE ELETROLÍTICO TÊMPERA DURA EM BARRAS DE 6m.;ELUMA OU SIMILAR;"1/8"" x 1/2""";pç 
VB-CA-CB;BARRA CHATA EM COBRE ELETROLÍTICO TÊMPERA DURA EM BARRAS DE 6m.;ELUMA OU SIMILAR;"1/8"" x 5/8""";pç 
VB-CA-CC;BARRA CHATA EM COBRE ELETROLÍTICO TÊMPERA DURA EM BARRAS DE 6m.;ELUMA OU SIMILAR;"1/8"" x 3/4""";pç 
VB-CA-CE;BARRA CHATA EM COBRE ELETROLÍTICO TÊMPERA DURA EM BARRAS DE 6m.;ELUMA OU SIMILAR;"1/8"" x 1""";pç 
VB-CA-DC;BARRA CHATA EM COBRE ELETROLÍTICO TÊMPERA DURA EM BARRAS DE 6m.;ELUMA OU SIMILAR;"5/32""x 3/4""";pç 
VB-CA-DE;BARRA CHATA EM COBRE ELETROLÍTICO TÊMPERA DURA EM BARRAS DE 6m.;ELUMA OU SIMILAR;"5/32""x 1""";pç 
VB-CA-DH;BARRA CHATA EM COBRE ELETROLÍTICO TÊMPERA DURA EM BARRAS DE 6m.;ELUMA OU SIMILAR;"5/32""x 1 1/2""";pç 
VB-CA-DJ;BARRA CHATA EM COBRE ELETROLÍTICO TÊMPERA DURA EM BARRAS DE 6m.;ELUMA OU SIMILAR;"5/32""x 2""";pç 
VB-CA-EC;BARRA CHATA EM COBRE ELETROLÍTICO TÊMPERA DURA EM BARRAS DE 6m.;ELUMA OU SIMILAR;"3/16"" x 3/4""";pç 
VB-CA-EE;BARRA CHATA EM COBRE ELETROLÍTICO TÊMPERA DURA EM BARRAS DE 6m.;ELUMA OU SIMILAR;"3/16"" x 1""";pç 
VB-CA-EH;BARRA CHATA EM COBRE ELETROLÍTICO TÊMPERA DURA EM BARRAS DE 6m.;ELUMA OU SIMILAR;"3/16"" x 1 1/2""";pç 
VB-CA-EJ;BARRA CHATA EM COBRE ELETROLÍTICO TÊMPERA DURA EM BARRAS DE 6m.;ELUMA OU SIMILAR;"3/16"" x 2""";pç 
VB-CA-FE;BARRA CHATA EM COBRE ELETROLÍTICO TÊMPERA DURA EM BARRAS DE 6m.;ELUMA OU SIMILAR;"1/4"" x 1""";pç 
VB-CA-FH;BARRA CHATA EM COBRE ELETROLÍTICO TÊMPERA DURA EM BARRAS DE 6m.;ELUMA OU SIMILAR;"1/4""x 1 1/2""";pç 
VB-CA-FJ;BARRA CHATA EM COBRE ELETROLÍTICO TÊMPERA DURA EM BARRAS DE 6m.;ELUMA OU SIMILAR;"1/4""x 2""";pç 
VB-CA-FL;BARRA CHATA EM COBRE ELETROLÍTICO TÊMPERA DURA EM BARRAS DE 6m.;ELUMA OU SIMILAR;"1/4""x 2 1/2""";pç 
VB-CA-FN;BARRA CHATA EM COBRE ELETROLÍTICO TÊMPERA DURA EM BARRAS DE 6m.;ELUMA OU SIMILAR;"1/4""x 3""";pç 
VB-CA-FP;BARRA CHATA EM COBRE ELETROLÍTICO TÊMPERA DURA EM BARRAS DE 6m.;ELUMA OU SIMILAR;"1/4""x 4""";pç 
VB-CA-HJ;BARRA CHATA EM COBRE ELETROLÍTICO TÊMPERA DURA EM BARRAS DE 6m.;ELUMA OU SIMILAR;"3/8""x 2""";pç 
VB-CA-HL;BARRA CHATA EM COBRE ELETROLÍTICO TÊMPERA DURA EM BARRAS DE 6m.;ELUMA OU SIMILAR;"3/8""x 2 1/2""";pç 
VB-CA-HN;BARRA CHATA EM COBRE ELETROLÍTICO TÊMPERA DURA EM BARRAS DE 6m.;ELUMA OU SIMILAR;"3/8""x 3""";pç 
VB-CA-HP;BARRA CHATA EM COBRE ELETROLÍTICO TÊMPERA DURA EM BARRAS DE 6m.;ELUMA OU SIMILAR;"3/8""x 4""";pç 
VB-CA-HR;BARRA CHATA EM COBRE ELETROLÍTICO TÊMPERA DURA EM BARRAS DE 6m.;ELUMA OU SIMILAR;"3/8""x 5""";pç 
VB-CA-HS;BARRA CHATA EM COBRE ELETROLÍTICO TÊMPERA DURA EM BARRAS DE 6m.;ELUMA OU SIMILAR;"3/8""x 6""";pç 
VB-CA-JJ;BARRA CHATA EM COBRE ELETROLÍTICO TÊMPERA DURA EM BARRAS DE 6m.;ELUMA OU SIMILAR;"1/2"" x 2""";pç 
VB-CA-JL;BARRA CHATA EM COBRE ELETROLÍTICO TÊMPERA DURA EM BARRAS DE 6m.;ELUMA OU SIMILAR;"1/2"" x 2 1/2""";pç 
VB-CA-JN;BARRA CHATA EM COBRE ELETROLÍTICO TÊMPERA DURA EM BARRAS DE 6m.;ELUMA OU SIMILAR;"1/2"" x 3""";pç 
VB-CA-JP;BARRA CHATA EM COBRE ELETROLÍTICO TÊMPERA DURA EM BARRAS DE 6m.;ELUMA OU SIMILAR;"1/2"" x 4""";pç 
VB-CA-JR;BARRA CHATA EM COBRE ELETROLÍTICO TÊMPERA DURA EM BARRAS DE 6m.;ELUMA OU SIMILAR;"1/2"" x 5""";pç 
VB-CA-JS;BARRA CHATA EM COBRE ELETROLÍTICO TÊMPERA DURA EM BARRAS DE 6m.;ELUMA OU SIMILAR;"1/2"" x 6""";pç 
VB-CB-EA;BARRA DE COBRE ELETROLÍTICO TÊMPERA DURA COM CANTOS ARREDONDADOS EM BARRA DE 3m;ELUMA OU SIMILAR;12 x 2 mm;pç 
VB-CB-FA;BARRA DE COBRE ELETROLÍTICO TÊMPERA DURA COM CANTOS ARREDONDADOS EM BARRA DE 3m;ELUMA OU SIMILAR;15 x 2 mm;pç 
VB-CB-FB;BARRA DE COBRE ELETROLÍTICO TÊMPERA DURA COM CANTOS ARREDONDADOS EM BARRA DE 3m;ELUMA OU SIMILAR;15 x 3 mm;pç 
VB-CB-GB;BARRA DE COBRE ELETROLÍTICO TÊMPERA DURA COM CANTOS ARREDONDADOS EM BARRA DE 3m;ELUMA OU SIMILAR;20 x 3 mm;pç 
VB-CB-GC;BARRA DE COBRE ELETROLÍTICO TÊMPERA DURA COM CANTOS ARREDONDADOS EM BARRA DE 3m;ELUMA OU SIMILAR;20 x 5 mm;pç 
VB-CB-HB;BARRA DE COBRE ELETROLÍTICO TÊMPERA DURA COM CANTOS ARREDONDADOS EM BARRA DE 3m;ELUMA OU SIMILAR;25 x 3 mm;pç 
VB-CB-HC;BARRA DE COBRE ELETROLÍTICO TÊMPERA DURA COM CANTOS ARREDONDADOS EM BARRA DE 3m;ELUMA OU SIMILAR;25 x 5 mm;pç 
VB-CB-IB;BARRA DE COBRE ELETROLÍTICO TÊMPERA DURA COM CANTOS ARREDONDADOS EM BARRA DE 3m;ELUMA OU SIMILAR;30 x 3 mm;pç 
VB-CB-IC;BARRA DE COBRE ELETROLÍTICO TÊMPERA DURA COM CANTOS ARREDONDADOS EM BARRA DE 3m;ELUMA OU SIMILAR;30 x 5 mm;pç 
VB-CB-JB;BARRA DE COBRE ELETROLÍTICO TÊMPERA DURA COM CANTOS ARREDONDADOS EM BARRA DE 3m;ELUMA OU SIMILAR;40 x 3 mm;pç 
VB-CB-JC;BARRA DE COBRE ELETROLÍTICO TÊMPERA DURA COM CANTOS ARREDONDADOS EM BARRA DE 3m;ELUMA OU SIMILAR;40 x 5 mm;pç 
VB-CB-KC;BARRA DE COBRE ELETROLÍTICO TÊMPERA DURA COM CANTOS ARREDONDADOS EM BARRA DE 3m;ELUMA OU SIMILAR;50 x 5 mm;pç 
VB-CB-LC;BARRA DE COBRE ELETROLÍTICO TÊMPERA DURA COM CANTOS ARREDONDADOS EM BARRA DE 3m;ELUMA OU SIMILAR;60 x 5 mm;pç 
VB-CB-LD;BARRA DE COBRE ELETROLÍTICO TÊMPERA DURA COM CANTOS ARREDONDADOS EM BARRA DE 3m;ELUMA OU SIMILAR;60 x 10 mm;pç 
VB-CB-MC;BARRA DE COBRE ELETROLÍTICO TÊMPERA DURA COM CANTOS ARREDONDADOS EM BARRA DE 3m;ELUMA OU SIMILAR;80 x 5 mm;pç 
VB-CB-MD;BARRA DE COBRE ELETROLÍTICO TÊMPERA DURA COM CANTOS ARREDONDADOS EM BARRA DE 3m;ELUMA OU SIMILAR;80 x 10 mm;pç 
VB-CB-NC;BARRA DE COBRE ELETROLÍTICO TÊMPERA DURA COM CANTOS ARREDONDADOS EM BARRA DE 3m;ELUMA OU SIMILAR;100 x 5 mm;pç 
VB-CB-ND;BARRA DE COBRE ELETROLÍTICO TÊMPERA DURA COM CANTOS ARREDONDADOS EM BARRA DE 3m;ELUMA OU SIMILAR;100 x 10 mm;pç 
VB-CB-OD;BARRA DE COBRE ELETROLÍTICO TÊMPERA DURA COM CANTOS ARREDONDADOS EM BARRA DE 3m;ELUMA OU SIMILAR;120 x 10 mm;pç 
VB-CB-PD;BARRA DE COBRE ELETROLÍTICO TÊMPERA DURA COM CANTOS ARREDONDADOS EM BARRA DE 3m;ELUMA OU SIMILAR;160 x 10 mm;pç 
VB-CB-QD;BARRA DE COBRE ELETROLÍTICO TÊMPERA DURA COM CANTOS ARREDONDADOS EM BARRA DE 3m;ELUMA OU SIMILAR;200 x 10 mm;pç 
VB-CB-KD;BARRA DE COBRE ELETROLÍTICO TÊMPERA DURA COM CANTOS ARREDONDADOS EM BARRA DE 3m.;ELUMA OU SIMILAR;50 x 10 mm;pç 
VB-CB-RA;BARRA DE COBRE ELETROLÍTICO, TEMPERA DURA, CANTOS ARREDONDADOS;ELUMA OU SIMILAR;"3/8""x2""x300mm";pç 
AM-04-51;BASE PARA MASTRO, EM ALUMÍNIO, ACABAMENTO COM PINTURA ANTI-CORROSÃO.;TERMOTÉCNICA OU SIMILAR;"1.1/2""";pç 
AM-04-52;BASE PARA MASTRO, EM ALUMÍNIO, ACABAMENTO COM PINTURA ANTI-CORROSÃO.;TERMOTÉCNICA OU SIMILAR;"2""";pç 
IP-03-82;"BLOCO AUTÔNOMO DE ILUMINAÇÃO DE EMERGENCIA, ALIMENTAÇÃO EM 110/220V-60Hz, FORNECIDO COM BATERIA CHUMBO-ÁCIDA SELADA, TIPO ""FREE"", SEM MANUTENÇÃO, MONTADA EM CAIXA PLÁSTICA DE ALTA RESISTÊNCIA, COM DOIS (2) PROJETORES HALÓGENOS. AUTONOMIA 4 HORAS.";UNITRON OU SIMILAR;2 x 55 W - 12 Vcc;cj 
IP-05-82;BLOCO AUTÔNOMO DE ILUMINAÇÃO DE SEGURANÇA PARA BALIZAMENTO, PARA FONTE DE ALIMENTAÇÃO 220V-60Hz, COM DISPOSITIVO AUTOMÁTICO PARA ACENDIMENTO, BATERIA DE NIQUEL-CADMIO, LIMITAÇÃO DE DESCARGA E FUSÍVEL DE PROTEÇÃO, FABRICADO COM MATERIAL  AUTO-EXTINGUIVEL, SENDO FORNECIDO COM LÂMPADA  ADEQUADA E ETIQUETA ADESIVA.;PIAL LEGR. OU SIMILAR;SAIDA DE EMERGÊNCIA;cj 
IP-05-85;BLOCO AUTÔNOMO DE ILUMINAÇÃO DE SEGURANÇA PARA BALIZAMENTO, PARA FONTE DE ALIMENTAÇÃO 220V-60Hz, COM DISPOSITIVO AUTOMÁTICO PARA ACENDIMENTO, BATERIA DE NIQUEL-CADMIO, LIMITAÇÃO DE DESCARGA E FUSÍVEL DE PROTEÇÃO, FABRICADO COM MATERIAL  AUTO-EXTINGUIVEL, SENDO FORNECIDO COM LÂMPADA  ADEQUADA E ETIQUETA ADESIVA.;PIAL LEGR. OU SIMILAR;SAÍDA+SETA DIREITA;cj 
IP-05-86;BLOCO AUTÔNOMO DE ILUMINAÇÃO DE SEGURANÇA PARA BALIZAMENTO, PARA FONTE DE ALIMENTAÇÃO 220V-60Hz, COM DISPOSITIVO AUTOMÁTICO PARA ACENDIMENTO, BATERIA DE NIQUEL-CADMIO, LIMITAÇÃO DE DESCARGA E FUSÍVEL DE PROTEÇÃO, FABRICADO COM MATERIAL  AUTO-EXTINGUIVEL, SENDO FORNECIDO COM LÂMPADA  ADEQUADA E ETIQUETA ADESIVA.;PIAL LEGR. OU SIMILAR;SAÍDA+SETA ESQUERDA;cj 
GE-01-01;ABRAÇADEIRA DE UNIÃO HORIZONTAL PARA ELETRODUTOS, FABRICADA EM AÇO GALVANIZAÇÃO ELETROLÍTICA.;POLEODUTO OU SIMILAR ;"1/2""";pç 
GE-01-02;ABRAÇADEIRA DE UNIÃO HORIZONTAL PARA ELETRODUTOS, FABRICADA EM AÇO GALVANIZAÇÃO ELETROLÍTICA.;POLEODUTO OU SIMILAR ;"3/4""";pç 
GE-01-03;ABRAÇADEIRA DE UNIÃO HORIZONTAL PARA ELETRODUTOS, FABRICADA EM AÇO GALVANIZAÇÃO ELETROLÍTICA.;POLEODUTO OU SIMILAR ;"1""";pç 
GE-01-04;ABRAÇADEIRA DE UNIÃO HORIZONTAL PARA ELETRODUTOS, FABRICADA EM AÇO GALVANIZAÇÃO ELETROLÍTICA.;POLEODUTO OU SIMILAR ;"1 1/4""";pç 
GE-01-05;ABRAÇADEIRA DE UNIÃO HORIZONTAL PARA ELETRODUTOS, FABRICADA EM AÇO GALVANIZAÇÃO ELETROLÍTICA.;POLEODUTO OU SIMILAR ;"1 1/2""";pç 
GE-01-06;ABRAÇADEIRA DE UNIÃO HORIZONTAL PARA ELETRODUTOS, FABRICADA EM AÇO GALVANIZAÇÃO ELETROLÍTICA.;POLEODUTO OU SIMILAR ;"2""";pç 
GE-01-07;ABRAÇADEIRA DE UNIÃO HORIZONTAL PARA ELETRODUTOS, FABRICADA EM AÇO GALVANIZAÇÃO ELETROLÍTICA.;POLEODUTO OU SIMILAR ;"2 1/2""";pç 
GE-01-08;ABRAÇADEIRA DE UNIÃO HORIZONTAL PARA ELETRODUTOS, FABRICADA EM AÇO GALVANIZAÇÃO ELETROLÍTICA.;POLEODUTO OU SIMILAR ;"3""";pç 
GE-01-09;ABRAÇADEIRA DE UNIÃO HORIZONTAL PARA ELETRODUTOS, FABRICADA EM AÇO GALVANIZAÇÃO ELETROLÍTICA.;POLEODUTO OU SIMILAR ;"4""";pç 
GA-05-01;ABRAÇADEIRA DE UNIÃO VERTICAL PARA ELETRODUTOS, FABRICADA EM AÇO GALVANIZAÇÃO ELETROLÍTICA.;POLEODUTO OU SIMILAR ;"1/2""";pç 
GA-05-02;ABRAÇADEIRA DE UNIÃO VERTICAL PARA ELETRODUTOS, FABRICADA EM AÇO GALVANIZAÇÃO ELETROLÍTICA.;POLEODUTO OU SIMILAR ;"3/4""";pç 
GA-05-03;ABRAÇADEIRA DE UNIÃO VERTICAL PARA ELETRODUTOS, FABRICADA EM AÇO GALVANIZAÇÃO ELETROLÍTICA.;POLEODUTO OU SIMILAR ;"1""";pç 
GA-05-04;ABRAÇADEIRA DE UNIÃO VERTICAL PARA ELETRODUTOS, FABRICADA EM AÇO GALVANIZAÇÃO ELETROLÍTICA.;POLEODUTO OU SIMILAR ;"1 1/4""";pç 
GA-05-05;ABRAÇADEIRA DE UNIÃO VERTICAL PARA ELETRODUTOS, FABRICADA EM AÇO GALVANIZAÇÃO ELETROLÍTICA.;POLEODUTO OU SIMILAR ;"1 1/2""";pç 
GA-05-06;ABRAÇADEIRA DE UNIÃO VERTICAL PARA ELETRODUTOS, FABRICADA EM AÇO GALVANIZAÇÃO ELETROLÍTICA.;POLEODUTO OU SIMILAR ;"2""";pç 
GA-05-07;ABRAÇADEIRA DE UNIÃO VERTICAL PARA ELETRODUTOS, FABRICADA EM AÇO GALVANIZAÇÃO ELETROLÍTICA.;POLEODUTO OU SIMILAR ;"2 1/2""";pç 
GA-05-08;ABRAÇADEIRA DE UNIÃO VERTICAL PARA ELETRODUTOS, FABRICADA EM AÇO GALVANIZAÇÃO ELETROLÍTICA.;POLEODUTO OU SIMILAR ;"3""";pç 
GA-05-09;ABRAÇADEIRA DE UNIÃO VERTICAL PARA ELETRODUTOS, FABRICADA EM AÇO GALVANIZAÇÃO ELETROLÍTICA.;POLEODUTO OU SIMILAR ;"4""";pç 
GA-25-01;ABRAÇADEIRA DE UNIÃO VERTICAL PARA ELETRODUTOS, FABRICADA EM AÇO GALVANIZADO A FOGO.;POLEODUTO OU SIMILAR ;"1/2""";pç 
GA-25-02;ABRAÇADEIRA DE UNIÃO VERTICAL PARA ELETRODUTOS, FABRICADA EM AÇO GALVANIZADO A FOGO.;POLEODUTO OU SIMILAR ;"3/4""";pç 
GA-25-03;ABRAÇADEIRA DE UNIÃO VERTICAL PARA ELETRODUTOS, FABRICADA EM AÇO GALVANIZADO A FOGO.;POLEODUTO OU SIMILAR ;"1""";pç 
GA-25-04;ABRAÇADEIRA DE UNIÃO VERTICAL PARA ELETRODUTOS, FABRICADA EM AÇO GALVANIZADO A FOGO.;POLEODUTO OU SIMILAR ;"1 1/4""";pç 
GA-25-05;ABRAÇADEIRA DE UNIÃO VERTICAL PARA ELETRODUTOS, FABRICADA EM AÇO GALVANIZADO A FOGO.;POLEODUTO OU SIMILAR ;"1 1/2""";pç 
GA-25-06;ABRAÇADEIRA DE UNIÃO VERTICAL PARA ELETRODUTOS, FABRICADA EM AÇO GALVANIZADO A FOGO.;POLEODUTO OU SIMILAR ;"2""";pç 
GA-25-07;ABRAÇADEIRA DE UNIÃO VERTICAL PARA ELETRODUTOS, FABRICADA EM AÇO GALVANIZADO A FOGO.;POLEODUTO OU SIMILAR ;"2 1/2""";pç 
GA-25-08;ABRAÇADEIRA DE UNIÃO VERTICAL PARA ELETRODUTOS, FABRICADA EM AÇO GALVANIZADO A FOGO.;POLEODUTO OU SIMILAR ;"3""";pç 
GA-25-09;ABRAÇADEIRA DE UNIÃO VERTICAL PARA ELETRODUTOS, FABRICADA EM AÇO GALVANIZADO A FOGO.;POLEODUTO OU SIMILAR ;"4""";pç 
AM-05-05;ABRAÇADEIRA GUIA SIMPLES PARA CABO, FABRICADA EM AÇO GALVANIZADA A FOGO, ROLDANA ISOLANTE EM POLIPROPILENO, PARA 1 DESCIDA.;TERMOTÉCNICA OU SIMILAR;"1 1/2"" x 200mm";pç 
AM-05-06;ABRAÇADEIRA GUIA DUPLA PARA CABO, FABRICADA EM AÇO GALVANIZADA A FOGO, ROLDANA ISOLANTE EM POLIPROPILENO, PARA 1 DESCIDA.;TERMOTÉCNICA OU SIMILAR;"1 1/2"" x 200mm";pç 
AM-02-01;ABRAÇADEIRA REFORÇADA PARA  MASTRO, FABRICADA EM AÇO GALVANIZADO A FOGO;TERMOTÉCNICA OU SIMILAR;"1.1/2""";pç 
AM-02-02;ABRAÇADEIRA REFORÇADA PARA  MASTRO, FABRICADA EM AÇO GALVANIZADO A FOGO;TERMOTÉCNICA OU SIMILAR;"2""";pç 
GA-02-01;"ABRAÇADEIRA TIPO ""D"" CIRCULAR, FARICADA EM AÇO GALVANIZAÇÃO ELETROLÍTICA.";POLEODUTO OU SIMILAR ;"1/2""";pç 
GA-02-02;"ABRAÇADEIRA TIPO ""D"" CIRCULAR, FARICADA EM AÇO GALVANIZAÇÃO ELETROLÍTICA.";POLEODUTO OU SIMILAR ;"3/4""";pç 
GA-02-03;"ABRAÇADEIRA TIPO ""D"" CIRCULAR, FARICADA EM AÇO GALVANIZAÇÃO ELETROLÍTICA.";POLEODUTO OU SIMILAR ;"1""";pç 
GA-02-04;"ABRAÇADEIRA TIPO ""D"" CIRCULAR, FARICADA EM AÇO GALVANIZAÇÃO ELETROLÍTICA.";POLEODUTO OU SIMILAR ;"1 1/4""";pç 
GA-02-05;"ABRAÇADEIRA TIPO ""D"" CIRCULAR, FARICADA EM AÇO GALVANIZAÇÃO ELETROLÍTICA.";POLEODUTO OU SIMILAR ;"1 1/2""";pç 
GA-02-06;"ABRAÇADEIRA TIPO ""D"" CIRCULAR, FARICADA EM AÇO GALVANIZAÇÃO ELETROLÍTICA.";POLEODUTO OU SIMILAR ;"2""";pç 
GA-02-07;"ABRAÇADEIRA TIPO ""D"" CIRCULAR, FARICADA EM AÇO GALVANIZAÇÃO ELETROLÍTICA.";POLEODUTO OU SIMILAR ;"2 1/2""";pç 
GA-02-08;"ABRAÇADEIRA TIPO ""D"" CIRCULAR, FARICADA EM AÇO GALVANIZAÇÃO ELETROLÍTICA.";POLEODUTO OU SIMILAR ;"3""";pç 
GA-02-09;"ABRAÇADEIRA TIPO ""D"" CIRCULAR, FARICADA EM AÇO GALVANIZAÇÃO ELETROLÍTICA.";POLEODUTO OU SIMILAR ;"4""";pç 
GA-22-01;"ABRAÇADEIRA TIPO ""D"" CIRCULAR, FARICADA EM AÇO GALVANIZADO A FOGO.";POLEODUTO OU SIMILAR ;"1/2""";pç 
GA-22-02;"ABRAÇADEIRA TIPO ""D"" CIRCULAR, FARICADA EM AÇO GALVANIZADO A FOGO.";POLEODUTO OU SIMILAR ;"3/4""";pç 
GA-22-03;"ABRAÇADEIRA TIPO ""D"" CIRCULAR, FARICADA EM AÇO GALVANIZADO A FOGO.";POLEODUTO OU SIMILAR ;"1""";pç 
GA-22-04;"ABRAÇADEIRA TIPO ""D"" CIRCULAR, FARICADA EM AÇO GALVANIZADO A FOGO.";POLEODUTO OU SIMILAR ;"1 1/4""";pç 
GA-22-05;"ABRAÇADEIRA TIPO ""D"" CIRCULAR, FARICADA EM AÇO GALVANIZADO A FOGO.";POLEODUTO OU SIMILAR ;"1 1/2""";pç 
GA-22-06;"ABRAÇADEIRA TIPO ""D"" CIRCULAR, FARICADA EM AÇO GALVANIZADO A FOGO.";POLEODUTO OU SIMILAR ;"2""";pç 
GA-22-07;"ABRAÇADEIRA TIPO ""D"" CIRCULAR, FARICADA EM AÇO GALVANIZADO A FOGO.";POLEODUTO OU SIMILAR ;"2 1/2""";pç 
GA-22-08;"ABRAÇADEIRA TIPO ""D"" CIRCULAR, FARICADA EM AÇO GALVANIZADO A FOGO.";POLEODUTO OU SIMILAR ;"3""";pç 
GA-22-09;"ABRAÇADEIRA TIPO ""D"" CIRCULAR, FARICADA EM AÇO GALVANIZADO A FOGO.";POLEODUTO OU SIMILAR ;"4""";pç 
GA-03-01;ABRAÇADEIRA TIPO ÔMEGA , FABRICADA EM AÇO GALVANIZAÇÃO ELETROLÍTICA;POLEODUTO OU SIMILAR ;"1/2""";pç 
GA-03-02;ABRAÇADEIRA TIPO ÔMEGA , FABRICADA EM AÇO GALVANIZAÇÃO ELETROLÍTICA;POLEODUTO OU SIMILAR ;"3/4""";pç 
GA-03-03;ABRAÇADEIRA TIPO ÔMEGA , FABRICADA EM AÇO GALVANIZAÇÃO ELETROLÍTICA;POLEODUTO OU SIMILAR ;"1""";pç 
GA-03-04;ABRAÇADEIRA TIPO ÔMEGA , FABRICADA EM AÇO GALVANIZAÇÃO ELETROLÍTICA;POLEODUTO OU SIMILAR ;"1 1/4""";pç 
GA-03-05;ABRAÇADEIRA TIPO ÔMEGA , FABRICADA EM AÇO GALVANIZAÇÃO ELETROLÍTICA;POLEODUTO OU SIMILAR ;"1 1/2""";pç 
GA-03-06;ABRAÇADEIRA TIPO ÔMEGA , FABRICADA EM AÇO GALVANIZAÇÃO ELETROLÍTICA;POLEODUTO OU SIMILAR ;"2""";pç 
GA-03-07;ABRAÇADEIRA TIPO ÔMEGA , FABRICADA EM AÇO GALVANIZAÇÃO ELETROLÍTICA;POLEODUTO OU SIMILAR ;"2 1/2""";pç 
GA-03-08;ABRAÇADEIRA TIPO ÔMEGA , FABRICADA EM AÇO GALVANIZAÇÃO ELETROLÍTICA;POLEODUTO OU SIMILAR ;"3""";pç 
GA-03-09;ABRAÇADEIRA TIPO ÔMEGA , FABRICADA EM AÇO GALVANIZAÇÃO ELETROLÍTICA;POLEODUTO OU SIMILAR ;"4""";pç 
GA-04-01;ABRAÇADEIRA TIPO UNHA, FABRICADA EM AÇO GALVANIZAÇÃO ELETROLÍTICA.;POLEODUTO OU SIMILAR ;"1/2""";pç 
GA-04-02;ABRAÇADEIRA TIPO UNHA, FABRICADA EM AÇO GALVANIZAÇÃO ELETROLÍTICA.;POLEODUTO OU SIMILAR ;"3/4""";pç 
GA-04-03;ABRAÇADEIRA TIPO UNHA, FABRICADA EM AÇO GALVANIZAÇÃO ELETROLÍTICA.;POLEODUTO OU SIMILAR ;"1""";pç 
GA-04-04;ABRAÇADEIRA TIPO UNHA, FABRICADA EM AÇO GALVANIZAÇÃO ELETROLÍTICA.;POLEODUTO OU SIMILAR ;"1 1/4""";pç 
GA-04-05;ABRAÇADEIRA TIPO UNHA, FABRICADA EM AÇO GALVANIZAÇÃO ELETROLÍTICA.;POLEODUTO OU SIMILAR ;"1 1/2""";pç 
GA-04-06;ABRAÇADEIRA TIPO UNHA, FABRICADA EM AÇO GALVANIZAÇÃO ELETROLÍTICA.;POLEODUTO OU SIMILAR ;"2""";pç 
GA-04-07;ABRAÇADEIRA TIPO UNHA, FABRICADA EM AÇO GALVANIZAÇÃO ELETROLÍTICA.;POLEODUTO OU SIMILAR ;"2 1/2""";pç 
GA-04-08;ABRAÇADEIRA TIPO UNHA, FABRICADA EM AÇO GALVANIZAÇÃO ELETROLÍTICA.;POLEODUTO OU SIMILAR ;"3""";pç 
GA-04-09;ABRAÇADEIRA TIPO UNHA, FABRICADA EM AÇO GALVANIZAÇÃO ELETROLÍTICA.;POLEODUTO OU SIMILAR ;"4""";pç 
IB-02-51;BRAÇO CURVO CURTO COM SAPATA, 15º, PARA INSTALAÇÃO DE LUMINÁRIA EM POSTE, FABRICADO EM AÇO GALVANIZADO.;GRAVIA OU SIMILAR;60,3 x 2000 mm;pç 
RB-DD-01;"BRAÇO TIPO ""C"", FABRICADO EM AÇO ZINCADO A QUENTE, PARA 03 ISOLADORES.";PLP BRASIL OU SIMILAR;;pç 
EB-14-01;BUCHA COM TERMINAL SEXTAVADA PARA ELETRODUTO, EM FERRO FUNDIDO GALVANIZAÇÃO ELETROLÍTICA, COM ROSCA INTERNA.;NUTSTEEL OU SIMILAR;"1/2"" BSP";pç 
EB-14-02;BUCHA COM TERMINAL SEXTAVADA PARA ELETRODUTO, EM FERRO FUNDIDO GALVANIZAÇÃO ELETROLÍTICA, COM ROSCA INTERNA.;NUTSTEEL OU SIMILAR;"3/4"" BSP";pç 
EB-14-03;BUCHA COM TERMINAL SEXTAVADA PARA ELETRODUTO, EM FERRO FUNDIDO GALVANIZAÇÃO ELETROLÍTICA, COM ROSCA INTERNA.;NUTSTEEL OU SIMILAR;"1"" BSP";pç 
EB-14-04;BUCHA COM TERMINAL SEXTAVADA PARA ELETRODUTO, EM FERRO FUNDIDO GALVANIZAÇÃO ELETROLÍTICA, COM ROSCA INTERNA.;NUTSTEEL OU SIMILAR;"1 1/4"" BSP";pç 
EB-14-05;BUCHA COM TERMINAL SEXTAVADA PARA ELETRODUTO, EM FERRO FUNDIDO GALVANIZAÇÃO ELETROLÍTICA, COM ROSCA INTERNA.;NUTSTEEL OU SIMILAR;"1 1/2"" BSP";pç 
EB-14-06;BUCHA COM TERMINAL SEXTAVADA PARA ELETRODUTO, EM FERRO FUNDIDO GALVANIZAÇÃO ELETROLÍTICA, COM ROSCA INTERNA.;NUTSTEEL OU SIMILAR;"2"" BSP";pç 
EB-14-07;BUCHA COM TERMINAL SEXTAVADA PARA ELETRODUTO, EM FERRO FUNDIDO GALVANIZAÇÃO ELETROLÍTICA, COM ROSCA INTERNA.;NUTSTEEL OU SIMILAR;"2 1/2"" BSP";pç 
EB-14-08;BUCHA COM TERMINAL SEXTAVADA PARA ELETRODUTO, EM FERRO FUNDIDO GALVANIZAÇÃO ELETROLÍTICA, COM ROSCA INTERNA.;NUTSTEEL OU SIMILAR;"3"" BSP";pç 
EB-14-09;BUCHA COM TERMINAL SEXTAVADA PARA ELETRODUTO, EM FERRO FUNDIDO GALVANIZAÇÃO ELETROLÍTICA, COM ROSCA INTERNA.;NUTSTEEL OU SIMILAR;"4"" BSP";pç 
EB-44-01;BUCHA COM TERMINAL SEXTAVADA PARA ELETRODUTO, EM FERRO FUNDIDO GALVANIZADO A FOGO, COM ROSCA INTERNA.;NUTSTEEL OU SIMILAR;"1/2"" BSP";pç 
EB-44-02;BUCHA COM TERMINAL SEXTAVADA PARA ELETRODUTO, EM FERRO FUNDIDO GALVANIZADO A FOGO, COM ROSCA INTERNA.;NUTSTEEL OU SIMILAR;"3/4"" BSP";pç 
EB-44-03;BUCHA COM TERMINAL SEXTAVADA PARA ELETRODUTO, EM FERRO FUNDIDO GALVANIZADO A FOGO, COM ROSCA INTERNA.;NUTSTEEL OU SIMILAR;"1"" BSP";pç 
EB-44-04;BUCHA COM TERMINAL SEXTAVADA PARA ELETRODUTO, EM FERRO FUNDIDO GALVANIZADO A FOGO, COM ROSCA INTERNA.;NUTSTEEL OU SIMILAR;"1 1/4"" BSP";pç 
EB-44-05;BUCHA COM TERMINAL SEXTAVADA PARA ELETRODUTO, EM FERRO FUNDIDO GALVANIZADO A FOGO, COM ROSCA INTERNA.;NUTSTEEL OU SIMILAR;"1 1/2"" BSP";pç 
EB-44-06;BUCHA COM TERMINAL SEXTAVADA PARA ELETRODUTO, EM FERRO FUNDIDO GALVANIZADO A FOGO, COM ROSCA INTERNA.;NUTSTEEL OU SIMILAR;"2"" BSP";pç 
EB-44-07;BUCHA COM TERMINAL SEXTAVADA PARA ELETRODUTO, EM FERRO FUNDIDO GALVANIZADO A FOGO, COM ROSCA INTERNA.;NUTSTEEL OU SIMILAR;"2 1/2"" BSP";pç 
EB-44-08;BUCHA COM TERMINAL SEXTAVADA PARA ELETRODUTO, EM FERRO FUNDIDO GALVANIZADO A FOGO, COM ROSCA INTERNA.;NUTSTEEL OU SIMILAR;"3"" BSP";pç 
EB-44-09;BUCHA COM TERMINAL SEXTAVADA PARA ELETRODUTO, EM FERRO FUNDIDO GALVANIZADO A FOGO, COM ROSCA INTERNA.;NUTSTEEL OU SIMILAR;"4"" BSP";pç 
EB-16-01;BUCHA COM TERMINAL TERMINAL ISOLADA SEXTAVADA PARA ELETRODUTO, EM FERRO FUNDIDO GALVANIZAÇÃO ELETROLÍTICA, COM UM ANEL ISOLANTE DE BAQUELITE, COM ROSCA INTERNA;NUTSTELL OU SIMILAR;"1/2"" BSP";pç 
EB-16-02;BUCHA COM TERMINAL TERMINAL ISOLADA SEXTAVADA PARA ELETRODUTO, EM FERRO FUNDIDO GALVANIZAÇÃO ELETROLÍTICA, COM UM ANEL ISOLANTE DE BAQUELITE, COM ROSCA INTERNA;NUTSTELL OU SIMILAR;"3/4"" BSP";pç 
EB-16-03;BUCHA COM TERMINAL TERMINAL ISOLADA SEXTAVADA PARA ELETRODUTO, EM FERRO FUNDIDO GALVANIZAÇÃO ELETROLÍTICA, COM UM ANEL ISOLANTE DE BAQUELITE, COM ROSCA INTERNA;NUTSTELL OU SIMILAR;"1"" BSP";pç 
EB-16-04;BUCHA COM TERMINAL TERMINAL ISOLADA SEXTAVADA PARA ELETRODUTO, EM FERRO FUNDIDO GALVANIZAÇÃO ELETROLÍTICA, COM UM ANEL ISOLANTE DE BAQUELITE, COM ROSCA INTERNA;NUTSTELL OU SIMILAR;"1 1/4"" BSP";pç 
EB-16-05;BUCHA COM TERMINAL TERMINAL ISOLADA SEXTAVADA PARA ELETRODUTO, EM FERRO FUNDIDO GALVANIZAÇÃO ELETROLÍTICA, COM UM ANEL ISOLANTE DE BAQUELITE, COM ROSCA INTERNA;NUTSTELL OU SIMILAR;"1 1/2"" BSP";pç 
EB-16-06;BUCHA COM TERMINAL TERMINAL ISOLADA SEXTAVADA PARA ELETRODUTO, EM FERRO FUNDIDO GALVANIZAÇÃO ELETROLÍTICA, COM UM ANEL ISOLANTE DE BAQUELITE, COM ROSCA INTERNA;NUTSTELL OU SIMILAR;"2"" BSP";pç 
EB-16-07;BUCHA COM TERMINAL TERMINAL ISOLADA SEXTAVADA PARA ELETRODUTO, EM FERRO FUNDIDO GALVANIZAÇÃO ELETROLÍTICA, COM UM ANEL ISOLANTE DE BAQUELITE, COM ROSCA INTERNA;NUTSTELL OU SIMILAR;"2 1/2"" BSP";pç 
EB-16-08;BUCHA COM TERMINAL TERMINAL ISOLADA SEXTAVADA PARA ELETRODUTO, EM FERRO FUNDIDO GALVANIZAÇÃO ELETROLÍTICA, COM UM ANEL ISOLANTE DE BAQUELITE, COM ROSCA INTERNA;NUTSTELL OU SIMILAR;"3"" BSP";pç 
EB-16-09;BUCHA COM TERMINAL TERMINAL ISOLADA SEXTAVADA PARA ELETRODUTO, EM FERRO FUNDIDO GALVANIZAÇÃO ELETROLÍTICA, COM UM ANEL ISOLANTE DE BAQUELITE, COM ROSCA INTERNA;NUTSTELL OU SIMILAR;"4"" BSP";pç 
OL-4N-DF;BUCHA DE EXPANSÃO EM NYLON PARA PARAFUSO DE ROSCA SOBERBA.;POLEODUTO OU SIMILAR;S6;pç 
OL-4N-DG;BUCHA DE EXPANSÃO EM NYLON PARA PARAFUSO DE ROSCA SOBERBA. S8;POLEODUTO OU SIMILAR;S8;pç 
OL-4N-GF;BUCHA DE EXPANSÃO EM NYLON PARA PARAFUSO DE ROSCA SOBERBA.;POLEODUTO OU SIMILAR;S10;pç 
OL-4N-GF;BUCHA DE EXPANSÃO EM NYLON PARA PARAFUSO DE ROSCA SOBERBA.;POLEODUTO OU SIMILAR;S10;pç 
OL-4N-GH;BUCHA DE EXPANSÃO EM NYLON PARA PARAFUSO DE ROSCA SOBERBA.;POLEODUTO OU SIMILAR;S12;pç 
HB-02-21;BUCHA DE REDUÇÃO, FABRICADA EM FERRO FUNDIDO GALVANIZAÇÃO ELETROLÍTICA, COM UMA ROSCA BSP INTERNA E OUTRA BSP EXTERNA.;NUTSTEEL OU SIMILAR;"3/4"" x 1/2"" BSP";pç 
HB-02-31;BUCHA DE REDUÇÃO, FABRICADA EM FERRO FUNDIDO GALVANIZAÇÃO ELETROLÍTICA, COM UMA ROSCA BSP INTERNA E OUTRA BSP EXTERNA.;NUTSTEEL OU SIMILAR;"1"" x 1/2"" BSP";pç 
HB-02-32;BUCHA DE REDUÇÃO, FABRICADA EM FERRO FUNDIDO GALVANIZAÇÃO ELETROLÍTICA, COM UMA ROSCA BSP INTERNA E OUTRA BSP EXTERNA.;NUTSTEEL OU SIMILAR;"1"" x 3/4"" BSP";pç 
HB-02-51;BUCHA DE REDUÇÃO, FABRICADA EM FERRO FUNDIDO GALVANIZAÇÃO ELETROLÍTICA, COM UMA ROSCA BSP INTERNA E OUTRA BSP EXTERNA.;NUTSTEEL OU SIMILAR;"1 1/2"" x 1/2"" BSP";pç 
HB-02-52;BUCHA DE REDUÇÃO, FABRICADA EM FERRO FUNDIDO GALVANIZAÇÃO ELETROLÍTICA, COM UMA ROSCA BSP INTERNA E OUTRA BSP EXTERNA.;NUTSTEEL OU SIMILAR;"1 1/2"" x 3/4"" BSP";pç 
HB-02-53;BUCHA DE REDUÇÃO, FABRICADA EM FERRO FUNDIDO GALVANIZAÇÃO ELETROLÍTICA, COM UMA ROSCA BSP INTERNA E OUTRA BSP EXTERNA.;NUTSTEEL OU SIMILAR;"1 1/2"" x 1"" BSP";pç 
HB-02-61;BUCHA DE REDUÇÃO, FABRICADA EM FERRO FUNDIDO GALVANIZAÇÃO ELETROLÍTICA, COM UMA ROSCA BSP INTERNA E OUTRA BSP EXTERNA.;NUTSTEEL OU SIMILAR;"2"" x 1/2"" BSP";pç 
HB-02-62;BUCHA DE REDUÇÃO, FABRICADA EM FERRO FUNDIDO GALVANIZAÇÃO ELETROLÍTICA, COM UMA ROSCA BSP INTERNA E OUTRA BSP EXTERNA.;NUTSTEEL OU SIMILAR;"2"" x 3/4"" BSP";pç 
HB-02-63;BUCHA DE REDUÇÃO, FABRICADA EM FERRO FUNDIDO GALVANIZAÇÃO ELETROLÍTICA, COM UMA ROSCA BSP INTERNA E OUTRA BSP EXTERNA.;NUTSTEEL OU SIMILAR;"2"" x 1"" BSP";pç 
HB-02-65;BUCHA DE REDUÇÃO, FABRICADA EM FERRO FUNDIDO GALVANIZAÇÃO ELETROLÍTICA, COM UMA ROSCA BSP INTERNA E OUTRA BSP EXTERNA.;NUTSTEEL OU SIMILAR;"2"" x 1 1/2"" BSP";pç 
HB-02-71;BUCHA DE REDUÇÃO, FABRICADA EM FERRO FUNDIDO GALVANIZAÇÃO ELETROLÍTICA, COM UMA ROSCA BSP INTERNA E OUTRA BSP EXTERNA.;NUTSTEEL OU SIMILAR;"2 1/2""x1/2"" BSP";pç 
HB-02-72;BUCHA DE REDUÇÃO, FABRICADA EM FERRO FUNDIDO GALVANIZAÇÃO ELETROLÍTICA, COM UMA ROSCA BSP INTERNA E OUTRA BSP EXTERNA.;NUTSTEEL OU SIMILAR;"2 1/2""x3/4"" BSP";pç 
HB-02-73;BUCHA DE REDUÇÃO, FABRICADA EM FERRO FUNDIDO GALVANIZAÇÃO ELETROLÍTICA, COM UMA ROSCA BSP INTERNA E OUTRA BSP EXTERNA.;NUTSTEEL OU SIMILAR;"2 1/2"" x 1"" BSP";pç 
HB-02-75;BUCHA DE REDUÇÃO, FABRICADA EM FERRO FUNDIDO GALVANIZAÇÃO ELETROLÍTICA, COM UMA ROSCA BSP INTERNA E OUTRA BSP EXTERNA.;NUTSTEEL OU SIMILAR;"2 1/2"" x 1 1/2"" BSP";pç 
HB-02-76;BUCHA DE REDUÇÃO, FABRICADA EM FERRO FUNDIDO GALVANIZAÇÃO ELETROLÍTICA, COM UMA ROSCA BSP INTERNA E OUTRA BSP EXTERNA.;NUTSTEEL OU SIMILAR;"2 1/2"" x 2"" BSP";pç 
HB-02-81;BUCHA DE REDUÇÃO, FABRICADA EM FERRO FUNDIDO GALVANIZAÇÃO ELETROLÍTICA, COM UMA ROSCA BSP INTERNA E OUTRA BSP EXTERNA.;NUTSTEEL OU SIMILAR;"3""x1/2"" BSP";pç 
HB-02-82;BUCHA DE REDUÇÃO, FABRICADA EM FERRO FUNDIDO GALVANIZAÇÃO ELETROLÍTICA, COM UMA ROSCA BSP INTERNA E OUTRA BSP EXTERNA.;NUTSTEEL OU SIMILAR;"3""x3/4"" BSP";pç 
HB-02-83;BUCHA DE REDUÇÃO, FABRICADA EM FERRO FUNDIDO GALVANIZAÇÃO ELETROLÍTICA, COM UMA ROSCA BSP INTERNA E OUTRA BSP EXTERNA.;NUTSTEEL OU SIMILAR;"3""x1"" BSP";pç 
HB-02-85;BUCHA DE REDUÇÃO, FABRICADA EM FERRO FUNDIDO GALVANIZAÇÃO ELETROLÍTICA, COM UMA ROSCA BSP INTERNA E OUTRA BSP EXTERNA.;NUTSTEEL OU SIMILAR;"3"" x 1 1/2"" BSP";pç 
HB-02-86;BUCHA DE REDUÇÃO, FABRICADA EM FERRO FUNDIDO GALVANIZAÇÃO ELETROLÍTICA, COM UMA ROSCA BSP INTERNA E OUTRA BSP EXTERNA.;NUTSTEEL OU SIMILAR;"3"" x 2"" BSP";pç 
HB-02-87;BUCHA DE REDUÇÃO, FABRICADA EM FERRO FUNDIDO GALVANIZAÇÃO ELETROLÍTICA, COM UMA ROSCA BSP INTERNA E OUTRA BSP EXTERNA.;NUTSTEEL OU SIMILAR;"3"" x 2 1/2"" BSP";pç 
HB-02-91;BUCHA DE REDUÇÃO, FABRICADA EM FERRO FUNDIDO GALVANIZAÇÃO ELETROLÍTICA, COM UMA ROSCA BSP INTERNA E OUTRA BSP EXTERNA.;NUTSTEEL OU SIMILAR;"4""x1/2"" BSP";pç 
HB-02-92;BUCHA DE REDUÇÃO, FABRICADA EM FERRO FUNDIDO GALVANIZAÇÃO ELETROLÍTICA, COM UMA ROSCA BSP INTERNA E OUTRA BSP EXTERNA.;NUTSTEEL OU SIMILAR;"4""x3/4"" BSP";pç 
HB-02-93;BUCHA DE REDUÇÃO, FABRICADA EM FERRO FUNDIDO GALVANIZAÇÃO ELETROLÍTICA, COM UMA ROSCA BSP INTERNA E OUTRA BSP EXTERNA.;NUTSTEEL OU SIMILAR;"4""x1"" BSP";pç 
HB-02-95;BUCHA DE REDUÇÃO, FABRICADA EM FERRO FUNDIDO GALVANIZAÇÃO ELETROLÍTICA, COM UMA ROSCA BSP INTERNA E OUTRA BSP EXTERNA.;NUTSTEEL OU SIMILAR;"4""x1 1/2"" BSP";pç 
HB-02-96;BUCHA DE REDUÇÃO, FABRICADA EM FERRO FUNDIDO GALVANIZAÇÃO ELETROLÍTICA, COM UMA ROSCA BSP INTERNA E OUTRA BSP EXTERNA.;NUTSTEEL OU SIMILAR;"4""x2"" BSP";pç 
HB-02-97;BUCHA DE REDUÇÃO, FABRICADA EM FERRO FUNDIDO GALVANIZAÇÃO ELETROLÍTICA, COM UMA ROSCA BSP INTERNA E OUTRA BSP EXTERNA.;NUTSTEEL OU SIMILAR;"4""x2 1/2"" BSP";pç 
HB-02-98;BUCHA DE REDUÇÃO, FABRICADA EM FERRO FUNDIDO GALVANIZAÇÃO ELETROLÍTICA, COM UMA ROSCA BSP INTERNA E OUTRA BSP EXTERNA.;NUTSTEEL OU SIMILAR;"4""x3"" BSP";pç 
HB-22-21;BUCHA DE REDUÇÃO, FABRICADA EM FERRO FUNDIDO GALVANIZADO A FOGO, COM UMA ROSCA INTERNA E OUTRA EXTERNA.;NUTSTEEL OU SIMILAR;"3/4"" x 1/2"" BSP";pç 
HB-22-31;BUCHA DE REDUÇÃO, FABRICADA EM FERRO FUNDIDO GALVANIZADO A FOGO, COM UMA ROSCA INTERNA E OUTRA EXTERNA.;NUTSTEEL OU SIMILAR;"1"" x 1/2"" BSP";pç 
HB-22-32;"BUCHA DE REDUÇÃO, FABRICADA EM FERRO FUNDIDO GALVANIZADO A FOGO, COM UMA ROSCA INTERNA E OUTRA EXTERNA. 1"" x 3/4"" BSP";NUTSTEEL OU SIMILAR;"1"" x 3/4"" BSP";pç 
HB-22-51;BUCHA DE REDUÇÃO, FABRICADA EM FERRO FUNDIDO GALVANIZADO A FOGO, COM UMA ROSCA INTERNA E OUTRA EXTERNA.;NUTSTEEL OU SIMILAR;"1 1/2"" x 1/2"" BSP";pç 
HB-22-52;BUCHA DE REDUÇÃO, FABRICADA EM FERRO FUNDIDO GALVANIZADO A FOGO, COM UMA ROSCA INTERNA E OUTRA EXTERNA.;NUTSTEEL OU SIMILAR;"1 1/2"" x 3/4"" BSP";pç 
HB-22-53;BUCHA DE REDUÇÃO, FABRICADA EM FERRO FUNDIDO GALVANIZADO A FOGO, COM UMA ROSCA INTERNA E OUTRA EXTERNA.;NUTSTEEL OU SIMILAR;"1 1/2"" x 1"" BSP";pç 
HB-22-61;BUCHA DE REDUÇÃO, FABRICADA EM FERRO FUNDIDO GALVANIZADO A FOGO, COM UMA ROSCA INTERNA E OUTRA EXTERNA.;NUTSTEEL OU SIMILAR;"2"" x 1/2"" BSP";pç 
HB-22-62;BUCHA DE REDUÇÃO, FABRICADA EM FERRO FUNDIDO GALVANIZADO A FOGO, COM UMA ROSCA INTERNA E OUTRA EXTERNA.;NUTSTEEL OU SIMILAR;"2"" x 3/4"" BSP";pç 
HB-22-63;BUCHA DE REDUÇÃO, FABRICADA EM FERRO FUNDIDO GALVANIZADO A FOGO, COM UMA ROSCA INTERNA E OUTRA EXTERNA.;NUTSTEEL OU SIMILAR;"2"" x 1"" BSP";pç 
HB-22-65;BUCHA DE REDUÇÃO, FABRICADA EM FERRO FUNDIDO GALVANIZADO A FOGO, COM UMA ROSCA INTERNA E OUTRA EXTERNA.;NUTSTEEL OU SIMILAR;"2"" x 1 1/2"" BSP";pç 
HB-22-71;BUCHA DE REDUÇÃO, FABRICADA EM FERRO FUNDIDO GALVANIZADO A FOGO, COM UMA ROSCA INTERNA E OUTRA EXTERNA.;NUTSTEEL OU SIMILAR;"2 1/2""x1/2"" BSP";pç 
HB-22-72;BUCHA DE REDUÇÃO, FABRICADA EM FERRO FUNDIDO GALVANIZADO A FOGO, COM UMA ROSCA INTERNA E OUTRA EXTERNA.;NUTSTEEL OU SIMILAR;"2 1/2""x3/4"" BSP";pç 
HB-22-73;BUCHA DE REDUÇÃO, FABRICADA EM FERRO FUNDIDO GALVANIZADO A FOGO, COM UMA ROSCA INTERNA E OUTRA EXTERNA.;NUTSTEEL OU SIMILAR;"2 1/2"" x 1"" BSP";pç 
HB-22-75;BUCHA DE REDUÇÃO, FABRICADA EM FERRO FUNDIDO GALVANIZADO A FOGO, COM UMA ROSCA INTERNA E OUTRA EXTERNA.;NUTSTEEL OU SIMILAR;"2 1/2"" x 1 1/2"" BSP";pç 
HB-22-76;BUCHA DE REDUÇÃO, FABRICADA EM FERRO FUNDIDO GALVANIZADO A FOGO, COM UMA ROSCA INTERNA E OUTRA EXTERNA.;NUTSTEEL OU SIMILAR;"2 1/2"" x 2"" BSP";pç 
HB-22-81;BUCHA DE REDUÇÃO, FABRICADA EM FERRO FUNDIDO GALVANIZADO A FOGO, COM UMA ROSCA INTERNA E OUTRA EXTERNA.;NUTSTEEL OU SIMILAR;"3""x1/2"" BSP";pç 
HB-22-82;BUCHA DE REDUÇÃO, FABRICADA EM FERRO FUNDIDO GALVANIZADO A FOGO, COM UMA ROSCA INTERNA E OUTRA EXTERNA.;NUTSTEEL OU SIMILAR;"3""x3/4"" BSP";pç 
HB-22-83;BUCHA DE REDUÇÃO, FABRICADA EM FERRO FUNDIDO GALVANIZADO A FOGO, COM UMA ROSCA INTERNA E OUTRA EXTERNA.;NUTSTEEL OU SIMILAR;"3""x1"" BSP";pç 
HB-22-85;BUCHA DE REDUÇÃO, FABRICADA EM FERRO FUNDIDO GALVANIZADO A FOGO, COM UMA ROSCA INTERNA E OUTRA EXTERNA.;NUTSTEEL OU SIMILAR;"3"" x 1 1/2"" BSP";pç 
HB-22-86;BUCHA DE REDUÇÃO, FABRICADA EM FERRO FUNDIDO GALVANIZADO A FOGO, COM UMA ROSCA INTERNA E OUTRA EXTERNA.;NUTSTEEL OU SIMILAR;"3"" x 2"" BSP";pç 
HB-22-87;BUCHA DE REDUÇÃO, FABRICADA EM FERRO FUNDIDO GALVANIZADO A FOGO, COM UMA ROSCA INTERNA E OUTRA EXTERNA.;NUTSTEEL OU SIMILAR;"3"" x 2 1/2"" BSP";pç 
HB-22-91;BUCHA DE REDUÇÃO, FABRICADA EM FERRO FUNDIDO GALVANIZADO A FOGO, COM UMA ROSCA INTERNA E OUTRA EXTERNA.;NUTSTEEL OU SIMILAR;"4""x1/2"" BSP";pç 
HB-22-92;BUCHA DE REDUÇÃO, FABRICADA EM FERRO FUNDIDO GALVANIZADO A FOGO, COM UMA ROSCA INTERNA E OUTRA EXTERNA.;NUTSTEEL OU SIMILAR;"4""x3/4"" BSP";pç 
HB-22-93;BUCHA DE REDUÇÃO, FABRICADA EM FERRO FUNDIDO GALVANIZADO A FOGO, COM UMA ROSCA INTERNA E OUTRA EXTERNA.;NUTSTEEL OU SIMILAR;"4""x1"" BSP";pç 
HB-22-95;BUCHA DE REDUÇÃO, FABRICADA EM FERRO FUNDIDO GALVANIZADO A FOGO, COM UMA ROSCA INTERNA E OUTRA EXTERNA.;NUTSTEEL OU SIMILAR;"4""x1 1/2"" BSP";pç 
HB-22-96;BUCHA DE REDUÇÃO, FABRICADA EM FERRO FUNDIDO GALVANIZADO A FOGO, COM UMA ROSCA INTERNA E OUTRA EXTERNA.;NUTSTEEL OU SIMILAR;"4""x2"" BSP";pç 
HB-22-97;BUCHA DE REDUÇÃO, FABRICADA EM FERRO FUNDIDO GALVANIZADO A FOGO, COM UMA ROSCA INTERNA E OUTRA EXTERNA.;NUTSTEEL OU SIMILAR;"4""x2 1/2"" BSP";pç 
HB-22-98;BUCHA DE REDUÇÃO, FABRICADA EM FERRO FUNDIDO GALVANIZADO A FOGO, COM UMA ROSCA INTERNA E OUTRA EXTERNA.;NUTSTEEL OU SIMILAR;"4""x3"" BSP";pç 
EB-13-01;BUCHA SEXTAVADA PARA ELETRODUTO, EM FERRO FUNDIDO,  GALVANIZAÇÃO ELETROLÍTICA COM ROSCA INTERNA.;NUTSTEEL OU SIMILAR;"1/2"" BSP";pç 
EB-13-02;BUCHA SEXTAVADA PARA ELETRODUTO, EM FERRO FUNDIDO,  GALVANIZAÇÃO ELETROLÍTICA COM ROSCA INTERNA.;NUTSTEEL OU SIMILAR;"3/4"" BSP";pç 
EB-13-03;BUCHA SEXTAVADA PARA ELETRODUTO, EM FERRO FUNDIDO,  GALVANIZAÇÃO ELETROLÍTICA COM ROSCA INTERNA.;NUTSTEEL OU SIMILAR;"1"" BSP";pç 
EB-13-04;BUCHA SEXTAVADA PARA ELETRODUTO, EM FERRO FUNDIDO,  GALVANIZAÇÃO ELETROLÍTICA COM ROSCA INTERNA.;NUTSTEEL OU SIMILAR;"1 1/4"" BSP";pç 
EB-13-05;BUCHA SEXTAVADA PARA ELETRODUTO, EM FERRO FUNDIDO,  GALVANIZAÇÃO ELETROLÍTICA COM ROSCA INTERNA.;NUTSTEEL OU SIMILAR;"1 1/2"" BSP";pç 
EB-13-06;BUCHA SEXTAVADA PARA ELETRODUTO, EM FERRO FUNDIDO,  GALVANIZAÇÃO ELETROLÍTICA COM ROSCA INTERNA.;NUTSTEEL OU SIMILAR;"2"" BSP";pç 
EB-13-07;BUCHA SEXTAVADA PARA ELETRODUTO, EM FERRO FUNDIDO,  GALVANIZAÇÃO ELETROLÍTICA COM ROSCA INTERNA.;NUTSTEEL OU SIMILAR;"2 1/2"" BSP";pç 
EB-13-08;BUCHA SEXTAVADA PARA ELETRODUTO, EM FERRO FUNDIDO,  GALVANIZAÇÃO ELETROLÍTICA COM ROSCA INTERNA.;NUTSTEEL OU SIMILAR;"3"" BSP";pç 
EB-13-09;BUCHA SEXTAVADA PARA ELETRODUTO, EM FERRO FUNDIDO,  GALVANIZAÇÃO ELETROLÍTICA COM ROSCA INTERNA.;NUTSTEEL OU SIMILAR;"4"" BSP";pç 
EB-43-01;BUCHA SEXTAVADA PARA ELETRODUTO, EM FERRO FUNDIDO,  GALVANIZADO A FOGO COM ROSCA INTERNA.;NUTSTEEL OU SIMILAR;"1/2"" BSP";pç 
EB-43-02;BUCHA SEXTAVADA PARA ELETRODUTO, EM FERRO FUNDIDO,  GALVANIZADO A FOGO COM ROSCA INTERNA.;NUTSTEEL OU SIMILAR;"3/4"" BSP";pç 
EB-43-03;BUCHA SEXTAVADA PARA ELETRODUTO, EM FERRO FUNDIDO,  GALVANIZADO A FOGO COM ROSCA INTERNA.;NUTSTEEL OU SIMILAR;"1"" BSP";pç 
EB-43-04;BUCHA SEXTAVADA PARA ELETRODUTO, EM FERRO FUNDIDO,  GALVANIZADO A FOGO COM ROSCA INTERNA.;NUTSTEEL OU SIMILAR;"1 1/4"" BSP";pç 
EB-43-05;BUCHA SEXTAVADA PARA ELETRODUTO, EM FERRO FUNDIDO,  GALVANIZADO A FOGO COM ROSCA INTERNA.;NUTSTEEL OU SIMILAR;"1 1/2"" BSP";pç 
EB-43-06;BUCHA SEXTAVADA PARA ELETRODUTO, EM FERRO FUNDIDO,  GALVANIZADO A FOGO COM ROSCA INTERNA.;NUTSTEEL OU SIMILAR;"2"" BSP";pç 
EB-43-07;BUCHA SEXTAVADA PARA ELETRODUTO, EM FERRO FUNDIDO,  GALVANIZADO A FOGO COM ROSCA INTERNA.;NUTSTEEL OU SIMILAR;"2 1/2"" BSP";pç 
EB-43-08;BUCHA SEXTAVADA PARA ELETRODUTO, EM FERRO FUNDIDO,  GALVANIZADO A FOGO COM ROSCA INTERNA.;NUTSTEEL OU SIMILAR;"3"" BSP";pç 
EB-43-09;BUCHA SEXTAVADA PARA ELETRODUTO, EM FERRO FUNDIDO,  GALVANIZADO A FOGO COM ROSCA INTERNA.;NUTSTEEL OU SIMILAR;"4"" BSP";pç 
EB-17-01;BUCHA SEXTAVADA PARA ELETRODUTO, FABRICADA EM BAQUELITE. COM ROSCA INTERNA.;NUTSTEEL OU SIMILAR;"1/2"" BSP";pç 
EB-17-02;BUCHA SEXTAVADA PARA ELETRODUTO, FABRICADA EM BAQUELITE. COM ROSCA INTERNA.;NUTSTEEL OU SIMILAR;"3/4"" BSP";pç 
EB-17-03;BUCHA SEXTAVADA PARA ELETRODUTO, FABRICADA EM BAQUELITE. COM ROSCA INTERNA.;NUTSTEEL OU SIMILAR;"1"" BSP";pç 
EB-17-04;BUCHA SEXTAVADA PARA ELETRODUTO, FABRICADA EM BAQUELITE. COM ROSCA INTERNA.;NUTSTEEL OU SIMILAR;"1 1/4"" BSP";pç 
EB-17-05;BUCHA SEXTAVADA PARA ELETRODUTO, FABRICADA EM BAQUELITE. COM ROSCA INTERNA.;NUTSTEEL OU SIMILAR;"1 1/2"" BSP";pç 
EB-17-06;BUCHA SEXTAVADA PARA ELETRODUTO, FABRICADA EM BAQUELITE. COM ROSCA INTERNA.;NUTSTEEL OU SIMILAR;"2"" BSP";pç 
EB-17-07;BUCHA SEXTAVADA PARA ELETRODUTO, FABRICADA EM BAQUELITE. COM ROSCA INTERNA.;NUTSTEEL OU SIMILAR;"2 1/2"" BSP";pç 
EB-17-08;BUCHA SEXTAVADA PARA ELETRODUTO, FABRICADA EM BAQUELITE. COM ROSCA INTERNA.;NUTSTEEL OU SIMILAR;"3"" BSP";pç 
EB-17-09;BUCHA SEXTAVADA PARA ELETRODUTO, FABRICADA EM BAQUELITE. COM ROSCA INTERNA.;NUTSTEEL OU SIMILAR;"4""      BSP";pç 
EB-20-03;CABEÇOTE PARA ENTRADA DE LINHA PARA ELETRODUTO, FABRICADO EM LIGA DE ALUMÍNIO, COM BUCHA DE MATERIAL ISOLANTE, COM ROSCA INTERNA.;NUTSTEEL OU SIMILAR;"1"" BSP";pç 
EB-20-06;CABEÇOTE PARA ENTRADA DE LINHA PARA ELETRODUTO, FABRICADO EM LIGA DE ALUMÍNIO, COM BUCHA DE MATERIAL ISOLANTE, COM ROSCA INTERNA.;NUTSTEEL OU SIMILAR;"2"" BSP";pç 
EB-20-09;CABEÇOTE PARA ENTRADA DE LINHA PARA ELETRODUTO, FABRICADO EM LIGA DE ALUMÍNIO, COM BUCHA DE MATERIAL ISOLANTE, COM ROSCA INTERNA.;NUTSTEEL OU SIMILAR;"4"" BSP";pç 
RA-03-54;CABO DE AÇO  ALTA RESISTÊNCIA, FORMAÇÃO COM 7 FIOS;CIMAF OU SIMILAR;"5/16""";m 
RA-01-51;CABO DE AÇO DE 19 FIOS DE AÇO (1+6/12) GALVANIZADAS A FRIO.;CIMAF OU SIMILAR;"1/2""";pç 
RA-01-52;CABO DE AÇO DE 19 FIOS DE AÇO (1+6/12) GALVANIZADAS A FRIO.;CIMAF OU SIMILAR;"9/16""";pç 
RA-03-51;CABO DE AÇO DE 7 FIOS DE AÇO (1+6) GALVANIZADAS A FRIO.;CIMAF OU SIMILAR;"3/16""";m 
RA-03-52;CABO DE AÇO DE 7 FIOS DE AÇO (1+6) GALVANIZADAS A FRIO.;CIMAF OU SIMILAR;"1/4""";m 
RA-03-53;CABO DE AÇO DE 7 FIOS DE AÇO (1+6) GALVANIZADAS A FRIO.;CIMAF OU SIMILAR;"5/16""";m 
RA-08-52;CABO DE AÇO/COBRE, PARA ATERRAMENTO DE ESTRUTURAS, FORMAÇÃO COM 19 FIOS, SENDO SUA COMPOSIÇÃO NAS SEGUINTES PROPORÇÕES: 65% DE AÇO E 35% DE COBRE.;COPPERSTEEL  OU SIMILAR;25mm2;m 
RA-08-53;CABO DE AÇO/COBRE, PARA ATERRAMENTO DE ESTRUTURAS, FORMAÇÃO COM 19 FIOS, SENDO SUA COMPOSIÇÃO NAS SEGUINTES PROPORÇÕES: 65% DE AÇO E 35% DE COBRE.;COPPERSTEEL  OU SIMILAR;35mm2;m 
RA-08-54;CABO DE AÇO/COBRE, PARA ATERRAMENTO DE ESTRUTURAS, FORMAÇÃO COM 19 FIOS, SENDO SUA COMPOSIÇÃO NAS SEGUINTES PROPORÇÕES: 65% DE AÇO E 35% DE COBRE.;COPPERSTEEL  OU SIMILAR;50mm2;m 
RA-08-55;CABO DE AÇO/COBRE, PARA ATERRAMENTO DE ESTRUTURAS, FORMAÇÃO COM 19 FIOS, SENDO SUA COMPOSIÇÃO NAS SEGUINTES PROPORÇÕES: 65% DE AÇO E 35% DE COBRE.;COPPERSTEEL  OU SIMILAR;70mm2;m 
RA-08-56;CABO DE AÇO/COBRE, PARA ATERRAMENTO DE ESTRUTURAS, FORMAÇÃO COM 19 FIOS, SENDO SUA COMPOSIÇÃO NAS SEGUINTES PROPORÇÕES: 65% DE AÇO E 35% DE COBRE.;COPPERSTEEL  OU SIMILAR;95mm2;m 
RA-08-51;CABO DE AÇO/COBRE, PARA ATERRAMENTO DE ESTRUTURAS, FORMAÇÃO COM 19 FIOS, SENDO SUA COMPOSIÇÃO NAS SEGUINTES PROPORÇÕES: 65% DE AÇO E 35% DE COBRE.;COPPERSTEEL  OU SIMILAR;16mm2;m 
SC-02-A1;CABO DE COBRE FLEXIVEL MULTIPLO, TÊMPERA MOLE, ISOLAÇÃO EM PVC 70ºC ANTICHAMA, EM CORES DIFERENTES 750V, ENCORDOAMENTO CLASSE 5 E COBERTURA EM PVC NA COR PRETA;PRYSMIAN OU SIMILAR;1x2C 1.5 mm2;m 
SC-02-A2;CABO DE COBRE FLEXIVEL MULTIPLO, TÊMPERA MOLE, ISOLAÇÃO EM PVC 70ºC ANTICHAMA, EM CORES DIFERENTES 750V, ENCORDOAMENTO CLASSE 5 E COBERTURA EM PVC NA COR PRETA;PRYSMIAN OU SIMILAR;1x2C 2,5 mm2;m 
SC-02-A3;CABO DE COBRE FLEXIVEL MULTIPLO, TÊMPERA MOLE, ISOLAÇÃO EM PVC 70ºC ANTICHAMA, EM CORES DIFERENTES 750V, ENCORDOAMENTO CLASSE 5 E COBERTURA EM PVC NA COR PRETA;PRYSMIAN OU SIMILAR;1x2C 4 mm2;m 
SC-03-A1;CABO DE COBRE FLEXIVEL MULTIPLO, TÊMPERA MOLE, ISOLAÇÃO EM PVC 70ºC ANTICHAMA, EM CORES DIFERENTES 750V, ENCORDOAMENTO CLASSE 5 E COBERTURA EM PVC NA COR PRETA;PRYSMIAN OU SIMILAR;1x3C 1,5 mm2;m 
SC-03-A2;CABO DE COBRE FLEXIVEL MULTIPLO, TÊMPERA MOLE, ISOLAÇÃO EM PVC 70ºC ANTICHAMA, EM CORES DIFERENTES 750V, ENCORDOAMENTO CLASSE 5 E COBERTURA EM PVC NA COR PRETA;PRYSMIAN OU SIMILAR;1x3C2,5 mm2;m 
SC-04-A2;CABO DE COBRE FLEXIVEL MULTIPLO, TÊMPERA MOLE, ISOLAÇÃO EM PVC 70ºC ANTICHAMA, EM CORES DIFERENTES 750V, ENCORDOAMENTO CLASSE 5 E COBERTURA EM PVC NA COR PRETA;PRYSMIAN OU SIMILAR;1 x 4C2,5 mm2;m 
SC-04-A3;CABO DE COBRE FLEXIVEL MULTIPLO, TÊMPERA MOLE, ISOLAÇÃO EM PVC 70ºC ANTICHAMA, EM CORES DIFERENTES 750V, ENCORDOAMENTO CLASSE 5 E COBERTURA EM PVC NA COR PRETA;PRYSMIAN OU SIMILAR;1 x 4C4 mm2;m 
SC-04-A4;CABO DE COBRE FLEXIVEL MULTIPLO, TÊMPERA MOLE, ISOLAÇÃO EM PVC 70ºC ANTICHAMA, EM CORES DIFERENTES 750V, ENCORDOAMENTO CLASSE 5 E COBERTURA EM PVC NA COR PRETA;PRYSMIAN OU SIMILAR;1 x 4C6 mm2;m 
SC-04-A5;CABO DE COBRE FLEXIVEL MULTIPLO, TÊMPERA MOLE, ISOLAÇÃO EM PVC 70ºC ANTICHAMA, EM CORES DIFERENTES 750V, ENCORDOAMENTO CLASSE 5 E COBERTURA EM PVC NA COR PRETA;PRYSMIAN OU SIMILAR;1 x 4C10 mm2;m 
AP-03-A2;CABO DE COBRE NU, TÊMPERA MEIA DURA, FORMAÇÃO 7  FIOS, ENCORDOAMENTO CLASSE 2, NBR 7575;ALCOA OU SIMILAR;2,5mm2;m 
AP-03-A3;CABO DE COBRE NU, TÊMPERA MEIA DURA, FORMAÇÃO 7  FIOS, ENCORDOAMENTO CLASSE 2, NBR 7575;ALCOA OU SIMILAR;4mm2;m 
AP-03-A4;CABO DE COBRE NU, TÊMPERA MEIA DURA, FORMAÇÃO 7  FIOS, ENCORDOAMENTO CLASSE 2, NBR 7575;ALCOA OU SIMILAR;6mm2;m 
AP-03-A5;CABO DE COBRE NU, TÊMPERA MEIA DURA, FORMAÇÃO 7  FIOS, ENCORDOAMENTO CLASSE 2, NBR 7575;ALCOA OU SIMILAR;10mm2;m 
AP-03-A6;CABO DE COBRE NU, TÊMPERA MEIA DURA, FORMAÇÃO 7  FIOS, ENCORDOAMENTO CLASSE 2, NBR 7575;ALCOA OU SIMILAR;16mm2;m 
AP-03-A7;CABO DE COBRE NU, TÊMPERA MEIA DURA, FORMAÇÃO 7  FIOS, ENCORDOAMENTO CLASSE 2, NBR 7575;ALCOA OU SIMILAR;25 mm2;m 
AP-03-B1;CABO DE COBRE NU, TÊMPERA MEIA DURA, FORMAÇÃO 7  FIOS, ENCORDOAMENTO CLASSE 2, NBR 7575;ALCOA OU SIMILAR;35 mm2;m 
AP-03-B2;CABO DE COBRE NU, TÊMPERA MEIA DURA, FORMAÇÃO 19  FIOS, ENCORDOAMENTO CLASSE 2, NBR 7575;ALCOA OU SIMILAR;50 mm2;m 
AP-03-B3;CABO DE COBRE NU, TÊMPERA MEIA DURA, FORMAÇÃO 19  FIOS, ENCORDOAMENTO CLASSE 2, NBR 7575;ALCOA OU SIMILAR;70 mm2;m 
AP-03-B4;CABO DE COBRE NU, TÊMPERA MEIA DURA, FORMAÇÃO 19  FIOS, ENCORDOAMENTO CLASSE 2, NBR 7575;ALCOA OU SIMILAR;95 mm2;m 
AP-03-C1;CABO DE COBRE NU, TÊMPERA MEIA DURA, FORMAÇÃO 19  FIOS, ENCORDOAMENTO CLASSE 2, NBR 7575;ALCOA OU SIMILAR;120 mm2;m 
SA-11-A2;CABO DE COBRE NU, TÊMPERA MOLE, ISOLAÇÃO DUPLA CAMADA EM COMPOSTO TERMOPLÁSTICO PVC 85ºC ANTICHAMA, SEM CHUMBO, NA COR AZUL-CLARO, 450/750V, ENCORDOAMENTO CLASSE 5.;PRYSMIAN OU SIMILAR;2,5mm2;m 
SA-11-A3;CABO DE COBRE NU, TÊMPERA MOLE, ISOLAÇÃO DUPLA CAMADA EM COMPOSTO TERMOPLÁSTICO PVC 85ºC ANTICHAMA, SEM CHUMBO, NA COR AZUL-CLARO, 450/750V, ENCORDOAMENTO CLASSE 5.;PRYSMIAN OU SIMILAR;4mm2;m 
SA-11-A4;CABO DE COBRE NU, TÊMPERA MOLE, ISOLAÇÃO DUPLA CAMADA EM COMPOSTO TERMOPLÁSTICO PVC 85ºC ANTICHAMA, SEM CHUMBO, NA COR AZUL-CLARO, 450/750V, ENCORDOAMENTO CLASSE 5.;PRYSMIAN OU SIMILAR;6mm2;m 
SA-11-A5;CABO DE COBRE NU, TÊMPERA MOLE, ISOLAÇÃO DUPLA CAMADA EM COMPOSTO TERMOPLÁSTICO PVC 85ºC ANTICHAMA, SEM CHUMBO, NA COR AZUL-CLARO, 450/750V, ENCORDOAMENTO CLASSE 5.;PRYSMIAN OU SIMILAR;10mm2;m 
SA-11-A6;CABO DE COBRE NU, TÊMPERA MOLE, ISOLAÇÃO DUPLA CAMADA EM COMPOSTO TERMOPLÁSTICO PVC 85ºC ANTICHAMA, SEM CHUMBO, NA COR AZUL-CLARO, 450/750V, ENCORDOAMENTO CLASSE 5.;PRYSMIAN OU SIMILAR;16mm2;m 
SA-05-A1;CABO DE COBRE NU, TÊMPERA MOLE, ISOLAÇÃO DUPLA CAMADA EM COMPOSTO TERMOPLÁSTICO PVC 85ºC ANTICHAMA, SEM CHUMBO, NA COR BRANCA, 450/750V, ENCORDOAMENTO CLASSE 5.;PRYSMIAN OU SIMILAR;1,5 mm2;m 
SA-05-A2;CABO DE COBRE NU, TÊMPERA MOLE, ISOLAÇÃO DUPLA CAMADA EM COMPOSTO TERMOPLÁSTICO PVC 85ºC ANTICHAMA, SEM CHUMBO, NA COR BRANCA, 450/750V, ENCORDOAMENTO CLASSE 5.;PRYSMIAN OU SIMILAR;2,5 mm2;m 
SA-05-A3;CABO DE COBRE NU, TÊMPERA MOLE, ISOLAÇÃO DUPLA CAMADA EM COMPOSTO TERMOPLÁSTICO PVC 85ºC ANTICHAMA, SEM CHUMBO, NA COR BRANCA, 450/750V, ENCORDOAMENTO CLASSE 5.;PRYSMIAN OU SIMILAR;4 mm2;m 
SA-05-A4;CABO DE COBRE NU, TÊMPERA MOLE, ISOLAÇÃO DUPLA CAMADA EM COMPOSTO TERMOPLÁSTICO PVC 85ºC ANTICHAMA, SEM CHUMBO, NA COR BRANCA, 450/750V, ENCORDOAMENTO CLASSE 5.;PRYSMIAN OU SIMILAR;6 mm2;m 
SA-05-A5;CABO DE COBRE NU, TÊMPERA MOLE, ISOLAÇÃO DUPLA CAMADA EM COMPOSTO TERMOPLÁSTICO PVC 85ºC ANTICHAMA, SEM CHUMBO, NA COR BRANCA, 450/750V, ENCORDOAMENTO CLASSE 5.;PRYSMIAN OU SIMILAR;10 mm2;m 
SA-05-A6;CABO DE COBRE NU, TÊMPERA MOLE, ISOLAÇÃO DUPLA CAMADA EM COMPOSTO TERMOPLÁSTICO PVC 85ºC ANTICHAMA, SEM CHUMBO, NA COR BRANCA, 450/750V, ENCORDOAMENTO CLASSE 5.;PRYSMIAN OU SIMILAR;16 mm2;m 
SA-06-A2;CABO DE COBRE NU, TÊMPERA MOLE, ISOLAÇÃO DUPLA CAMADA EM COMPOSTO TERMOPLÁSTICO PVC 85ºC ANTICHAMA, SEM CHUMBO, NA COR CINZA, 450/750V, ENCORDOAMENTO CLASSE 5.;PRYSMIAN OU SIMILAR;2,5 mm2;m 
SA-06-A3;CABO DE COBRE NU, TÊMPERA MOLE, ISOLAÇÃO DUPLA CAMADA EM COMPOSTO TERMOPLÁSTICO PVC 85ºC ANTICHAMA, SEM CHUMBO, NA COR CINZA, 450/750V, ENCORDOAMENTO CLASSE 5.;PRYSMIAN OU SIMILAR;4 mm2;m 
SA-06-A4;CABO DE COBRE NU, TÊMPERA MOLE, ISOLAÇÃO DUPLA CAMADA EM COMPOSTO TERMOPLÁSTICO PVC 85ºC ANTICHAMA, SEM CHUMBO, NA COR CINZA, 450/750V, ENCORDOAMENTO CLASSE 5.;PRYSMIAN OU SIMILAR;6 mm2;m 
SA-06-A5;CABO DE COBRE NU, TÊMPERA MOLE, ISOLAÇÃO DUPLA CAMADA EM COMPOSTO TERMOPLÁSTICO PVC 85ºC ANTICHAMA, SEM CHUMBO, NA COR CINZA, 450/750V, ENCORDOAMENTO CLASSE 5.;PRYSMIAN OU SIMILAR;10 mm2;m 
SA-01-A1;CABO DE COBRE NU, TÊMPERA MOLE, ISOLAÇÃO DUPLA CAMADA EM COMPOSTO TERMOPLÁSTICO PVC 85ºC ANTICHAMA, SEM CHUMBO, NA COR PRETA, 450/750V, ENCORDOAMENTO CLASSE 5.;PRYSMIAN OU SIMILAR;1,5 mm2;m 
SA-01-A2;CABO DE COBRE NU, TÊMPERA MOLE, ISOLAÇÃO DUPLA CAMADA EM COMPOSTO TERMOPLÁSTICO PVC 85ºC ANTICHAMA, SEM CHUMBO, NA COR PRETA, 450/750V, ENCORDOAMENTO CLASSE 5.;PRYSMIAN OU SIMILAR;2,5 mm2;m 
SA-01-A3;CABO DE COBRE NU, TÊMPERA MOLE, ISOLAÇÃO DUPLA CAMADA EM COMPOSTO TERMOPLÁSTICO PVC 85ºC ANTICHAMA, SEM CHUMBO, NA COR PRETA, 450/750V, ENCORDOAMENTO CLASSE 5.;PRYSMIAN OU SIMILAR;4 mm2;m 
SA-01-A4;CABO DE COBRE NU, TÊMPERA MOLE, ISOLAÇÃO DUPLA CAMADA EM COMPOSTO TERMOPLÁSTICO PVC 85ºC ANTICHAMA, SEM CHUMBO, NA COR PRETA, 450/750V, ENCORDOAMENTO CLASSE 5.;PRYSMIAN OU SIMILAR;6 mm2;m 
SA-01-A5;CABO DE COBRE NU, TÊMPERA MOLE, ISOLAÇÃO DUPLA CAMADA EM COMPOSTO TERMOPLÁSTICO PVC 85ºC ANTICHAMA, SEM CHUMBO, NA COR PRETA, 450/750V, ENCORDOAMENTO CLASSE 5.;PRYSMIAN OU SIMILAR;10 mm2;m 
SA-01-A6;CABO DE COBRE NU, TÊMPERA MOLE, ISOLAÇÃO DUPLA CAMADA EM COMPOSTO TERMOPLÁSTICO PVC 85ºC ANTICHAMA, SEM CHUMBO, NA COR PRETA, 450/750V, ENCORDOAMENTO CLASSE 5.;PRYSMIAN OU SIMILAR;16 mm2;m 
SA-01-A7;CABO DE COBRE NU, TÊMPERA MOLE, ISOLAÇÃO DUPLA CAMADA EM COMPOSTO TERMOPLÁSTICO PVC 85ºC ANTICHAMA, SEM CHUMBO, NA COR PRETA, 450/750V, ENCORDOAMENTO CLASSE 5.;PRYSMIAN OU SIMILAR;25 mm2;m 
SA-01-A8;CABO DE COBRE NU, TÊMPERA MOLE, ISOLAÇÃO DUPLA CAMADA EM COMPOSTO TERMOPLÁSTICO PVC 85ºC ANTICHAMA, SEM CHUMBO, NA COR PRETA, 450/750V, ENCORDOAMENTO CLASSE 5.;PRYSMIAN OU SIMILAR;35 mm2;m 
SA-01-B1;CABO DE COBRE NU, TÊMPERA MOLE, ISOLAÇÃO DUPLA CAMADA EM COMPOSTO TERMOPLÁSTICO PVC 85ºC ANTICHAMA, SEM CHUMBO, NA COR PRETA, 450/750V, ENCORDOAMENTO CLASSE 5.;PRYSMIAN OU SIMILAR;50 mm2;m 
SA-01-B2;CABO DE COBRE NU, TÊMPERA MOLE, ISOLAÇÃO DUPLA CAMADA EM COMPOSTO TERMOPLÁSTICO PVC 85ºC ANTICHAMA, SEM CHUMBO, NA COR PRETA, 450/750V, ENCORDOAMENTO CLASSE 5.;PRYSMIAN OU SIMILAR;70 mm2;m 
SA-01-B3;CABO DE COBRE NU, TÊMPERA MOLE, ISOLAÇÃO DUPLA CAMADA EM COMPOSTO TERMOPLÁSTICO PVC 85ºC ANTICHAMA, SEM CHUMBO, NA COR PRETA, 450/750V, ENCORDOAMENTO CLASSE 5.;PRYSMIAN OU SIMILAR;95 mm2;m 
SA-01-C1;CABO DE COBRE NU, TÊMPERA MOLE, ISOLAÇÃO DUPLA CAMADA EM COMPOSTO TERMOPLÁSTICO PVC 85ºC ANTICHAMA, SEM CHUMBO, NA COR PRETA, 450/750V, ENCORDOAMENTO CLASSE 5.;PRYSMIAN OU SIMILAR;120 mm2;m 
SA-01-C2;CABO DE COBRE NU, TÊMPERA MOLE, ISOLAÇÃO DUPLA CAMADA EM COMPOSTO TERMOPLÁSTICO PVC 85ºC ANTICHAMA, SEM CHUMBO, NA COR PRETA, 450/750V, ENCORDOAMENTO CLASSE 5.;PRYSMIAN OU SIMILAR;150 mm2;m 
SA-01-C3;CABO DE COBRE NU, TÊMPERA MOLE, ISOLAÇÃO DUPLA CAMADA EM COMPOSTO TERMOPLÁSTICO PVC 85ºC ANTICHAMA, SEM CHUMBO, NA COR PRETA, 450/750V, ENCORDOAMENTO CLASSE 5.;PRYSMIAN OU SIMILAR;185 mm2;m 
SA-01-D1;CABO DE COBRE NU, TÊMPERA MOLE, ISOLAÇÃO DUPLA CAMADA EM COMPOSTO TERMOPLÁSTICO PVC 85ºC ANTICHAMA, SEM CHUMBO, NA COR PRETA, 450/750V, ENCORDOAMENTO CLASSE 5.;PRYSMIAN OU SIMILAR;240 mm2;m 
SA-01-D2;CABO DE COBRE NU, TÊMPERA MOLE, ISOLAÇÃO DUPLA CAMADA EM COMPOSTO TERMOPLÁSTICO PVC 85ºC ANTICHAMA, SEM CHUMBO, NA COR PRETA, 450/750V, ENCORDOAMENTO CLASSE 5.;PRYSMIAN OU SIMILAR;300 mm2;m 
SA-03-A1;CABO DE COBRE NU, TÊMPERA MOLE, ISOLAÇÃO DUPLA CAMADA EM COMPOSTO TERMOPLÁSTICO PVC 85ºC ANTICHAMA, SEM CHUMBO, NA COR VERDE-AMARELA, 450/750V, ENCORDOAMENTO CLASSE 5.;PRYSMIAN OU SIMILAR;1,5 mm2;m 
SA-03-A2;CABO DE COBRE NU, TÊMPERA MOLE, ISOLAÇÃO DUPLA CAMADA EM COMPOSTO TERMOPLÁSTICO PVC 85ºC ANTICHAMA, SEM CHUMBO, NA COR VERDE-AMARELA, 450/750V, ENCORDOAMENTO CLASSE 5.;PRYSMIAN OU SIMILAR;2,5 mm2;m 
SA-03-A3;CABO DE COBRE NU, TÊMPERA MOLE, ISOLAÇÃO DUPLA CAMADA EM COMPOSTO TERMOPLÁSTICO PVC 85ºC ANTICHAMA, SEM CHUMBO, NA COR VERDE-AMARELA, 450/750V, ENCORDOAMENTO CLASSE 5.;PRYSMIAN OU SIMILAR;4 mm2;m 
SA-03-A4;CABO DE COBRE NU, TÊMPERA MOLE, ISOLAÇÃO DUPLA CAMADA EM COMPOSTO TERMOPLÁSTICO PVC 85ºC ANTICHAMA, SEM CHUMBO, NA COR VERDE-AMARELA, 450/750V, ENCORDOAMENTO CLASSE 5.;PRYSMIAN OU SIMILAR;6 mm2;m 
SA-03-A5;CABO DE COBRE NU, TÊMPERA MOLE, ISOLAÇÃO DUPLA CAMADA EM COMPOSTO TERMOPLÁSTICO PVC 85ºC ANTICHAMA, SEM CHUMBO, NA COR VERDE-AMARELA, 450/750V, ENCORDOAMENTO CLASSE 5.;PRYSMIAN OU SIMILAR;10 mm2;m 
SA-03-A6;CABO DE COBRE NU, TÊMPERA MOLE, ISOLAÇÃO DUPLA CAMADA EM COMPOSTO TERMOPLÁSTICO PVC 85ºC ANTICHAMA, SEM CHUMBO, NA COR VERDE-AMARELA, 450/750V, ENCORDOAMENTO CLASSE 5.;PRYSMIAN OU SIMILAR;16 mm2;m 
SA-03-A7;CABO DE COBRE NU, TÊMPERA MOLE, ISOLAÇÃO DUPLA CAMADA EM COMPOSTO TERMOPLÁSTICO PVC 85ºC ANTICHAMA, SEM CHUMBO, NA COR VERDE-AMARELA, 450/750V, ENCORDOAMENTO CLASSE 5.;PRYSMIAN OU SIMILAR;25 mm2;m 
SA-03-A8;CABO DE COBRE NU, TÊMPERA MOLE, ISOLAÇÃO DUPLA CAMADA EM COMPOSTO TERMOPLÁSTICO PVC 85ºC ANTICHAMA, SEM CHUMBO, NA COR VERDE-AMARELA, 450/750V, ENCORDOAMENTO CLASSE 5.;PRYSMIAN OU SIMILAR;35 mm2;m 
SA-03-B1;CABO DE COBRE NU, TÊMPERA MOLE, ISOLAÇÃO DUPLA CAMADA EM COMPOSTO TERMOPLÁSTICO PVC 85ºC ANTICHAMA, SEM CHUMBO, NA COR VERDE-AMARELA, 450/750V, ENCORDOAMENTO CLASSE 5.;PRYSMIAN OU SIMILAR;50 mm2;m 
SA-03-B2;CABO DE COBRE NU, TÊMPERA MOLE, ISOLAÇÃO DUPLA CAMADA EM COMPOSTO TERMOPLÁSTICO PVC 85ºC ANTICHAMA, SEM CHUMBO, NA COR VERDE-AMARELA, 450/750V, ENCORDOAMENTO CLASSE 5.;PRYSMIAN OU SIMILAR;70 mm2;m 
SA-03-B3;CABO DE COBRE NU, TÊMPERA MOLE, ISOLAÇÃO DUPLA CAMADA EM COMPOSTO TERMOPLÁSTICO PVC 85ºC ANTICHAMA, SEM CHUMBO, NA COR VERDE-AMARELA, 450/750V, ENCORDOAMENTO CLASSE 5.;PRYSMIAN OU SIMILAR;95 mm2;m 
SA-03-C1;CABO DE COBRE NU, TÊMPERA MOLE, ISOLAÇÃO DUPLA CAMADA EM COMPOSTO TERMOPLÁSTICO PVC 85ºC ANTICHAMA, SEM CHUMBO, NA COR VERDE-AMARELA, 450/750V, ENCORDOAMENTO CLASSE 5.;PRYSMIAN OU SIMILAR;120 mm2;m 
SA-03-C2;CABO DE COBRE NU, TÊMPERA MOLE, ISOLAÇÃO DUPLA CAMADA EM COMPOSTO TERMOPLÁSTICO PVC 85ºC ANTICHAMA, SEM CHUMBO, NA COR VERDE-AMARELA, 450/750V, ENCORDOAMENTO CLASSE 5.;PRYSMIAN OU SIMILAR;150 mm2;m 
SA-03-C3;CABO DE COBRE NU, TÊMPERA MOLE, ISOLAÇÃO DUPLA CAMADA EM COMPOSTO TERMOPLÁSTICO PVC 85ºC ANTICHAMA, SEM CHUMBO, NA COR VERDE-AMARELA, 450/750V, ENCORDOAMENTO CLASSE 5.;PRYSMIAN OU SIMILAR;185 mm2;m 
SA-03-C4;CABO DE COBRE NU, TÊMPERA MOLE, ISOLAÇÃO DUPLA CAMADA EM COMPOSTO TERMOPLÁSTICO PVC 85ºC ANTICHAMA, SEM CHUMBO, NA COR VERDE-AMARELA, 450/750V, ENCORDOAMENTO CLASSE 5.;PRYSMIAN OU SIMILAR;240 mm2;m 
SA-04-A1;CABO DE COBRE NU, TÊMPERA MOLE, ISOLAÇÃO DUPLA CAMADA EM COMPOSTO TERMOPLÁSTICO PVC 85ºC ANTICHAMA, SEM CHUMBO, NA COR VERMELHA, 450/750V, ENCORDOAMENTO CLASSE 5.;PRYSMIAN OU SIMILAR;1,5 mm2;m 
SA-04-A2;CABO DE COBRE NU, TÊMPERA MOLE, ISOLAÇÃO DUPLA CAMADA EM COMPOSTO TERMOPLÁSTICO PVC 85ºC ANTICHAMA, SEM CHUMBO, NA COR VERMELHA, 450/750V, ENCORDOAMENTO CLASSE 5.;PRYSMIAN OU SIMILAR;2,5 mm2;m 
SA-04-A3;CABO DE COBRE NU, TÊMPERA MOLE, ISOLAÇÃO DUPLA CAMADA EM COMPOSTO TERMOPLÁSTICO PVC 85ºC ANTICHAMA, SEM CHUMBO, NA COR VERMELHA, 450/750V, ENCORDOAMENTO CLASSE 5.;PRYSMIAN OU SIMILAR;4 mm2;m 
SA-04-A4;CABO DE COBRE NU, TÊMPERA MOLE, ISOLAÇÃO DUPLA CAMADA EM COMPOSTO TERMOPLÁSTICO PVC 85ºC ANTICHAMA, SEM CHUMBO, NA COR VERMELHA, 450/750V, ENCORDOAMENTO CLASSE 5.;PRYSMIAN OU SIMILAR;6 mm2;m 
SA-04-A5;CABO DE COBRE NU, TÊMPERA MOLE, ISOLAÇÃO DUPLA CAMADA EM COMPOSTO TERMOPLÁSTICO PVC 85ºC ANTICHAMA, SEM CHUMBO, NA COR VERMELHA, 450/750V, ENCORDOAMENTO CLASSE 5.;PRYSMIAN OU SIMILAR;10 mm2;m 
SA-04-A6;CABO DE COBRE NU, TÊMPERA MOLE, ISOLAÇÃO DUPLA CAMADA EM COMPOSTO TERMOPLÁSTICO PVC 85ºC ANTICHAMA, SEM CHUMBO, NA COR VERMELHA, 450/750V, ENCORDOAMENTO CLASSE 5.;PRYSMIAN OU SIMILAR;16 mm2;m 
WC-P1-A2;CABO DE POTÊNCIA SINGELO, CLASSE DE TENSÃO  0,6/1kV, COMPOSTO DE FIOS D COBRE NU, TÊMPERA MOLE, ENCORDOAMENTO CLASSE 5, ISOLAÇÃO E COBERTURA EM COMPOSTO TERMOPLÁSTICO DE PVC FLEXÍVEL NA COR PRETA , TEMPERATURA  70ºC EM SERVIÇO.;PRYSMIAN OU SIMILAR;1x 2,5 mm2;m 
WC-P1-A3;CABO DE POTÊNCIA SINGELO, CLASSE DE TENSÃO  0,6/1kV, COMPOSTO DE FIOS D COBRE NU, TÊMPERA MOLE, ENCORDOAMENTO CLASSE 5, ISOLAÇÃO E COBERTURA EM COMPOSTO TERMOPLÁSTICO DE PVC FLEXÍVEL NA COR PRETA , TEMPERATURA  70ºC EM SERVIÇO.;PRYSMIAN OU SIMILAR;1x 4mm2;m 
WC-P1-A4;CABO DE POTÊNCIA SINGELO, CLASSE DE TENSÃO  0,6/1kV, COMPOSTO DE FIOS D COBRE NU, TÊMPERA MOLE, ENCORDOAMENTO CLASSE 5, ISOLAÇÃO E COBERTURA EM COMPOSTO TERMOPLÁSTICO DE PVC FLEXÍVEL NA COR PRETA , TEMPERATURA  70ºC EM SERVIÇO.;PRYSMIAN OU SIMILAR;1x 6 mm2;m 
WC-P1-A5;CABO DE POTÊNCIA SINGELO, CLASSE DE TENSÃO  0,6/1kV, COMPOSTO DE FIOS D COBRE NU, TÊMPERA MOLE, ENCORDOAMENTO CLASSE 5, ISOLAÇÃO E COBERTURA EM COMPOSTO TERMOPLÁSTICO DE PVC FLEXÍVEL NA COR PRETA , TEMPERATURA  70ºC EM SERVIÇO.;PRYSMIAN OU SIMILAR;1x 10 mm2;m 
WC-P1-A6;CABO DE POTÊNCIA SINGELO, CLASSE DE TENSÃO  0,6/1kV, COMPOSTO DE FIOS D COBRE NU, TÊMPERA MOLE, ENCORDOAMENTO CLASSE 5, ISOLAÇÃO E COBERTURA EM COMPOSTO TERMOPLÁSTICO DE PVC FLEXÍVEL NA COR PRETA , TEMPERATURA  70ºC EM SERVIÇO.;PRYSMIAN OU SIMILAR;1x 16 mm2;m 
WC-P1-A7;CABO DE POTÊNCIA SINGELO, CLASSE DE TENSÃO  0,6/1kV, COMPOSTO DE FIOS D COBRE NU, TÊMPERA MOLE, ENCORDOAMENTO CLASSE 5, ISOLAÇÃO E COBERTURA EM COMPOSTO TERMOPLÁSTICO DE PVC FLEXÍVEL NA COR PRETA , TEMPERATURA  70ºC EM SERVIÇO.;PRYSMIAN OU SIMILAR;1x 25 mm2;m 
WC-P1-A8;CABO DE POTÊNCIA SINGELO, CLASSE DE TENSÃO  0,6/1kV, COMPOSTO DE FIOS D COBRE NU, TÊMPERA MOLE, ENCORDOAMENTO CLASSE 5, ISOLAÇÃO E COBERTURA EM COMPOSTO TERMOPLÁSTICO DE PVC FLEXÍVEL NA COR PRETA , TEMPERATURA 70ºC EM SERVIÇO.;PRYSMIAN OU SIMILAR;1x 35 mm2;m 
WC-P1-B1;CABO DE POTÊNCIA SINGELO, CLASSE DE TENSÃO  0,6/1kV, COMPOSTO DE FIOS D COBRE NU, TÊMPERA MOLE, ENCORDOAMENTO CLASSE 5, ISOLAÇÃO E COBERTURA EM COMPOSTO TERMOPLÁSTICO DE PVC FLEXÍVEL NA COR PRETA , TEMPERATURA 70ºC EM SERVIÇO.;PRYSMIAN OU SIMILAR;1x 50 mm2;m 
WC-P1-B2;CABO DE POTÊNCIA SINGELO, CLASSE DE TENSÃO  0,6/1kV, COMPOSTO DE FIOS D COBRE NU, TÊMPERA MOLE, ENCORDOAMENTO CLASSE 5, ISOLAÇÃO E COBERTURA EM COMPOSTO TERMOPLÁSTICO DE PVC FLEXÍVEL NA COR PRETA , TEMPERATURA 70ºC EM SERVIÇO.;PRYSMIAN OU SIMILAR;1x 70 mm2;m 
WC-P1-B3;CABO DE POTÊNCIA SINGELO, CLASSE DE TENSÃO  0,6/1kV, COMPOSTO DE FIOS D COBRE NU, TÊMPERA MOLE, ENCORDOAMENTO CLASSE 5, ISOLAÇÃO E COBERTURA EM COMPOSTO TERMOPLÁSTICO DE PVC FLEXÍVEL NA COR PRETA , TEMPERATURA 70ºC EM SERVIÇO.;PRYSMIAN OU SIMILAR;1x 95 mm2;m 
WC-P1-C1;CABO DE POTÊNCIA SINGELO, CLASSE DE TENSÃO  0,6/1kV, COMPOSTO DE FIOS D COBRE NU, TÊMPERA MOLE, ENCORDOAMENTO CLASSE 5, ISOLAÇÃO E COBERTURA EM COMPOSTO TERMOPLÁSTICO DE PVC FLEXÍVEL NA COR PRETA , TEMPERATURA 70ºC EM SERVIÇO.;PRYSMIAN OU SIMILAR;1x 120 mm2;m 
WC-P1-C2;CABO DE POTÊNCIA SINGELO, CLASSE DE TENSÃO  0,6/1kV, COMPOSTO DE FIOS D COBRE NU, TÊMPERA MOLE, ENCORDOAMENTO CLASSE 5, ISOLAÇÃO E COBERTURA EM COMPOSTO TERMOPLÁSTICO DE PVC FLEXÍVEL NA COR PRETA , TEMPERATURA  70ºC EM SERVIÇO.;PRYSMIAN OU SIMILAR;1x 150 mm2;m 
WC-P1-C3;CABO DE POTÊNCIA SINGELO, CLASSE DE TENSÃO  0,6/1kV, COMPOSTO DE FIOS D COBRE NU, TÊMPERA MOLE, ENCORDOAMENTO CLASSE 5, ISOLAÇÃO E COBERTURA EM COMPOSTO TERMOPLÁSTICO DE PVC FLEXÍVEL NA COR PRETA , TEMPERATURA  70ºC EM SERVIÇO.;PRYSMIAN OU SIMILAR;1x 185 mm2;m 
WC-P1-D1;CABO DE POTÊNCIA SINGELO, CLASSE DE TENSÃO  0,6/1kV, COMPOSTO DE FIOS D COBRE NU, TÊMPERA MOLE, ENCORDOAMENTO CLASSE 5, ISOLAÇÃO E COBERTURA EM COMPOSTO TERMOPLÁSTICO DE PVC FLEXÍVEL NA COR PRETA , TEMPERATURA  70ºC EM SERVIÇO.;PRYSMIAN OU SIMILAR;1x 240 mm2;m 
WC-P2-A2;CABO DE POTÊNCIA BIPOLAR, CLASSE DE TENSÃO  0,6/1kV, COMPOSTO DE FIOS D COBRE NU, TÊMPERA MOLE, ENCORDOAMENTO CLASSE 5, ISOLAÇÃO  EM COMPOSTO TERMOPLÁSTICO DE PVC FLEXÍVEL NAS CORES PRETA E AZUL, E COBERTURA  EM COMPOSTO TERMOPLÁSTICO DE PVC FLEXÍVELCOR PRETA , TEMPERATURA  70ºC EM SERVIÇO.;PRYSMIAN OU SIMILAR;2x 2,5 mm2;m 
WC-P2-A3;CABO DE POTÊNCIA BIPOLAR, CLASSE DE TENSÃO  0,6/1kV, COMPOSTO DE FIOS D COBRE NU, TÊMPERA MOLE, ENCORDOAMENTO CLASSE 5, ISOLAÇÃO  EM COMPOSTO TERMOPLÁSTICO DE PVC FLEXÍVEL NAS CORES PRETA E AZUL, E COBERTURA  EM COMPOSTO TERMOPLÁSTICO DE PVC FLEXÍVELCOR PRETA , TEMPERATURA  70ºC EM SERVIÇO.;PRYSMIAN OU SIMILAR;2x 4 mm2;m 
WC-P2-A4;CABO DE POTÊNCIA BIPOLAR, CLASSE DE TENSÃO  0,6/1kV, COMPOSTO DE FIOS D COBRE NU, TÊMPERA MOLE, ENCORDOAMENTO CLASSE 5, ISOLAÇÃO  EM COMPOSTO TERMOPLÁSTICO DE PVC FLEXÍVEL NAS CORES PRETA E AZUL, E COBERTURA  EM COMPOSTO TERMOPLÁSTICO DE PVC FLEXÍVELCOR PRETA , TEMPERATURA  70ºC EM SERVIÇO.;PRYSMIAN OU SIMILAR;2x 6 mm2;m 
WC-P2-A5;CABO DE POTÊNCIA BIPOLAR, CLASSE DE TENSÃO  0,6/1kV, COMPOSTO DE FIOS D COBRE NU, TÊMPERA MOLE, ENCORDOAMENTO CLASSE 5, ISOLAÇÃO  EM COMPOSTO TERMOPLÁSTICO DE PVC FLEXÍVEL NAS CORES PRETA E AZUL, E COBERTURA  EM COMPOSTO TERMOPLÁSTICO DE PVC FLEXÍVELCOR PRETA , TEMPERATURA  70ºC EM SERVIÇO.;PRYSMIAN OU SIMILAR;2x 10 mm2;m 
WC-P2-A6;CABO DE POTÊNCIA BIPOLAR, CLASSE DE TENSÃO  0,6/1kV, COMPOSTO DE FIOS D COBRE NU, TÊMPERA MOLE, ENCORDOAMENTO CLASSE 5, ISOLAÇÃO  EM COMPOSTO TERMOPLÁSTICO DE PVC FLEXÍVEL NAS CORES PRETA E AZUL, E COBERTURA  EM COMPOSTO TERMOPLÁSTICO DE PVC FLEXÍVELCOR PRETA , TEMPERATURA  70ºC EM SERVIÇO.;PRYSMIAN OU SIMILAR;2x 16 mm2;m 
WC-P2-A7;CABO DE POTÊNCIA BIPOLAR, CLASSE DE TENSÃO  0,6/1kV, COMPOSTO DE FIOS D COBRE NU, TÊMPERA MOLE, ENCORDOAMENTO CLASSE 5, ISOLAÇÃO  EM COMPOSTO TERMOPLÁSTICO DE PVC FLEXÍVEL NA COR PRETA NUMERIZADA, E COBERTURA  EM COMPOSTO TERMOPLÁSTICO DE PVC FLEXÍVELCOR PRETA , TEMPERATURA  70ºC EM SERVIÇO.;PRYSMIAN OU SIMILAR;2 x  25 mm2;m 
WC-P2-A8;CABO DE POTÊNCIA BIPOLAR, CLASSE DE TENSÃO  0,6/1kV, COMPOSTO DE FIOS D COBRE NU, TÊMPERA MOLE, ENCORDOAMENTO CLASSE 5, ISOLAÇÃO  EM COMPOSTO TERMOPLÁSTICO DE PVC FLEXÍVEL NA COR PRETA NUMERIZADA, E COBERTURA  EM COMPOSTO TERMOPLÁSTICO DE PVC FLEXÍVELCOR PRETA , TEMPERATURA  70ºC EM SERVIÇO.;PRYSMIAN OU SIMILAR;2x 35 mm2;m 
WC-P2-B1;CABO DE POTÊNCIA BIPOLAR, CLASSE DE TENSÃO  0,6/1kV, COMPOSTO DE FIOS D COBRE NU, TÊMPERA MOLE, ENCORDOAMENTO CLASSE 5, ISOLAÇÃO  EM COMPOSTO TERMOPLÁSTICO DE PVC FLEXÍVEL NA COR PRETA NUMERIZADA, E COBERTURA  EM COMPOSTO TERMOPLÁSTICO DE PVC FLEXÍVELCOR PRETA , TEMPERATURA  70ºC EM SERVIÇO.;PRYSMIAN OU SIMILAR;2x 50 mm2;m 
WC-P2-B2;CABO DE POTÊNCIA BIPOLAR, CLASSE DE TENSÃO  0,6/1kV, COMPOSTO DE FIOS D COBRE NU, TÊMPERA MOLE, ENCORDOAMENTO CLASSE 5, ISOLAÇÃO  EM COMPOSTO TERMOPLÁSTICO DE PVC FLEXÍVEL NA COR PRETA NUMERIZADA, E COBERTURA  EM COMPOSTO TERMOPLÁSTICO DE PVC FLEXÍVELCOR PRETA , TEMPERATURA  70ºC EM SERVIÇO.;PRYSMIAN OU SIMILAR;2x 70 mm2;m 
WC-P2-B3;CABO DE POTÊNCIA BIPOLAR, CLASSE DE TENSÃO  0,6/1kV, COMPOSTO DE FIOS D COBRE NU, TÊMPERA MOLE, ENCORDOAMENTO CLASSE 5, ISOLAÇÃO  EM COMPOSTO TERMOPLÁSTICO DE PVC FLEXÍVEL NA COR PRETA NUMERIZADA, E COBERTURA  EM COMPOSTO TERMOPLÁSTICO DE PVC FLEXÍVELCOR PRETA , TEMPERATURA  70ºC EM SERVIÇO.;PRYSMIAN OU SIMILAR;2x 95 mm2;m 
WC-P2-C1;CABO DE POTÊNCIA BIPOLAR, CLASSE DE TENSÃO  0,6/1kV, COMPOSTO DE FIOS D COBRE NU, TÊMPERA MOLE, ENCORDOAMENTO CLASSE 5, ISOLAÇÃO  EM COMPOSTO TERMOPLÁSTICO DE PVC FLEXÍVEL NA COR PRETA NUMERIZADA, E COBERTURA  EM COMPOSTO TERMOPLÁSTICO DE PVC FLEXÍVELCOR PRETA , TEMPERATURA  70ºC EM SERVIÇO.;PRYSMIAN OU SIMILAR;2x 120 mm2;m 
WC-P2-C2;CABO DE POTÊNCIA BIPOLAR, CLASSE DE TENSÃO  0,6/1kV, COMPOSTO DE FIOS D COBRE NU, TÊMPERA MOLE, ENCORDOAMENTO CLASSE 5, ISOLAÇÃO  EM COMPOSTO TERMOPLÁSTICO DE PVC FLEXÍVEL NA COR PRETA NUMERIZADA, E COBERTURA  EM COMPOSTO TERMOPLÁSTICO DE PVC FLEXÍVELCOR PRETA , TEMPERATURA  70ºC EM SERVIÇO.;PRYSMIAN OU SIMILAR;2x 150 mm2;m 
WC-P2-C3;CABO DE POTÊNCIA BIPOLAR, CLASSE DE TENSÃO  0,6/1kV, COMPOSTO DE FIOS D COBRE NU, TÊMPERA MOLE, ENCORDOAMENTO CLASSE 5, ISOLAÇÃO  EM COMPOSTO TERMOPLÁSTICO DE PVC FLEXÍVEL NA COR PRETA NUMERIZADA, E COBERTURA  EM COMPOSTO TERMOPLÁSTICO DE PVC FLEXÍVELCOR PRETA , TEMPERATURA  70ºC EM SERVIÇO.;PRYSMIAN OU SIMILAR;2x 180 mm2;m 
WC-P2-D1;CABO DE POTÊNCIA BIPOLAR, CLASSE DE TENSÃO  0,6/1kV, COMPOSTO DE FIOS D COBRE NU, TÊMPERA MOLE, ENCORDOAMENTO CLASSE 5, ISOLAÇÃO  EM COMPOSTO TERMOPLÁSTICO DE PVC FLEXÍVEL NA COR PRETA NUMERIZADA, E COBERTURA  EM COMPOSTO TERMOPLÁSTICO DE PVC FLEXÍVELCOR PRETA , TEMPERATURA  70ºC EM SERVIÇO.;PRYSMIAN OU SIMILAR;2x 240 mm2;m 
WC-P3-A2;CABO DE POTÊNCIA TRIPOLAR, CLASSE DE TENSÃO  0,6/1kV, COMPOSTO DE FIOS D COBRE NU, TÊMPERA MOLE, ENCORDOAMENTO CLASSE 5, ISOLAÇÃO  EM COMPOSTO TERMOPLÁSTICO DE PVC FLEXÍVEL NAS CORES PRETA, AZUL E VERDE, E COBERTURA  EM COMPOSTO TERMOPLÁSTICO DE PVC FLEXÍVELCOR PRETA , TEMPERATURA  70ºC EM SERVIÇO.;PRYSMIAN OU SIMILAR;3x 2,5 mm2;m 
WC-P3-A3;CABO DE POTÊNCIA TRIPOLAR, CLASSE DE TENSÃO  0,6/1kV, COMPOSTO DE FIOS D COBRE NU, TÊMPERA MOLE, ENCORDOAMENTO CLASSE 5, ISOLAÇÃO  EM COMPOSTO TERMOPLÁSTICO DE PVC FLEXÍVEL NAS CORES PRETA, AZUL E VERDE, E COBERTURA  EM COMPOSTO TERMOPLÁSTICO DE PVC FLEXÍVELCOR PRETA , TEMPERATURA  70ºC EM SERVIÇO.;PRYSMIAN OU SIMILAR;3x 4 mm2;m 
WC-P3-A4;CABO DE POTÊNCIA TRIPOLAR, CLASSE DE TENSÃO  0,6/1kV, COMPOSTO DE FIOS D COBRE NU, TÊMPERA MOLE, ENCORDOAMENTO CLASSE 5, ISOLAÇÃO  EM COMPOSTO TERMOPLÁSTICO DE PVC FLEXÍVEL NAS CORES PRETA, AZUL E VERDE, E COBERTURA  EM COMPOSTO TERMOPLÁSTICO DE PVC FLEXÍVELCOR PRETA , TEMPERATURA  70ºC EM SERVIÇO.;PRYSMIAN OU SIMILAR;3x 6 mm2;m 
WC-P3-A5;CABO DE POTÊNCIA TRIPOLAR, CLASSE DE TENSÃO  0,6/1kV, COMPOSTO DE FIOS D COBRE NU, TÊMPERA MOLE, ENCORDOAMENTO CLASSE 5, ISOLAÇÃO  EM COMPOSTO TERMOPLÁSTICO DE PVC FLEXÍVEL NAS CORES PRETA, AZUL E VERDE, E COBERTURA  EM COMPOSTO TERMOPLÁSTICO DE PVC FLEXÍVELCOR PRETA , TEMPERATURA  70ºC EM SERVIÇO.;PRYSMIAN OU SIMILAR;3x 10 mm2;m 
WC-P3-A6;CABO DE POTÊNCIA TRIPOLAR, CLASSE DE TENSÃO  0,6/1kV, COMPOSTO DE FIOS D COBRE NU, TÊMPERA MOLE, ENCORDOAMENTO CLASSE 5, ISOLAÇÃO  EM COMPOSTO TERMOPLÁSTICO DE PVC FLEXÍVEL NAS CORES PRETA, AZUL E VERDE, E COBERTURA  EM COMPOSTO TERMOPLÁSTICO DE PVC FLEXÍVELCOR PRETA , TEMPERATURA  70ºC EM SERVIÇO.;PRYSMIAN OU SIMILAR;3x 16 mm2;m 
WC-P3-A7;CABO DE POTÊNCIA TRIPOLAR, CLASSE DE TENSÃO  0,6/1kV, COMPOSTO DE FIOS D COBRE NU, TÊMPERA MOLE, ENCORDOAMENTO CLASSE 5, ISOLAÇÃO  EM COMPOSTO TERMOPLÁSTICO DE PVC FLEXÍVEL NA COR PRETA NUMERIZADA, E COBERTURA  EM COMPOSTO TERMOPLÁSTICO DE PVC FLEXÍVELCOR PRETA , TEMPERATURA  70ºC EM SERVIÇO.;PRYSMIAN OU SIMILAR;3x 25 mm2;m 
WC-P3-A8;CABO DE POTÊNCIA TRIPOLAR, CLASSE DE TENSÃO  0,6/1kV, COMPOSTO DE FIOS D COBRE NU, TÊMPERA MOLE, ENCORDOAMENTO CLASSE 5, ISOLAÇÃO  EM COMPOSTO TERMOPLÁSTICO DE PVC FLEXÍVEL NA COR PRETA NUMERIZADA, E COBERTURA  EM COMPOSTO TERMOPLÁSTICO DE PVC FLEXÍVELCOR PRETA , TEMPERATURA  70ºC EM SERVIÇO.;PRYSMIAN OU SIMILAR;3x 35 mm2;m 
WC-P3-B1;CABO DE POTÊNCIA TRIPOLAR, CLASSE DE TENSÃO  0,6/1kV, COMPOSTO DE FIOS D COBRE NU, TÊMPERA MOLE, ENCORDOAMENTO CLASSE 5, ISOLAÇÃO  EM COMPOSTO TERMOPLÁSTICO DE PVC FLEXÍVEL NA COR PRETA NUMERIZADA, E COBERTURA  EM COMPOSTO TERMOPLÁSTICO DE PVC FLEXÍVELCOR PRETA , TEMPERATURA  70ºC EM SERVIÇO.;PRYSMIAN OU SIMILAR;3x 50 mm2;m 
WC-P3-B2;CABO DE POTÊNCIA TRIPOLAR, CLASSE DE TENSÃO  0,6/1kV, COMPOSTO DE FIOS D COBRE NU, TÊMPERA MOLE, ENCORDOAMENTO CLASSE 5, ISOLAÇÃO  EM COMPOSTO TERMOPLÁSTICO DE PVC FLEXÍVEL NA COR PRETA NUMERIZADA, E COBERTURA  EM COMPOSTO TERMOPLÁSTICO DE PVC FLEXÍVELCOR PRETA , TEMPERATURA  70ºC EM SERVIÇO.;PRYSMIAN OU SIMILAR;3x 70 mm2;m 
WC-P3-B3;CABO DE POTÊNCIA TRIPOLAR, CLASSE DE TENSÃO  0,6/1kV, COMPOSTO DE FIOS D COBRE NU, TÊMPERA MOLE, ENCORDOAMENTO CLASSE 5, ISOLAÇÃO  EM COMPOSTO TERMOPLÁSTICO DE PVC FLEXÍVEL NA COR PRETA NUMERIZADA, E COBERTURA  EM COMPOSTO TERMOPLÁSTICO DE PVC FLEXÍVELCOR PRETA , TEMPERATURA  70ºC EM SERVIÇO.;PRYSMIAN OU SIMILAR;3x 95 mm2;m 
WC-P3-C1;CABO DE POTÊNCIA TRIPOLAR, CLASSE DE TENSÃO  0,6/1kV, COMPOSTO DE FIOS D COBRE NU, TÊMPERA MOLE, ENCORDOAMENTO CLASSE 5, ISOLAÇÃO  EM COMPOSTO TERMOPLÁSTICO DE PVC FLEXÍVEL NA COR PRETA NUMERIZADA, E COBERTURA  EM COMPOSTO TERMOPLÁSTICO DE PVC FLEXÍVELCOR PRETA , TEMPERATURA  70ºC EM SERVIÇO.;PRYSMIAN OU SIMILAR;3 x 120mm2;m 
WC-P3-C2;CABO DE POTÊNCIA TRIPOLAR, CLASSE DE TENSÃO  0,6/1kV, COMPOSTO DE FIOS D COBRE NU, TÊMPERA MOLE, ENCORDOAMENTO CLASSE 5, ISOLAÇÃO  EM COMPOSTO TERMOPLÁSTICO DE PVC FLEXÍVEL NA COR PRETA NUMERIZADA, E COBERTURA  EM COMPOSTO TERMOPLÁSTICO DE PVC FLEXÍVELCOR PRETA , TEMPERATURA  70ºC EM SERVIÇO.;PRYSMIAN OU SIMILAR;3x150mm2;m 
WC-P3-C3;CABO DE POTÊNCIA TRIPOLAR, CLASSE DE TENSÃO  0,6/1kV, COMPOSTO DE FIOS D COBRE NU, TÊMPERA MOLE, ENCORDOAMENTO CLASSE 5, ISOLAÇÃO  EM COMPOSTO TERMOPLÁSTICO DE PVC FLEXÍVEL NA COR PRETA NUMERIZADA, E COBERTURA  EM COMPOSTO TERMOPLÁSTICO DE PVC FLEXÍVELCOR PRETA , TEMPERATURA  70ºC EM SERVIÇO.;PRYSMIAN OU SIMILAR;3x185mm2;m 
WC-P3-D1;CABO DE POTÊNCIA TRIPOLAR, CLASSE DE TENSÃO  0,6/1kV, COMPOSTO DE FIOS D COBRE NU, TÊMPERA MOLE, ENCORDOAMENTO CLASSE 5, ISOLAÇÃO  EM COMPOSTO TERMOPLÁSTICO DE PVC FLEXÍVEL NA COR PRETA NUMERIZADA, E COBERTURA  EM COMPOSTO TERMOPLÁSTICO DE PVC FLEXÍVELCOR PRETA , TEMPERATURA  70ºC EM SERVIÇO.;PRYSMIAN OU SIMILAR;3x240 mm2;m 
WC-P4-A2;CABO DE POTÊNCIA TETRAPOLAR, CLASSE DE TENSÃO 0,6/1kV, COMPOSTO DE FIOS D COBRE NU, TÊMPERA MOLE, ENCORDOAMENTO CLASSE 5, ISOLAÇÃO  EM COMPOSTO TERMOPLÁSTICO DE PVC FLEXÍVEL NAS CORES PRETA, BRANCA, VERMELHA E AZUL , E COBERTURA  EM COMPOSTO TERMOPLÁSTICO DE PVC FLEXÍVELCOR PRETA , TEMPERATURA  70ºC EM SERVIÇO.;PRYSMIAN OU SIMILAR;4x 2.5 mm2;m 
WC-P4-A3;CABO DE POTÊNCIA TETRAPOLAR, CLASSE DE TENSÃO  0,6/1kV, COMPOSTO DE FIOS D COBRE NU, TÊMPERA MOLE, ENCORDOAMENTO CLASSE 5, ISOLAÇÃO  EM COMPOSTO TERMOPLÁSTICO DE PVC FLEXÍVEL NAS CORES PRETA, BRANCA, VERMELHA E AZUL , E COBERTURA  EM COMPOSTO TERMOPLÁSTICO DE PVC FLEXÍVELCOR PRETA , TEMPERATURA  70ºC EM SERVIÇO.;PRYSMIAN OU SIMILAR;4x 4 mm2;m 
WC-P4-A4;CABO DE POTÊNCIA TETRAPOLAR, CLASSE DE TENSÃO  0,6/1kV, COMPOSTO DE FIOS D COBRE NU, TÊMPERA MOLE, ENCORDOAMENTO CLASSE 5, ISOLAÇÃO  EM COMPOSTO TERMOPLÁSTICO DE PVC FLEXÍVEL NAS CORES PRETA, BRANCA, VERMELHA E AZUL , E COBERTURA  EM COMPOSTO TERMOPLÁSTICO DE PVC FLEXÍVELCOR PRETA , TEMPERATURA  70ºC EM SERVIÇO.;PRYSMIAN OU SIMILAR;4x 6 mm2;m 
WC-P4-A5;CABO DE POTÊNCIA TETRAPOLAR, CLASSE DE TENSÃO  0,6/1kV, COMPOSTO DE FIOS D COBRE NU, TÊMPERA MOLE, ENCORDOAMENTO CLASSE 5, ISOLAÇÃO  EM COMPOSTO TERMOPLÁSTICO DE PVC FLEXÍVEL NAS CORES PRETA, BRANCA, VERMELHA E AZUL , E COBERTURA  EM COMPOSTO TERMOPLÁSTICO DE PVC FLEXÍVELCOR PRETA , TEMPERATURA  70ºC EM SERVIÇO.;PRYSMIAN OU SIMILAR;4x 10 mm2;m 
WC-P4-A6;CABO DE POTÊNCIA TETRAPOLAR, CLASSE DE TENSÃO  0,6/1kV, COMPOSTO DE FIOS D COBRE NU, TÊMPERA MOLE, ENCORDOAMENTO CLASSE 5, ISOLAÇÃO  EM COMPOSTO TERMOPLÁSTICO DE PVC FLEXÍVEL NAS CORES PRETA, BRANCA, VERMELHA E AZUL , E COBERTURA  EM COMPOSTO TERMOPLÁSTICO DE PVC FLEXÍVELCOR PRETA , TEMPERATURA  70ºC EM SERVIÇO.;PRYSMIAN OU SIMILAR;4x 16 mm2;m 
WC-P4-A7;CABO DE POTÊNCIA TETRAPOLAR, CLASSE DE TENSÃO  0,6/1kV, COMPOSTO DE FIOS D COBRE NU, TÊMPERA MOLE, ENCORDOAMENTO CLASSE 5, ISOLAÇÃO  EM COMPOSTO TERMOPLÁSTICO DE PVC FLEXÍVEL NA COR PRETA NUMERIZADA, E COBERTURA  EM COMPOSTO TERMOPLÁSTICO DE PVC FLEXÍVELCOR PRETA , TEMPERATURA  70ºC EM SERVIÇO.;PRYSMIAN OU SIMILAR;4x 25 mm2;m 
WC-P4-A8;CABO DE POTÊNCIA TETRAPOLAR, CLASSE DE TENSÃO  0,6/1kV, COMPOSTO DE FIOS D COBRE NU, TÊMPERA MOLE, ENCORDOAMENTO CLASSE 5, ISOLAÇÃO  EM COMPOSTO TERMOPLÁSTICO DE PVC FLEXÍVEL NA COR PRETA NUMERIZADA, E COBERTURA  EM COMPOSTO TERMOPLÁSTICO DE PVC FLEXÍVELCOR PRETA , TEMPERATURA  70ºC EM SERVIÇO.;PRYSMIAN OU SIMILAR;4x 35 mm2;m 
WC-P4-B1;CABO DE POTÊNCIA TETRAPOLAR, CLASSE DE TENSÃO  0,6/1kV, COMPOSTO DE FIOS D COBRE NU, TÊMPERA MOLE, ENCORDOAMENTO CLASSE 5, ISOLAÇÃO  EM COMPOSTO TERMOPLÁSTICO DE PVC FLEXÍVEL NA COR PRETA NUMERIZADA, E COBERTURA  EM COMPOSTO TERMOPLÁSTICO DE PVC FLEXÍVELCOR PRETA , TEMPERATURA  70ºC EM SERVIÇO.;PRYSMIAN OU SIMILAR;4x 50 mm2;m 
WC-P4-B2;CABO DE POTÊNCIA TETRAPOLAR, CLASSE DE TENSÃO  0,6/1kV, COMPOSTO DE FIOS D COBRE NU, TÊMPERA MOLE, ENCORDOAMENTO CLASSE 5, ISOLAÇÃO  EM COMPOSTO TERMOPLÁSTICO DE PVC FLEXÍVEL NA COR PRETA NUMERIZADA, E COBERTURA  EM COMPOSTO TERMOPLÁSTICO DE PVC FLEXÍVELCOR PRETA , TEMPERATURA  70ºC EM SERVIÇO.;PRYSMIAN OU SIMILAR;4x 70 mm2;m 
WC-P4-B3;CABO DE POTÊNCIA TETRAPOLAR, CLASSE DE TENSÃO  0,6/1kV, COMPOSTO DE FIOS D COBRE NU, TÊMPERA MOLE, ENCORDOAMENTO CLASSE 5, ISOLAÇÃO  EM COMPOSTO TERMOPLÁSTICO DE PVC FLEXÍVEL NA COR PRETA NUMERIZADA, E COBERTURA  EM COMPOSTO TERMOPLÁSTICO DE PVC FLEXÍVELCOR PRETA , TEMPERATURA  70ºC EM SERVIÇO.;PRYSMIAN OU SIMILAR;4x 95 mm2;m 
WC-P4-C1;CABO DE POTÊNCIA TETRAPOLAR, CLASSE DE TENSÃO  0,6/1kV, COMPOSTO DE FIOS D COBRE NU, TÊMPERA MOLE, ENCORDOAMENTO CLASSE 5, ISOLAÇÃO  EM COMPOSTO TERMOPLÁSTICO DE PVC FLEXÍVEL NA COR PRETA NUMERIZADA, E COBERTURA  EM COMPOSTO TERMOPLÁSTICO DE PVC FLEXÍVELCOR PRETA , TEMPERATURA  70ºC EM SERVIÇO.;PRYSMIAN OU SIMILAR;4x 120 mm2;m 
WC-P4-C2;CABO DE POTÊNCIA TETRAPOLAR, CLASSE DE TENSÃO  0,6/1kV, COMPOSTO DE FIOS D COBRE NU, TÊMPERA MOLE, ENCORDOAMENTO CLASSE 5, ISOLAÇÃO  EM COMPOSTO TERMOPLÁSTICO DE PVC FLEXÍVEL NA COR PRETA NUMERIZADA, E COBERTURA  EM COMPOSTO TERMOPLÁSTICO DE PVC FLEXÍVELCOR PRETA , TEMPERATURA  70ºC EM SERVIÇO.;PRYSMIAN OU SIMILAR;4x 150 mm2;m 
WC-P4-C3;CABO DE POTÊNCIA TETRAPOLAR, CLASSE DE TENSÃO  0,6/1kV, COMPOSTO DE FIOS D COBRE NU, TÊMPERA MOLE, ENCORDOAMENTO CLASSE 5, ISOLAÇÃO  EM COMPOSTO TERMOPLÁSTICO DE PVC FLEXÍVEL NA COR PRETA NUMERIZADA, E COBERTURA  EM COMPOSTO TERMOPLÁSTICO DE PVC FLEXÍVELCOR PRETA , TEMPERATURA  70ºC EM SERVIÇO.;PRYSMIAN OU SIMILAR;4x 185 mm2;m 
WC-P4-D1;CABO DE POTÊNCIA TETRAPOLAR, CLASSE DE TENSÃO  0,6/1kV, COMPOSTO DE FIOS D COBRE NU, TÊMPERA MOLE, ENCORDOAMENTO CLASSE 5, ISOLAÇÃO  EM COMPOSTO TERMOPLÁSTICO DE PVC FLEXÍVEL NA COR PRETA NUMERIZADA, E COBERTURA  EM COMPOSTO TERMOPLÁSTICO DE PVC FLEXÍVELCOR PRETA , TEMPERATURA  70ºC EM SERVIÇO.;PRYSMIAN OU SIMILAR;4x 240 mm2;m 
WC-Q1-A2;CABO DE POTÊNCIA SINGELO, CLASSE DE TENSÃO  0,6/1kV, COMPOSTO DE FIOS D COBRE NU, TÊMPERA MOLE, ENCORDOAMENTO CLASSE 5, ISOLAÇÃO E COBERTURA EM COMPOSTO TERMOPLÁSTICO DE PVC FLEXÍVEL NA COR AZUL , TEMPERATURA 70ºC EM SERVIÇO.;PRYSMIAN OU SIMILAR;1 x 2,5 mm2;m 
WC-Q1-A3;CABO DE POTÊNCIA SINGELO, CLASSE DE TENSÃO  0,6/1kV, COMPOSTO DE FIOS D COBRE NU, TÊMPERA MOLE, ENCORDOAMENTO CLASSE 5, ISOLAÇÃO E COBERTURA EM COMPOSTO TERMOPLÁSTICO DE PVC FLEXÍVEL NA COR AZUL , TEMPERATURA  70ºC EM SERVIÇO.;PRYSMIAN OU SIMILAR;1 x 4mm2;m 
WC-Q1-A4;CABO DE POTÊNCIA SINGELO, CLASSE DE TENSÃO  0,6/1kV, COMPOSTO DE FIOS D COBRE NU, TÊMPERA MOLE, ENCORDOAMENTO CLASSE 5, ISOLAÇÃO E COBERTURA EM COMPOSTO TERMOPLÁSTICO DE PVC FLEXÍVEL NA COR AZUL , TEMPERATURA  70ºC EM SERVIÇO.;PRYSMIAN OU SIMILAR;1 x 6mm2;m 
WC-Q1-A5;CABO DE POTÊNCIA SINGELO, CLASSE DE TENSÃO  0,6/1kV, COMPOSTO DE FIOS D COBRE NU, TÊMPERA MOLE, ENCORDOAMENTO CLASSE 5, ISOLAÇÃO E COBERTURA EM COMPOSTO TERMOPLÁSTICO DE PVC FLEXÍVEL NA COR AZUL , TEMPERATURA  70ºC EM SERVIÇO.;PRYSMIAN OU SIMILAR;1 x 10mm2;m 
WC-Q1-A6;CABO DE POTÊNCIA SINGELO, CLASSE DE TENSÃO  0,6/1kV, COMPOSTO DE FIOS D COBRE NU, TÊMPERA MOLE, ENCORDOAMENTO CLASSE 5, ISOLAÇÃO E COBERTURA EM COMPOSTO TERMOPLÁSTICO DE PVC FLEXÍVEL NA COR AZUL , TEMPERATURA  70ºC EM SERVIÇO.;PRYSMIAN OU SIMILAR;1 x 16mm2;m 
WC-Q1-A7;CABO DE POTÊNCIA SINGELO, CLASSE DE TENSÃO  0,6/1kV, COMPOSTO DE FIOS D COBRE NU, TÊMPERA MOLE, ENCORDOAMENTO CLASSE 5, ISOLAÇÃO E COBERTURA EM COMPOSTO TERMOPLÁSTICO DE PVC FLEXÍVEL NA COR AZUL , TEMPERATURA  70ºC EM SERVIÇO.;PRYSMIAN OU SIMILAR;1 x 25mm2;m 
WC-Q1-A8;CABO DE POTÊNCIA SINGELO, CLASSE DE TENSÃO  0,6/1kV, COMPOSTO DE FIOS D COBRE NU, TÊMPERA MOLE, ENCORDOAMENTO CLASSE 5, ISOLAÇÃO E COBERTURA EM COMPOSTO TERMOPLÁSTICO DE PVC FLEXÍVEL NA COR AZUL , TEMPERATURA  70ºC EM SERVIÇO.;PRYSMIAN OU SIMILAR;1 x 35mm2;m 
WC-Q1-B1;CABO DE POTÊNCIA SINGELO, CLASSE DE TENSÃO  0,6/1kV, COMPOSTO DE FIOS D COBRE NU, TÊMPERA MOLE, ENCORDOAMENTO CLASSE 5, ISOLAÇÃO E COBERTURA EM COMPOSTO TERMOPLÁSTICO DE PVC FLEXÍVEL NA COR AZUL , TEMPERATURA  70ºC EM SERVIÇO.;PRYSMIAN OU SIMILAR;1 x 50mm2;m 
WC-Q1-B2;CABO DE POTÊNCIA SINGELO, CLASSE DE TENSÃO  0,6/1kV, COMPOSTO DE FIOS D COBRE NU, TÊMPERA MOLE, ENCORDOAMENTO CLASSE 5, ISOLAÇÃO E COBERTURA EM COMPOSTO TERMOPLÁSTICO DE PVC FLEXÍVEL NA COR AZUL , TEMPERATURA  70ºC EM SERVIÇO.;PRYSMIAN OU SIMILAR;1 x 70mm2;m 
WC-Q1-B3;CABO DE POTÊNCIA SINGELO, CLASSE DE TENSÃO  0,6/1kV, COMPOSTO DE FIOS D COBRE NU, TÊMPERA MOLE, ENCORDOAMENTO CLASSE 5, ISOLAÇÃO E COBERTURA EM COMPOSTO TERMOPLÁSTICO DE PVC FLEXÍVEL NA COR AZUL , TEMPERATURA  70ºC EM SERVIÇO.;PRYSMIAN OU SIMILAR;1 x 95mm2;m 
WC-Q1-C1;CABO DE POTÊNCIA SINGELO, CLASSE DE TENSÃO  0,6/1kV, COMPOSTO DE FIOS D COBRE NU, TÊMPERA MOLE, ENCORDOAMENTO CLASSE 5, ISOLAÇÃO E COBERTURA EM COMPOSTO TERMOPLÁSTICO DE PVC FLEXÍVEL NA COR AZUL , TEMPERATURA  70ºC EM SERVIÇO.;PRYSMIAN OU SIMILAR;1 x 120mm2;m 
WC-Q1-C2;CABO DE POTÊNCIA SINGELO, CLASSE DE TENSÃO  0,6/1kV, COMPOSTO DE FIOS D COBRE NU, TÊMPERA MOLE, ENCORDOAMENTO CLASSE 5, ISOLAÇÃO E COBERTURA EM COMPOSTO TERMOPLÁSTICO DE PVC FLEXÍVEL NA COR AZUL , TEMPERATURA  70ºC EM SERVIÇO.;PRYSMIAN OU SIMILAR;1 x 150mm2;m 
WC-Q1-C3;CABO DE POTÊNCIA SINGELO, CLASSE DE TENSÃO  0,6/1kV, COMPOSTO DE FIOS D COBRE NU, TÊMPERA MOLE, ENCORDOAMENTO CLASSE 5, ISOLAÇÃO E COBERTURA EM COMPOSTO TERMOPLÁSTICO DE PVC FLEXÍVEL NA COR AZUL , TEMPERATURA  70ºC EM SERVIÇO.;PRYSMIAN OU SIMILAR;1 x 185mm2;m 
WC-Q1-D1;CABO DE POTÊNCIA SINGELO, CLASSE DE TENSÃO  0,6/1kV, COMPOSTO DE FIOS D COBRE NU, TÊMPERA MOLE, ENCORDOAMENTO CLASSE 5, ISOLAÇÃO E COBERTURA EM COMPOSTO TERMOPLÁSTICO DE PVC FLEXÍVEL NA COR AZUL , TEMPERATURA  70ºC EM SERVIÇO.;PRYSMIAN OU SIMILAR;1 x 240mm2;m 
WC-J1-A2;CABO DE POTÊNCIA SINGELO, CLASSE DE TENSÃO  0,6/1kV, COMPOSTO DE FIOS D COBRE NU, TÊMPERA MOLE, ENCORDOAMENTO CLASSE 5, ISOLAÇÃO E COBERTURA EM COMPOSTO TERMOPLÁSTICO DE PVC FLEXÍVEL NA COR VERDE , TEMPERATURA  70ºC EM SERVIÇO.;PRYSMIAN OU SIMILAR;1x 2,5 mm2;m 
WC-J1-A3;CABO DE POTÊNCIA SINGELO, CLASSE DE TENSÃO  0,6/1kV, COMPOSTO DE FIOS D COBRE NU, TÊMPERA MOLE, ENCORDOAMENTO CLASSE 5, ISOLAÇÃO E COBERTURA EM COMPOSTO TERMOPLÁSTICO DE PVC FLEXÍVEL NA COR VERDE , TEMPERATURA  70ºC EM SERVIÇO.;PRYSMIAN OU SIMILAR;1x 4 mm2;m 
WC-J1-A4;CABO DE POTÊNCIA SINGELO, CLASSE DE TENSÃO  0,6/1kV, COMPOSTO DE FIOS D COBRE NU, TÊMPERA MOLE, ENCORDOAMENTO CLASSE 5, ISOLAÇÃO E COBERTURA EM COMPOSTO TERMOPLÁSTICO DE PVC FLEXÍVEL NA COR VERDE , TEMPERATURA  70ºC EM SERVIÇO.;PRYSMIAN OU SIMILAR;1x 6 mm2;m 
WC-J1-A5;CABO DE POTÊNCIA SINGELO, CLASSE DE TENSÃO  0,6/1kV, COMPOSTO DE FIOS D COBRE NU, TÊMPERA MOLE, ENCORDOAMENTO CLASSE 5, ISOLAÇÃO E COBERTURA EM COMPOSTO TERMOPLÁSTICO DE PVC FLEXÍVEL NA COR VERDE , TEMPERATURA  70ºC EM SERVIÇO.;PRYSMIAN OU SIMILAR;1x 10 mm2;m 
WC-J1-A6;CABO DE POTÊNCIA SINGELO, CLASSE DE TENSÃO  0,6/1kV, COMPOSTO DE FIOS D COBRE NU, TÊMPERA MOLE, ENCORDOAMENTO CLASSE 5, ISOLAÇÃO E COBERTURA EM COMPOSTO TERMOPLÁSTICO DE PVC FLEXÍVEL NA COR VERDE , TEMPERATURA  70ºC EM SERVIÇO.;PRYSMIAN OU SIMILAR;1x 16 mm2;m 
WC-J1-A7;CABO DE POTÊNCIA SINGELO, CLASSE DE TENSÃO  0,6/1kV, COMPOSTO DE FIOS D COBRE NU, TÊMPERA MOLE, ENCORDOAMENTO CLASSE 5, ISOLAÇÃO E COBERTURA EM COMPOSTO TERMOPLÁSTICO DE PVC FLEXÍVEL NA COR VERDE , TEMPERATURA  70ºC EM SERVIÇO.;PRYSMIAN OU SIMILAR;1x 25 mm2;m 
WC-J1-A8;CABO DE POTÊNCIA SINGELO, CLASSE DE TENSÃO  0,6/1kV, COMPOSTO DE FIOS D COBRE NU, TÊMPERA MOLE, ENCORDOAMENTO CLASSE 5, ISOLAÇÃO E COBERTURA EM COMPOSTO TERMOPLÁSTICO DE PVC FLEXÍVEL NA COR VERDE , TEMPERATURA  70ºC EM SERVIÇO.;PRYSMIAN OU SIMILAR;1x 35 mm2;m 
WC-J1-B1;CABO DE POTÊNCIA SINGELO, CLASSE DE TENSÃO  0,6/1kV, COMPOSTO DE FIOS D COBRE NU, TÊMPERA MOLE, ENCORDOAMENTO CLASSE 5, ISOLAÇÃO E COBERTURA EM COMPOSTO TERMOPLÁSTICO DE PVC FLEXÍVEL NA COR VERDE , TEMPERATURA  70ºC EM SERVIÇO.;PRYSMIAN OU SIMILAR;1x 50 mm2;m 
WC-J1-B2;CABO DE POTÊNCIA SINGELO, CLASSE DE TENSÃO  0,6/1kV, COMPOSTO DE FIOS D COBRE NU, TÊMPERA MOLE, ENCORDOAMENTO CLASSE 5, ISOLAÇÃO E COBERTURA EM COMPOSTO TERMOPLÁSTICO DE PVC FLEXÍVEL NA COR VERDE , TEMPERATURA  70ºC EM SERVIÇO.;PRYSMIAN OU SIMILAR;1x 70 mm2;m 
WC-J1-B3;CABO DE POTÊNCIA SINGELO, CLASSE DE TENSÃO  0,6/1kV, COMPOSTO DE FIOS D COBRE NU, TÊMPERA MOLE, ENCORDOAMENTO CLASSE 5, ISOLAÇÃO E COBERTURA EM COMPOSTO TERMOPLÁSTICO DE PVC FLEXÍVEL NA COR VERDE , TEMPERATURA  70ºC EM SERVIÇO.;PRYSMIAN OU SIMILAR;1x 95 mm2;m 
WC-J1-C1;CABO DE POTÊNCIA SINGELO, CLASSE DE TENSÃO  0,6/1kV, COMPOSTO DE FIOS D COBRE NU, TÊMPERA MOLE, ENCORDOAMENTO CLASSE 5, ISOLAÇÃO E COBERTURA EM COMPOSTO TERMOPLÁSTICO DE PVC FLEXÍVEL NA COR VERDE , TEMPERATURA  70ºC EM SERVIÇO.;PRYSMIAN OU SIMILAR;1x 120 mm2;m 
WC-J1-C2;CABO DE POTÊNCIA SINGELO, CLASSE DE TENSÃO  0,6/1kV, COMPOSTO DE FIOS D COBRE NU, TÊMPERA MOLE, ENCORDOAMENTO CLASSE 5, ISOLAÇÃO E COBERTURA EM COMPOSTO TERMOPLÁSTICO DE PVC FLEXÍVEL NA COR VERDE , TEMPERATURA  70ºC EM SERVIÇO.;PRYSMIAN OU SIMILAR;1x 150 mm2;m 
WC-J1-C3;CABO DE POTÊNCIA SINGELO, CLASSE DE TENSÃO  0,6/1kV, COMPOSTO DE FIOS D COBRE NU, TÊMPERA MOLE, ENCORDOAMENTO CLASSE 5, ISOLAÇÃO E COBERTURA EM COMPOSTO TERMOPLÁSTICO DE PVC FLEXÍVEL NA COR VERDE , TEMPERATURA  70ºC EM SERVIÇO.;PRYSMIAN OU SIMILAR;1x 185 mm2;m 
WC-J1-D1;CABO DE POTÊNCIA SINGELO, CLASSE DE TENSÃO  0,6/1kV, COMPOSTO DE FIOS D COBRE NU, TÊMPERA MOLE, ENCORDOAMENTO CLASSE 5, ISOLAÇÃO E COBERTURA EM COMPOSTO TERMOPLÁSTICO DE PVC FLEXÍVEL NA COR VERDE , TEMPERATURA  70ºC EM SERVIÇO.;PRYSMIAN OU SIMILAR;1x 240 mm2;m 
WC-E1-A2;CABO DE POTÊNCIA SINGELO, CLASSE DE TENSÃO  0,6/1kV, COMPOSTO DE FIOS DE COBRE NU, TÊMPERA MOLE, ENCORDOAMENTO CLASSE 5, ISOLAÇÃO EM COMPOSTO TERMOFIXO EPR, COBERTURA EM COMPOSTO TERMOPLÁSTICO DE PVC FLEXÍVEL NA COR PRETA , TEMPERATURA  90ºC EM SERVIÇO.;PRYSMIAN OU SIMILAR;1 x 2,5 mm2;m 
WC-E1-A3;CABO DE POTÊNCIA SINGELO, CLASSE DE TENSÃO  0,6/1kV, COMPOSTO DE FIOS DE COBRE NU, TÊMPERA MOLE, ENCORDOAMENTO CLASSE 5, ISOLAÇÃO EM COMPOSTO TERMOFIXO EPR, COBERTURA EM COMPOSTO TERMOPLÁSTICO DE PVC FLEXÍVEL NA COR PRETA , TEMPERATURA  90ºC EM SERVIÇO.;PRYSMIAN OU SIMILAR;1 x 4 mm2;m 
WC-E1-A4;CABO DE POTÊNCIA SINGELO, CLASSE DE TENSÃO  0,6/1kV, COMPOSTO DE FIOS DE COBRE NU, TÊMPERA MOLE, ENCORDOAMENTO CLASSE 5, ISOLAÇÃO EM COMPOSTO TERMOFIXO EPR, COBERTURA EM COMPOSTO TERMOPLÁSTICO DE PVC FLEXÍVEL NA COR PRETA , TEMPERATURA  90ºC EM SERVIÇO.;PRYSMIAN OU SIMILAR;1 x 6 mm2;m 
WC-E1-A5;CABO DE POTÊNCIA SINGELO, CLASSE DE TENSÃO  0,6/1kV, COMPOSTO DE FIOS DE COBRE NU, TÊMPERA MOLE, ENCORDOAMENTO CLASSE 5, ISOLAÇÃO EM COMPOSTO TERMOFIXO EPR, COBERTURA EM COMPOSTO TERMOPLÁSTICO DE PVC FLEXÍVEL NA COR PRETA , TEMPERATURA  90ºC EM SERVIÇO.;PRYSMIAN OU SIMILAR;1 x 10 mm2;m 
WC-E1-A6;CABO DE POTÊNCIA SINGELO, CLASSE DE TENSÃO  0,6/1kV, COMPOSTO DE FIOS DE COBRE NU, TÊMPERA MOLE, ENCORDOAMENTO CLASSE 5, ISOLAÇÃO EM COMPOSTO TERMOFIXO EPR, COBERTURA EM COMPOSTO TERMOPLÁSTICO DE PVC FLEXÍVEL NA COR PRETA , TEMPERATURA  90ºC EM SERVIÇO.;PRYSMIAN OU SIMILAR;1 x 16 mm2;m 
WC-E1-A7;CABO DE POTÊNCIA SINGELO, CLASSE DE TENSÃO  0,6/1kV, COMPOSTO DE FIOS DE COBRE NU, TÊMPERA MOLE, ENCORDOAMENTO CLASSE 5, ISOLAÇÃO EM COMPOSTO TERMOFIXO EPR, COBERTURA EM COMPOSTO TERMOPLÁSTICO DE PVC FLEXÍVEL NA COR PRETA , TEMPERATURA  90ºC EM SERVIÇO.;PRYSMIAN OU SIMILAR;1 x 25 mm2;m 
WC-E1-A8;CABO DE POTÊNCIA SINGELO, CLASSE DE TENSÃO  0,6/1kV, COMPOSTO DE FIOS DE COBRE NU, TÊMPERA MOLE, ENCORDOAMENTO CLASSE 5, ISOLAÇÃO EM COMPOSTO TERMOFIXO EPR, COBERTURA EM COMPOSTO TERMOPLÁSTICO DE PVC FLEXÍVEL NA COR PRETA , TEMPERATURA  90ºC EM SERVIÇO.;PRYSMIAN OU SIMILAR;1 x 35 mm2;m 
WC-E1-B1;CABO DE POTÊNCIA SINGELO, CLASSE DE TENSÃO  0,6/1kV, COMPOSTO DE FIOS DE COBRE NU, TÊMPERA MOLE, ENCORDOAMENTO CLASSE 5, ISOLAÇÃO EM COMPOSTO TERMOFIXO EPR, COBERTURA EM COMPOSTO TERMOPLÁSTICO DE PVC FLEXÍVEL NA COR PRETA , TEMPERATURA  90ºC EM SERVIÇO.;PRYSMIAN OU SIMILAR;1 x 50 mm2;m 
WC-E1-B2;CABO DE POTÊNCIA SINGELO, CLASSE DE TENSÃO  0,6/1kV, COMPOSTO DE FIOS DE COBRE NU, TÊMPERA MOLE, ENCORDOAMENTO CLASSE 5, ISOLAÇÃO EM COMPOSTO TERMOFIXO EPR, COBERTURA EM COMPOSTO TERMOPLÁSTICO DE PVC FLEXÍVEL NA COR PRETA , TEMPERATURA  90ºC EM SERVIÇO.;PRYSMIAN OU SIMILAR;1 x 70 mm2;m 
WC-E1-B3;CABO DE POTÊNCIA SINGELO, CLASSE DE TENSÃO  0,6/1kV, COMPOSTO DE FIOS DE COBRE NU, TÊMPERA MOLE, ENCORDOAMENTO CLASSE 5, ISOLAÇÃO EM COMPOSTO TERMOFIXO EPR, COBERTURA EM COMPOSTO TERMOPLÁSTICO DE PVC FLEXÍVEL NA COR PRETA , TEMPERATURA  90ºC EM SERVIÇO.;PRYSMIAN OU SIMILAR;1 x 95 mm2;m 
WC-E1-C1;CABO DE POTÊNCIA SINGELO, CLASSE DE TENSÃO  0,6/1kV, COMPOSTO DE FIOS DE COBRE NU, TÊMPERA MOLE, ENCORDOAMENTO CLASSE 5, ISOLAÇÃO EM COMPOSTO TERMOFIXO EPR, COBERTURA EM COMPOSTO TERMOPLÁSTICO DE PVC FLEXÍVEL NA COR PRETA , TEMPERATURA  90ºC EM SERVIÇO.;PRYSMIAN OU SIMILAR;1 x 120 mm2;m 
WC-E1-C2;CABO DE POTÊNCIA SINGELO, CLASSE DE TENSÃO  0,6/1kV, COMPOSTO DE FIOS DE COBRE NU, TÊMPERA MOLE, ENCORDOAMENTO CLASSE 5, ISOLAÇÃO EM COMPOSTO TERMOFIXO EPR, COBERTURA EM COMPOSTO TERMOPLÁSTICO DE PVC FLEXÍVEL NA COR PRETA , TEMPERATURA  90ºC EM SERVIÇO.;PRYSMIAN OU SIMILAR;1 x 150 mm2;m 
WC-E1-C3;CABO DE POTÊNCIA SINGELO, CLASSE DE TENSÃO  0,6/1kV, COMPOSTO DE FIOS DE COBRE NU, TÊMPERA MOLE, ENCORDOAMENTO CLASSE 5, ISOLAÇÃO EM COMPOSTO TERMOFIXO EPR, COBERTURA EM COMPOSTO TERMOPLÁSTICO DE PVC FLEXÍVEL NA COR PRETA , TEMPERATURA  90ºC EM SERVIÇO.;PRYSMIAN OU SIMILAR;1 x 185 mm2;m 
WC-E1-D1;CABO DE POTÊNCIA SINGELO, CLASSE DE TENSÃO  0,6/1kV, COMPOSTO DE FIOS DE COBRE NU, TÊMPERA MOLE, ENCORDOAMENTO CLASSE 5, ISOLAÇÃO EM COMPOSTO TERMOFIXO EPR, COBERTURA EM COMPOSTO TERMOPLÁSTICO DE PVC FLEXÍVEL NA COR PRETA , TEMPERATURA  90ºC EM SERVIÇO.;PRYSMIAN OU SIMILAR;1 x 240 mm2;m 
WC-E2-A2;CABO DE POTÊNCIA BIPOLAR, CLASSE DE TENSÃO  0,6/1kV, COMPOSTO DE FIOS DE COBRE NU, TÊMPERA MOLE, ENCORDOAMENTO CLASSE 5 , ISOLAÇÃO EM COMPOSTO TERMOFIXO EPR, COBERTURA EM COMPOSTO TERMOPLÁSTICO DE PVC FLEXÍVEL NA COR PRETA , TEMPERATURA  90ºC EM SERVIÇO.;PRYSMIAN OU SIMILAR;2 x 2,5 mm2;m 
WC-E2-A3;CABO DE POTÊNCIA BIPOLAR, CLASSE DE TENSÃO  0,6/1kV, COMPOSTO DE FIOS DE COBRE NU, TÊMPERA MOLE, ENCORDOAMENTO CLASSE 5 , ISOLAÇÃO EM COMPOSTO TERMOFIXO EPR, COBERTURA EM COMPOSTO TERMOPLÁSTICO DE PVC FLEXÍVEL NA COR PRETA , TEMPERATURA  90ºC EM SERVIÇO.;PRYSMIAN OU SIMILAR;2 x 4 mm2;m 
WC-E2-A4;CABO DE POTÊNCIA BIPOLAR, CLASSE DE TENSÃO  0,6/1kV, COMPOSTO DE FIOS DE COBRE NU, TÊMPERA MOLE, ENCORDOAMENTO CLASSE 5 , ISOLAÇÃO EM COMPOSTO TERMOFIXO EPR, COBERTURA EM COMPOSTO TERMOPLÁSTICO DE PVC FLEXÍVEL NA COR PRETA , TEMPERATURA  90ºC EM SERVIÇO.;PRYSMIAN OU SIMILAR;2 x 6 mm2;m 
WC-E2-A5;CABO DE POTÊNCIA BIPOLAR, CLASSE DE TENSÃO  0,6/1kV, COMPOSTO DE FIOS DE COBRE NU, TÊMPERA MOLE, ENCORDOAMENTO CLASSE 5 , ISOLAÇÃO EM COMPOSTO TERMOFIXO EPR, COBERTURA EM COMPOSTO TERMOPLÁSTICO DE PVC FLEXÍVEL NA COR PRETA , TEMPERATURA  90ºC EM SERVIÇO.;PRYSMIAN OU SIMILAR;2 x 10 mm2;m 
WC-E2-A6;CABO DE POTÊNCIA BIPOLAR, CLASSE DE TENSÃO  0,6/1kV, COMPOSTO DE FIOS DE COBRE NU, TÊMPERA MOLE, ENCORDOAMENTO CLASSE 5 , ISOLAÇÃO EM COMPOSTO TERMOFIXO EPR, COBERTURA EM COMPOSTO TERMOPLÁSTICO DE PVC FLEXÍVEL NA COR PRETA , TEMPERATURA  90ºC EM SERVIÇO.;PRYSMIAN OU SIMILAR;2 x 16 mm2;m 
WC-E2-A7;CABO DE POTÊNCIA BIPOLAR, CLASSE DE TENSÃO  0,6/1kV, COMPOSTO DE FIOS DE COBRE NU, TÊMPERA MOLE, ENCORDOAMENTO CLASSE 5 , ISOLAÇÃO EM COMPOSTO TERMOFIXO EPR, COBERTURA EM COMPOSTO TERMOPLÁSTICO DE PVC FLEXÍVEL NA COR PRETA , TEMPERATURA  90ºC EM SERVIÇO.;PRYSMIAN OU SIMILAR;2 x 25 mm2;m 
WC-E2-A8;CABO DE POTÊNCIA BIPOLAR, CLASSE DE TENSÃO  0,6/1kV, COMPOSTO DE FIOS DE COBRE NU, TÊMPERA MOLE, ENCORDOAMENTO CLASSE 5 , ISOLAÇÃO EM COMPOSTO TERMOFIXO EPR, COBERTURA EM COMPOSTO TERMOPLÁSTICO DE PVC FLEXÍVEL NA COR PRETA , TEMPERATURA  90ºC EM SERVIÇO.;PRYSMIAN OU SIMILAR;2 x 35 mm2;m 
WC-E2-B1;CABO DE POTÊNCIA BIPOLAR, CLASSE DE TENSÃO  0,6/1kV, COMPOSTO DE FIOS DE COBRE NU, TÊMPERA MOLE, ENCORDOAMENTO CLASSE 5 , ISOLAÇÃO EM COMPOSTO TERMOFIXO EPR, COBERTURA EM COMPOSTO TERMOPLÁSTICO DE PVC FLEXÍVEL NA COR PRETA , TEMPERATURA  90ºC EM SERVIÇO.;PRYSMIAN OU SIMILAR;2 x 50 mm2;m 
WC-E2-B2;CABO DE POTÊNCIA BIPOLAR, CLASSE DE TENSÃO  0,6/1kV, COMPOSTO DE FIOS DE COBRE NU, TÊMPERA MOLE, ENCORDOAMENTO CLASSE 5 , ISOLAÇÃO EM COMPOSTO TERMOFIXO EPR, COBERTURA EM COMPOSTO TERMOPLÁSTICO DE PVC FLEXÍVEL NA COR PRETA , TEMPERATURA  90ºC EM SERVIÇO.;PRYSMIAN OU SIMILAR;2 x 70 mm2;m 
WC-E2-B3;CABO DE POTÊNCIA BIPOLAR, CLASSE DE TENSÃO  0,6/1kV, COMPOSTO DE FIOS DE COBRE NU, TÊMPERA MOLE, ENCORDOAMENTO CLASSE 5 , ISOLAÇÃO EM COMPOSTO TERMOFIXO EPR, COBERTURA EM COMPOSTO TERMOPLÁSTICO DE PVC FLEXÍVEL NA COR PRETA , TEMPERATURA  90ºC EM SERVIÇO.;PRYSMIAN OU SIMILAR;2 x 95 mm2;m 
WC-E2-C1;CABO DE POTÊNCIA BIPOLAR, CLASSE DE TENSÃO  0,6/1kV, COMPOSTO DE FIOS DE COBRE NU, TÊMPERA MOLE, ENCORDOAMENTO CLASSE 5 , ISOLAÇÃO EM COMPOSTO TERMOFIXO EPR, COBERTURA EM COMPOSTO TERMOPLÁSTICO DE PVC FLEXÍVEL NA COR PRETA , TEMPERATURA  90ºC EM SERVIÇO.;PRYSMIAN OU SIMILAR;2 x 120 mm2;m 
WC-E2-C2;CABO DE POTÊNCIA BIPOLAR, CLASSE DE TENSÃO  0,6/1kV, COMPOSTO DE FIOS DE COBRE NU, TÊMPERA MOLE, ENCORDOAMENTO CLASSE 5 , ISOLAÇÃO EM COMPOSTO TERMOFIXO EPR, COBERTURA EM COMPOSTO TERMOPLÁSTICO DE PVC FLEXÍVEL NA COR PRETA , TEMPERATURA  90ºC EM SERVIÇO.;PRYSMIAN OU SIMILAR;2 x 150 mm2;m 
WC-E2-C3;CABO DE POTÊNCIA BIPOLAR, CLASSE DE TENSÃO  0,6/1kV, COMPOSTO DE FIOS DE COBRE NU, TÊMPERA MOLE, ENCORDOAMENTO CLASSE 5 , ISOLAÇÃO EM COMPOSTO TERMOFIXO EPR, COBERTURA EM COMPOSTO TERMOPLÁSTICO DE PVC FLEXÍVEL NA COR PRETA , TEMPERATURA  90ºC EM SERVIÇO.;PRYSMIAN OU SIMILAR;2 x 185 mm2;m 
WC-E2-D1;CABO DE POTÊNCIA BIPOLAR, CLASSE DE TENSÃO  0,6/1kV, COMPOSTO DE FIOS DE COBRE NU, TÊMPERA MOLE, ENCORDOAMENTO CLASSE 5 , ISOLAÇÃO EM COMPOSTO TERMOFIXO EPR, COBERTURA EM COMPOSTO TERMOPLÁSTICO DE PVC FLEXÍVEL NA COR PRETA , TEMPERATURA  90ºC EM SERVIÇO.;PRYSMIAN OU SIMILAR;2 x 240 mm2;m 
WC-E3-A2;CABO DE POTÊNCIA TRIPOLAR, CLASSE DE TENSÃO  0,6/1kV, COMPOSTO DE FIOS DE COBRE NU, TÊMPERA MOLE, ENCORDOAMENTO CLASSE 5, ISOLAÇÃO EM COMPOSTO TERMOFIXO EPR, COBERTURA EM COMPOSTO TERMOPLÁSTICO DE PVC FLEXÍVEL NA COR PRETA , TEMPERATURA  90ºC EM SERVIÇO.;PRYSMIAN OU SIMILAR;3 x 2,5 mm2;m 
WC-E3-A3;CABO DE POTÊNCIA TRIPOLAR, CLASSE DE TENSÃO  0,6/1kV, COMPOSTO DE FIOS DE COBRE NU, TÊMPERA MOLE, ENCORDOAMENTO CLASSE 5, ISOLAÇÃO EM COMPOSTO TERMOFIXO EPR, COBERTURA EM COMPOSTO TERMOPLÁSTICO DE PVC FLEXÍVEL NA COR PRETA , TEMPERATURA  90ºC EM SERVIÇO.;PRYSMIAN OU SIMILAR;3 x 4 mm2;m 
WC-E3-A4;CABO DE POTÊNCIA TRIPOLAR, CLASSE DE TENSÃO  0,6/1kV, COMPOSTO DE FIOS DE COBRE NU, TÊMPERA MOLE, ENCORDOAMENTO CLASSE 5, ISOLAÇÃO EM COMPOSTO TERMOFIXO EPR, COBERTURA EM COMPOSTO TERMOPLÁSTICO DE PVC FLEXÍVEL NA COR PRETA , TEMPERATURA  90ºC EM SERVIÇO.;PRYSMIAN OU SIMILAR;3 x 6 mm2;m 
WC-E3-A5;CABO DE POTÊNCIA TRIPOLAR, CLASSE DE TENSÃO  0,6/1kV, COMPOSTO DE FIOS DE COBRE NU, TÊMPERA MOLE, ENCORDOAMENTO CLASSE 5, ISOLAÇÃO EM COMPOSTO TERMOFIXO EPR, COBERTURA EM COMPOSTO TERMOPLÁSTICO DE PVC FLEXÍVEL NA COR PRETA , TEMPERATURA  90ºC EM SERVIÇO.;PRYSMIAN OU SIMILAR;3 x 10 mm2;m 
WC-E3-A6;CABO DE POTÊNCIA TRIPOLAR, CLASSE DE TENSÃO  0,6/1kV, COMPOSTO DE FIOS DE COBRE NU, TÊMPERA MOLE, ENCORDOAMENTO CLASSE 5, ISOLAÇÃO EM COMPOSTO TERMOFIXO EPR, COBERTURA EM COMPOSTO TERMOPLÁSTICO DE PVC FLEXÍVEL NA COR PRETA , TEMPERATURA  90ºC EM SERVIÇO.;PRYSMIAN OU SIMILAR;3 x 16 mm2;m 
WC-E3-A7;CABO DE POTÊNCIA TRIPOLAR, CLASSE DE TENSÃO  0,6/1kV, COMPOSTO DE FIOS DE COBRE NU, TÊMPERA MOLE, ENCORDOAMENTO CLASSE 5, ISOLAÇÃO EM COMPOSTO TERMOFIXO EPR, COBERTURA EM COMPOSTO TERMOPLÁSTICO DE PVC FLEXÍVEL NA COR PRETA , TEMPERATURA  90ºC EM SERVIÇO.;PRYSMIAN OU SIMILAR;3 x 25 mm2;m 
WC-E3-A8;CABO DE POTÊNCIA TRIPOLAR, CLASSE DE TENSÃO  0,6/1kV, COMPOSTO DE FIOS DE COBRE NU, TÊMPERA MOLE, ENCORDOAMENTO CLASSE 5, ISOLAÇÃO EM COMPOSTO TERMOFIXO EPR, COBERTURA EM COMPOSTO TERMOPLÁSTICO DE PVC FLEXÍVEL NA COR PRETA , TEMPERATURA  90ºC EM SERVIÇO.;PRYSMIAN OU SIMILAR;3 x 35 mm2;m 
WC-E3-B1;CABO DE POTÊNCIA TRIPOLAR, CLASSE DE TENSÃO  0,6/1kV, COMPOSTO DE FIOS DE COBRE NU, TÊMPERA MOLE, ENCORDOAMENTO CLASSE 5, ISOLAÇÃO EM COMPOSTO TERMOFIXO EPR, COBERTURA EM COMPOSTO TERMOPLÁSTICO DE PVC FLEXÍVEL NA COR PRETA , TEMPERATURA  90ºC EM SERVIÇO.;PRYSMIAN OU SIMILAR;3 x 50 mm2;m 
WC-E3-B2;CABO DE POTÊNCIA TRIPOLAR, CLASSE DE TENSÃO  0,6/1kV, COMPOSTO DE FIOS DE COBRE NU, TÊMPERA MOLE, ENCORDOAMENTO CLASSE 5, ISOLAÇÃO EM COMPOSTO TERMOFIXO EPR, COBERTURA EM COMPOSTO TERMOPLÁSTICO DE PVC FLEXÍVEL NA COR PRETA , TEMPERATURA  90ºC EM SERVIÇO.;PRYSMIAN OU SIMILAR;3 x 70 mm2;m 
WC-E3-B3;CABO DE POTÊNCIA TRIPOLAR, CLASSE DE TENSÃO  0,6/1kV, COMPOSTO DE FIOS DE COBRE NU, TÊMPERA MOLE, ENCORDOAMENTO CLASSE 5, ISOLAÇÃO EM COMPOSTO TERMOFIXO EPR, COBERTURA EM COMPOSTO TERMOPLÁSTICO DE PVC FLEXÍVEL NA COR PRETA , TEMPERATURA  90ºC EM SERVIÇO.;PRYSMIAN OU SIMILAR;3 x 95 mm2;m 
WC-E3-C1;CABO DE POTÊNCIA TRIPOLAR, CLASSE DE TENSÃO  0,6/1kV, COMPOSTO DE FIOS DE COBRE NU, TÊMPERA MOLE, ENCORDOAMENTO CLASSE 5, ISOLAÇÃO EM COMPOSTO TERMOFIXO EPR, COBERTURA EM COMPOSTO TERMOPLÁSTICO DE PVC FLEXÍVEL NA COR PRETA , TEMPERATURA  90ºC EM SERVIÇO.;PRYSMIAN OU SIMILAR;3 x 120 mm2;m 
WC-E3-C2;CABO DE POTÊNCIA TRIPOLAR, CLASSE DE TENSÃO  0,6/1kV, COMPOSTO DE FIOS DE COBRE NU, TÊMPERA MOLE, ENCORDOAMENTO CLASSE 5, ISOLAÇÃO EM COMPOSTO TERMOFIXO EPR, COBERTURA EM COMPOSTO TERMOPLÁSTICO DE PVC FLEXÍVEL NA COR PRETA , TEMPERATURA  90ºC EM SERVIÇO.;PRYSMIAN OU SIMILAR;3 x 150 mm2;m 
WC-E3-C3;CABO DE POTÊNCIA TRIPOLAR, CLASSE DE TENSÃO  0,6/1kV, COMPOSTO DE FIOS DE COBRE NU, TÊMPERA MOLE, ENCORDOAMENTO CLASSE 5, ISOLAÇÃO EM COMPOSTO TERMOFIXO EPR, COBERTURA EM COMPOSTO TERMOPLÁSTICO DE PVC FLEXÍVEL NA COR PRETA , TEMPERATURA  90ºC EM SERVIÇO.;PRYSMIAN OU SIMILAR;3 x 185 mm2;m 
WC-E3-D1;CABO DE POTÊNCIA TRIPOLAR, CLASSE DE TENSÃO  0,6/1kV, COMPOSTO DE FIOS DE COBRE NU, TÊMPERA MOLE, ENCORDOAMENTO CLASSE 5, ISOLAÇÃO EM COMPOSTO TERMOFIXO EPR, COBERTURA EM COMPOSTO TERMOPLÁSTICO DE PVC FLEXÍVEL NA COR PRETA , TEMPERATURA  90ºC EM SERVIÇO.;PRYSMIAN OU SIMILAR;3 x 240 mm2;m 
WC-E4-A2;CABO DE POTÊNCIA TETRAPOLAR, CLASSE DE TENSÃO  0,6/1kV, COMPOSTO DE FIOS DE COBRE NU, TÊMPERA MOLE, ENCORDOAMENTO CLASSE 5, ISOLAÇÃO EM COMPOSTO TERMOFIXO EPR, COBERTURA EM COMPOSTO TERMOPLÁSTICO DE PVC FLEXÍVEL NA COR PRETA , TEMPERATURA  90ºC EM SERVIÇO.;PRYSMIAN OU SIMILAR;4 x 2,5mm2;m 
WC-E4-A3;CABO DE POTÊNCIA TETRAPOLAR, CLASSE DE TENSÃO  0,6/1kV, COMPOSTO DE FIOS DE COBRE NU, TÊMPERA MOLE, ENCORDOAMENTO CLASSE 5, ISOLAÇÃO EM COMPOSTO TERMOFIXO EPR, COBERTURA EM COMPOSTO TERMOPLÁSTICO DE PVC FLEXÍVEL NA COR PRETA , TEMPERATURA  90ºC EM SERVIÇO.;PRYSMIAN OU SIMILAR;4 x 4mm2;m 
WC-E4-A4;CABO DE POTÊNCIA TETRAPOLAR, CLASSE DE TENSÃO  0,6/1kV, COMPOSTO DE FIOS DE COBRE NU, TÊMPERA MOLE, ENCORDOAMENTO CLASSE 5, ISOLAÇÃO EM COMPOSTO TERMOFIXO EPR, COBERTURA EM COMPOSTO TERMOPLÁSTICO DE PVC FLEXÍVEL NA COR PRETA , TEMPERATURA  90ºC EM SERVIÇO.;PRYSMIAN OU SIMILAR;4 x 6mm2;m 
WC-E4-A5;CABO DE POTÊNCIA TETRAPOLAR, CLASSE DE TENSÃO  0,6/1kV, COMPOSTO DE FIOS DE COBRE NU, TÊMPERA MOLE, ENCORDOAMENTO CLASSE 5, ISOLAÇÃO EM COMPOSTO TERMOFIXO EPR, COBERTURA EM COMPOSTO TERMOPLÁSTICO DE PVC FLEXÍVEL NA COR PRETA , TEMPERATURA  90ºC EM SERVIÇO.;PRYSMIAN OU SIMILAR;4 x 10mm2;m 
WC-E4-A6;CABO DE POTÊNCIA TETRAPOLAR, CLASSE DE TENSÃO  0,6/1kV, COMPOSTO DE FIOS DE COBRE NU, TÊMPERA MOLE, ENCORDOAMENTO CLASSE 5, ISOLAÇÃO EM COMPOSTO TERMOFIXO EPR, COBERTURA EM COMPOSTO TERMOPLÁSTICO DE PVC FLEXÍVEL NA COR PRETA , TEMPERATURA  90ºC EM SERVIÇO.;PRYSMIAN OU SIMILAR;4 x 16mm2;m 
WC-E4-A7;CABO DE POTÊNCIA TETRAPOLAR, CLASSE DE TENSÃO  0,6/1kV, COMPOSTO DE FIOS DE COBRE NU, TÊMPERA MOLE, ENCORDOAMENTO CLASSE 5, ISOLAÇÃO EM COMPOSTO TERMOFIXO EPR, COBERTURA EM COMPOSTO TERMOPLÁSTICO DE PVC FLEXÍVEL NA COR PRETA , TEMPERATURA  90ºC EM SERVIÇO.;PRYSMIAN OU SIMILAR;4 x 25mm2;m 
WC-E4-A8;CABO DE POTÊNCIA TETRAPOLAR, CLASSE DE TENSÃO  0,6/1kV, COMPOSTO DE FIOS DE COBRE NU, TÊMPERA MOLE, ENCORDOAMENTO CLASSE 5, ISOLAÇÃO EM COMPOSTO TERMOFIXO EPR, COBERTURA EM COMPOSTO TERMOPLÁSTICO DE PVC FLEXÍVEL NA COR PRETA , TEMPERATURA  90ºC EM SERVIÇO.;PRYSMIAN OU SIMILAR;4 x 35mm2;m 
WC-E4-B1;CABO DE POTÊNCIA TETRAPOLAR, CLASSE DE TENSÃO  0,6/1kV, COMPOSTO DE FIOS DE COBRE NU, TÊMPERA MOLE, ENCORDOAMENTO CLASSE 5, ISOLAÇÃO EM COMPOSTO TERMOFIXO EPR, COBERTURA EM COMPOSTO TERMOPLÁSTICO DE PVC FLEXÍVEL NA COR PRETA , TEMPERATURA  90ºC EM SERVIÇO.;PRYSMIAN OU SIMILAR;4 x 50mm2;m 
WC-E4-B2;CABO DE POTÊNCIA TETRAPOLAR, CLASSE DE TENSÃO  0,6/1kV, COMPOSTO DE FIOS DE COBRE NU, TÊMPERA MOLE, ENCORDOAMENTO CLASSE 5, ISOLAÇÃO EM COMPOSTO TERMOFIXO EPR, COBERTURA EM COMPOSTO TERMOPLÁSTICO DE PVC FLEXÍVEL NA COR PRETA , TEMPERATURA  90ºC EM SERVIÇO.;PRYSMIAN OU SIMILAR;4 x 70 mm2;m 
WC-F1-A2;CABO DE POTÊNCIA SINGELO, CLASSE DE TENSÃO  0,6/1kV, COMPOSTO DE FIOS DE COBRE NU, TÊMPERA MOLE, ENCORDOAMENTO CLASSE 5, ISOLAÇÃO EM COMPOSTO TERMOFIXO EPR, COBERTURA EM COMPOSTO TERMOPLÁSTICO DE PVC FLEXÍVEL NA COR VERDE , TEMPERATURA  90ºC EM SERVIÇO.;PRYSMIAN OU SIMILAR;1 x 2,5 mm2;m 
WC-F1-A3;CABO DE POTÊNCIA SINGELO, CLASSE DE TENSÃO  0,6/1kV, COMPOSTO DE FIOS DE COBRE NU, TÊMPERA MOLE, ENCORDOAMENTO CLASSE 5, ISOLAÇÃO EM COMPOSTO TERMOFIXO EPR, COBERTURA EM COMPOSTO TERMOPLÁSTICO DE PVC FLEXÍVEL NA COR VERDE , TEMPERATURA  90ºC EM SERVIÇO.;PRYSMIAN OU SIMILAR;1 x 4 mm2;m 
WC-F1-A4;CABO DE POTÊNCIA SINGELO, CLASSE DE TENSÃO  0,6/1kV, COMPOSTO DE FIOS DE COBRE NU, TÊMPERA MOLE, ENCORDOAMENTO CLASSE 5, ISOLAÇÃO EM COMPOSTO TERMOFIXO EPR, COBERTURA EM COMPOSTO TERMOPLÁSTICO DE PVC FLEXÍVEL NA COR VERDE , TEMPERATURA  90ºC EM SERVIÇO.;PRYSMIAN OU SIMILAR;1 x 6 mm2;m 
WC-F1-A5;CABO DE POTÊNCIA SINGELO, CLASSE DE TENSÃO  0,6/1kV, COMPOSTO DE FIOS DE COBRE NU, TÊMPERA MOLE, ENCORDOAMENTO CLASSE 5, ISOLAÇÃO EM COMPOSTO TERMOFIXO EPR, COBERTURA EM COMPOSTO TERMOPLÁSTICO DE PVC FLEXÍVEL NA COR VERDE , TEMPERATURA  90ºC EM SERVIÇO.;PRYSMIAN OU SIMILAR;1 x 10 mm2;m 
WC-F1-A6;CABO DE POTÊNCIA SINGELO, CLASSE DE TENSÃO  0,6/1kV, COMPOSTO DE FIOS DE COBRE NU, TÊMPERA MOLE, ENCORDOAMENTO CLASSE 5, ISOLAÇÃO EM COMPOSTO TERMOFIXO EPR, COBERTURA EM COMPOSTO TERMOPLÁSTICO DE PVC FLEXÍVEL NA COR VERDE , TEMPERATURA  90ºC EM SERVIÇO.;PRYSMIAN OU SIMILAR;1 x 16 mm2;m 
WC-F1-A7;CABO DE POTÊNCIA SINGELO, CLASSE DE TENSÃO  0,6/1kV, COMPOSTO DE FIOS DE COBRE NU, TÊMPERA MOLE, ENCORDOAMENTO CLASSE 5, ISOLAÇÃO EM COMPOSTO TERMOFIXO EPR, COBERTURA EM COMPOSTO TERMOPLÁSTICO DE PVC FLEXÍVEL NA COR VERDE , TEMPERATURA  90ºC EM SERVIÇO.;PRYSMIAN OU SIMILAR;1 x 25 mm2;m 
WC-F1-A8;CABO DE POTÊNCIA SINGELO, CLASSE DE TENSÃO  0,6/1kV, COMPOSTO DE FIOS DE COBRE NU, TÊMPERA MOLE, ENCORDOAMENTO CLASSE 5, ISOLAÇÃO EM COMPOSTO TERMOFIXO EPR, COBERTURA EM COMPOSTO TERMOPLÁSTICO DE PVC FLEXÍVEL NA COR VERDE , TEMPERATURA  90ºC EM SERVIÇO.;PRYSMIAN OU SIMILAR;1 x 35 mm2;m 
WC-F1-B1;CABO DE POTÊNCIA SINGELO, CLASSE DE TENSÃO  0,6/1kV, COMPOSTO DE FIOS DE COBRE NU, TÊMPERA MOLE, ENCORDOAMENTO CLASSE 5, ISOLAÇÃO EM COMPOSTO TERMOFIXO EPR, COBERTURA EM COMPOSTO TERMOPLÁSTICO DE PVC FLEXÍVEL NA COR VERDE , TEMPERATURA  90ºC EM SERVIÇO.;PRYSMIAN OU SIMILAR;1 x 50 mm2;m 
WC-F1-B2;CABO DE POTÊNCIA SINGELO, CLASSE DE TENSÃO  0,6/1kV, COMPOSTO DE FIOS DE COBRE NU, TÊMPERA MOLE, ENCORDOAMENTO CLASSE 5, ISOLAÇÃO EM COMPOSTO TERMOFIXO EPR, COBERTURA EM COMPOSTO TERMOPLÁSTICO DE PVC FLEXÍVEL NA COR VERDE , TEMPERATURA 90ºC EM SERVIÇO. 1 x 70 mm2;PRYSMIAN OU SIMILAR;1 x 70 mm2;m 
WC-F1-B3;CABO DE POTÊNCIA SINGELO, CLASSE DE TENSÃO  0,6/1kV, COMPOSTO DE FIOS DE COBRE NU, TÊMPERA MOLE, ENCORDOAMENTO CLASSE 5, ISOLAÇÃO EM COMPOSTO TERMOFIXO EPR, COBERTURA EM COMPOSTO TERMOPLÁSTICO DE PVC FLEXÍVEL NA COR VERDE , TEMPERATURA  90ºC EM SERVIÇO.;PRYSMIAN OU SIMILAR;1 x 95 mm2;m 
WC-F1-C1;CABO DE POTÊNCIA SINGELO, CLASSE DE TENSÃO  0,6/1kV, COMPOSTO DE FIOS DE COBRE NU, TÊMPERA MOLE, ENCORDOAMENTO CLASSE 5, ISOLAÇÃO EM COMPOSTO TERMOFIXO EPR, COBERTURA EM COMPOSTO TERMOPLÁSTICO DE PVC FLEXÍVEL NA COR VERDE , TEMPERATURA  90ºC EM SERVIÇO.;PRYSMIAN OU SIMILAR;1 x 120 mm2;m 
WC-F1-C2;CABO DE POTÊNCIA SINGELO, CLASSE DE TENSÃO  0,6/1kV, COMPOSTO DE FIOS DE COBRE NU, TÊMPERA MOLE, ENCORDOAMENTO CLASSE 5, ISOLAÇÃO EM COMPOSTO TERMOFIXO EPR, COBERTURA EM COMPOSTO TERMOPLÁSTICO DE PVC FLEXÍVEL NA COR VERDE , TEMPERATURA  90ºC EM SERVIÇO.;PRYSMIAN OU SIMILAR;1 x 150 mm2;m 
WC-F1-C3;CABO DE POTÊNCIA SINGELO, CLASSE DE TENSÃO  0,6/1kV, COMPOSTO DE FIOS DE COBRE NU, TÊMPERA MOLE, ENCORDOAMENTO CLASSE 5, ISOLAÇÃO EM COMPOSTO TERMOFIXO EPR, COBERTURA EM COMPOSTO TERMOPLÁSTICO DE PVC FLEXÍVEL NA COR VERDE , TEMPERATURA  90ºC EM SERVIÇO.;PRYSMIAN OU SIMILAR;1 x 185 mm2;m 
WC-F1-C4;CABO DE POTÊNCIA SINGELO, CLASSE DE TENSÃO  0,6/1kV, COMPOSTO DE FIOS DE COBRE NU, TÊMPERA MOLE, ENCORDOAMENTO CLASSE 5, ISOLAÇÃO EM COMPOSTO TERMOFIXO EPR, COBERTURA EM COMPOSTO TERMOPLÁSTICO DE PVC FLEXÍVEL NA COR VERDE , TEMPERATURA  90ºC EM SERVIÇO.;PRYSMIAN OU SIMILAR;1 x 240 mm2;m 
WC-G1-A2;CABO DE POTÊNCIA SINGELO, CLASSE DE TENSÃO  0,6/1kV, COMPOSTO DE FIOS DE COBRE NU, TÊMPERA MOLE, ENCORDOAMENTO CLASSE 5, ISOLAÇÃO EM COMPOSTO TERMOFIXO EPR, COBERTURA EM COMPOSTO TERMOPLÁSTICO DE PVC FLEXÍVEL NA COR AZUL , TEMPERATURA  90ºC EM SERVIÇO.;PRYSMIAN OU SIMILAR;1 x 2,5 mm2;m 
WC-G1-A3;CABO DE POTÊNCIA SINGELO, CLASSE DE TENSÃO  0,6/1kV, COMPOSTO DE FIOS DE COBRE NU, TÊMPERA MOLE, ENCORDOAMENTO CLASSE 5, ISOLAÇÃO EM COMPOSTO TERMOFIXO EPR, COBERTURA EM COMPOSTO TERMOPLÁSTICO DE PVC FLEXÍVEL NA COR AZUL , TEMPERATURA  90ºC EM SERVIÇO.;PRYSMIAN OU SIMILAR;1 x 4 mm2;m 
WC-G1-A4;CABO DE POTÊNCIA SINGELO, CLASSE DE TENSÃO  0,6/1kV, COMPOSTO DE FIOS DE COBRE NU, TÊMPERA MOLE, ENCORDOAMENTO CLASSE 5, ISOLAÇÃO EM COMPOSTO TERMOFIXO EPR, COBERTURA EM COMPOSTO TERMOPLÁSTICO DE PVC FLEXÍVEL NA COR AZUL , TEMPERATURA  90ºC EM SERVIÇO.;PRYSMIAN OU SIMILAR;1 x 6 mm2;m 
WC-G1-A5;CABO DE POTÊNCIA SINGELO, CLASSE DE TENSÃO  0,6/1kV, COMPOSTO DE FIOS DE COBRE NU, TÊMPERA MOLE, ENCORDOAMENTO CLASSE 5, ISOLAÇÃO EM COMPOSTO TERMOFIXO EPR, COBERTURA EM COMPOSTO TERMOPLÁSTICO DE PVC FLEXÍVEL NA COR AZUL , TEMPERATURA  90ºC EM SERVIÇO.;PRYSMIAN OU SIMILAR;1 x 10 mm2;m 
WC-G1-A6;CABO DE POTÊNCIA SINGELO, CLASSE DE TENSÃO  0,6/1kV, COMPOSTO DE FIOS DE COBRE NU, TÊMPERA MOLE, ENCORDOAMENTO CLASSE 5, ISOLAÇÃO EM COMPOSTO TERMOFIXO EPR, COBERTURA EM COMPOSTO TERMOPLÁSTICO DE PVC FLEXÍVEL NA COR AZUL , TEMPERATURA  90ºC EM SERVIÇO.;PRYSMIAN OU SIMILAR;1 x 16 mm2;m 
WC-G1-A7;CABO DE POTÊNCIA SINGELO, CLASSE DE TENSÃO  0,6/1kV, COMPOSTO DE FIOS DE COBRE NU, TÊMPERA MOLE, ENCORDOAMENTO CLASSE 5, ISOLAÇÃO EM COMPOSTO TERMOFIXO EPR, COBERTURA EM COMPOSTO TERMOPLÁSTICO DE PVC FLEXÍVEL NA COR AZUL , TEMPERATURA  90ºC EM SERVIÇO.;PRYSMIAN OU SIMILAR;1 x 25 mm2;m 
WC-G1-A8;CABO DE POTÊNCIA SINGELO, CLASSE DE TENSÃO  0,6/1kV, COMPOSTO DE FIOS DE COBRE NU, TÊMPERA MOLE, ENCORDOAMENTO CLASSE 5, ISOLAÇÃO EM COMPOSTO TERMOFIXO EPR, COBERTURA EM COMPOSTO TERMOPLÁSTICO DE PVC FLEXÍVEL NA COR AZUL , TEMPERATURA  90ºC EM SERVIÇO.;PRYSMIAN OU SIMILAR;1 x 35 mm2;m 
WC-G1-B1;CABO DE POTÊNCIA SINGELO, CLASSE DE TENSÃO  0,6/1kV, COMPOSTO DE FIOS DE COBRE NU, TÊMPERA MOLE, ENCORDOAMENTO CLASSE 5, ISOLAÇÃO EM COMPOSTO TERMOFIXO EPR, COBERTURA EM COMPOSTO TERMOPLÁSTICO DE PVC FLEXÍVEL NA COR AZUL , TEMPERATURA  90ºC EM SERVIÇO.;PRYSMIAN OU SIMILAR;1 x 50 mm2;m 
WC-G1-B2;CABO DE POTÊNCIA SINGELO, CLASSE DE TENSÃO  0,6/1kV, COMPOSTO DE FIOS DE COBRE NU, TÊMPERA MOLE, ENCORDOAMENTO CLASSE 5, ISOLAÇÃO EM COMPOSTO TERMOFIXO EPR, COBERTURA EM COMPOSTO TERMOPLÁSTICO DE PVC FLEXÍVEL NA COR AZUL , TEMPERATURA  90ºC EM SERVIÇO.;PRYSMIAN OU SIMILAR;1 x 70 mm2;m 
WC-G1-B3;CABO DE POTÊNCIA SINGELO, CLASSE DE TENSÃO  0,6/1kV, COMPOSTO DE FIOS DE COBRE NU, TÊMPERA MOLE, ENCORDOAMENTO CLASSE 5, ISOLAÇÃO EM COMPOSTO TERMOFIXO EPR, COBERTURA EM COMPOSTO TERMOPLÁSTICO DE PVC FLEXÍVEL NA COR AZUL , TEMPERATURA  90ºC EM SERVIÇO.;PRYSMIAN OU SIMILAR;1 x 95 mm2;m 
WC-G1-C1;CABO DE POTÊNCIA SINGELO, CLASSE DE TENSÃO  0,6/1kV, COMPOSTO DE FIOS DE COBRE NU, TÊMPERA MOLE, ENCORDOAMENTO CLASSE 5, ISOLAÇÃO EM COMPOSTO TERMOFIXO EPR, COBERTURA EM COMPOSTO TERMOPLÁSTICO DE PVC FLEXÍVEL NA COR AZUL , TEMPERATURA  90ºC EM SERVIÇO.;PRYSMIAN OU SIMILAR;1 x 120 mm2;m 
WC-G1-C2;CABO DE POTÊNCIA SINGELO, CLASSE DE TENSÃO  0,6/1kV, COMPOSTO DE FIOS DE COBRE NU, TÊMPERA MOLE, ENCORDOAMENTO CLASSE 5, ISOLAÇÃO EM COMPOSTO TERMOFIXO EPR, COBERTURA EM COMPOSTO TERMOPLÁSTICO DE PVC FLEXÍVEL NA COR AZUL , TEMPERATURA  90ºC EM SERVIÇO.;PRYSMIAN OU SIMILAR;1 x 150 mm2;m 
WC-G1-C3;CABO DE POTÊNCIA SINGELO, CLASSE DE TENSÃO  0,6/1kV, COMPOSTO DE FIOS DE COBRE NU, TÊMPERA MOLE, ENCORDOAMENTO CLASSE 5, ISOLAÇÃO EM COMPOSTO TERMOFIXO EPR, COBERTURA EM COMPOSTO TERMOPLÁSTICO DE PVC FLEXÍVEL NA COR AZUL , TEMPERATURA  90ºC EM SERVIÇO.;PRYSMIAN OU SIMILAR;1 x 185 mm2;m 
WC-G1-C4;CABO DE POTÊNCIA SINGELO, CLASSE DE TENSÃO  0,6/1kV, COMPOSTO DE FIOS DE COBRE NU, TÊMPERA MOLE, ENCORDOAMENTO CLASSE 5, ISOLAÇÃO EM COMPOSTO TERMOFIXO EPR, COBERTURA EM COMPOSTO TERMOPLÁSTICO DE PVC FLEXÍVEL NA COR AZUL , TEMPERATURA  90ºC EM SERVIÇO.;PRYSMIAN OU SIMILAR;1 x 240 mm2;m 
WD-E1-A2;CABO DE POTÊNCIA SINGELO, CLASSE DE TENSÃO  0,6/1kV, COMPOSTO DE FIOS DE COBRE NU, TÊMPERA MOLE, ENCORDOAMENTO CLASSE 5, ISOLAÇÃO EM COMPOSTO TERMOFIXO DUPLA CAMADA HEPR-EPR/B, ENCHIMENTO EM COMPOSTO POLIOLEFÍNICO NÃO HIDROGENADO, COBERTURA EM COMPOSTO TERMOPLÁSTICO COM BASE  POLIOLEFÍNICA NÃO HIDROGENADO, NA COR PRETA , TEMPERATURA  90ºC EM SERVIÇO.  ;PRYSMIAN OU SIMILAR;1 x 2,5 mm2;m 
WD-E1-A3;CABO DE POTÊNCIA SINGELO, CLASSE DE TENSÃO  0,6/1kV, COMPOSTO DE FIOS DE COBRE NU, TÊMPERA MOLE, ENCORDOAMENTO CLASSE 5, ISOLAÇÃO EM COMPOSTO TERMOFIXO DUPLA CAMADA HEPR-EPR/B, ENCHIMENTO EM COMPOSTO POLIOLEFÍNICO NÃO HIDROGENADO, COBERTURA EM COMPOSTO TERMOPLÁSTICO COM BASE  POLIOLEFÍNICA NÃO HIDROGENADO, NA COR PRETA , TEMPERATURA  90ºC EM SERVIÇO.  ;PRYSMIAN OU SIMILAR;1 x 4 mm2;m 
WD-E1-A4;CABO DE POTÊNCIA SINGELO, CLASSE DE TENSÃO  0,6/1kV, COMPOSTO DE FIOS DE COBRE NU, TÊMPERA MOLE, ENCORDOAMENTO CLASSE 5, ISOLAÇÃO EM COMPOSTO TERMOFIXO DUPLA CAMADA HEPR-EPR/B, ENCHIMENTO EM COMPOSTO POLIOLEFÍNICO NÃO HIDROGENADO, COBERTURA EM COMPOSTO TERMOPLÁSTICO COM BASE  POLIOLEFÍNICA NÃO HIDROGENADO, NA COR PRETA , TEMPERATURA  90ºC EM SERVIÇO.  ;PRYSMIAN OU SIMILAR;1 x 6 mm2;m 
WD-E1-A5;CABO DE POTÊNCIA SINGELO, CLASSE DE TENSÃO  0,6/1kV, COMPOSTO DE FIOS DE COBRE NU, TÊMPERA MOLE, ENCORDOAMENTO CLASSE 5, ISOLAÇÃO EM COMPOSTO TERMOFIXO DUPLA CAMADA HEPR-EPR/B, ENCHIMENTO EM COMPOSTO POLIOLEFÍNICO NÃO HIDROGENADO, COBERTURA EM COMPOSTO TERMOPLÁSTICO COM BASE  POLIOLEFÍNICA NÃO HIDROGENADO, NA COR PRETA , TEMPERATURA  90ºC EM SERVIÇO.  ;PRYSMIAN OU SIMILAR;1 x 10 mm2;m 
WD-E1-A6;CABO DE POTÊNCIA SINGELO, CLASSE DE TENSÃO  0,6/1kV, COMPOSTO DE FIOS DE COBRE NU, TÊMPERA MOLE, ENCORDOAMENTO CLASSE 5, ISOLAÇÃO EM COMPOSTO TERMOFIXO DUPLA CAMADA HEPR-EPR/B, ENCHIMENTO EM COMPOSTO POLIOLEFÍNICO NÃO HIDROGENADO, COBERTURA EM COMPOSTO TERMOPLÁSTICO COM BASE  POLIOLEFÍNICA NÃO HIDROGENADO, NA COR PRETA , TEMPERATURA  90ºC EM SERVIÇO.  ;PRYSMIAN OU SIMILAR;1 x 16 mm2;m 
WD-E1-A7;CABO DE POTÊNCIA SINGELO, CLASSE DE TENSÃO  0,6/1kV, COMPOSTO DE FIOS DE COBRE NU, TÊMPERA MOLE, ENCORDOAMENTO CLASSE 5, ISOLAÇÃO EM COMPOSTO TERMOFIXO DUPLA CAMADA HEPR-EPR/B, ENCHIMENTO EM COMPOSTO POLIOLEFÍNICO NÃO HIDROGENADO, COBERTURA EM COMPOSTO TERMOPLÁSTICO COM BASE  POLIOLEFÍNICA NÃO HIDROGENADO, NA COR PRETA , TEMPERATURA  90ºC EM SERVIÇO.  ;PRYSMIAN OU SIMILAR;1 x 25 mm2;m 
WD-E1-A8;CABO DE POTÊNCIA SINGELO, CLASSE DE TENSÃO  0,6/1kV, COMPOSTO DE FIOS DE COBRE NU, TÊMPERA MOLE, ENCORDOAMENTO CLASSE 5, ISOLAÇÃO EM COMPOSTO TERMOFIXO DUPLA CAMADA HEPR-EPR/B, ENCHIMENTO EM COMPOSTO POLIOLEFÍNICO NÃO HIDROGENADO, COBERTURA EM COMPOSTO TERMOPLÁSTICO COM BASE  POLIOLEFÍNICA NÃO HIDROGENADO, NA COR PRETA , TEMPERATURA  90ºC EM SERVIÇO.  ;PRYSMIAN OU SIMILAR;1 x 35 mm2;m 
WD-E1-B1;CABO DE POTÊNCIA SINGELO, CLASSE DE TENSÃO  0,6/1kV, COMPOSTO DE FIOS DE COBRE NU, TÊMPERA MOLE, ENCORDOAMENTO CLASSE 5, ISOLAÇÃO EM COMPOSTO TERMOFIXO DUPLA CAMADA HEPR-EPR/B, ENCHIMENTO EM COMPOSTO POLIOLEFÍNICO NÃO HIDROGENADO, COBERTURA EM COMPOSTO TERMOPLÁSTICO COM BASE  POLIOLEFÍNICA NÃO HIDROGENADO, NA COR PRETA , TEMPERATURA  90ºC EM SERVIÇO.  ;PRYSMIAN OU SIMILAR;1 x 50 mm2;m 
WD-E1-B2;CABO DE POTÊNCIA SINGELO, CLASSE DE TENSÃO  0,6/1kV, COMPOSTO DE FIOS DE COBRE NU, TÊMPERA MOLE, ENCORDOAMENTO CLASSE 5, ISOLAÇÃO EM COMPOSTO TERMOFIXO DUPLA CAMADA HEPR-EPR/B, ENCHIMENTO EM COMPOSTO POLIOLEFÍNICO NÃO HIDROGENADO, COBERTURA EM COMPOSTO TERMOPLÁSTICO COM BASE  POLIOLEFÍNICA NÃO HIDROGENADO, NA COR PRETA , TEMPERATURA  90ºC EM SERVIÇO.  ;PRYSMIAN OU SIMILAR;1 x 70 mm2;m 
WD-E1-B3;CABO DE POTÊNCIA SINGELO, CLASSE DE TENSÃO  0,6/1kV, COMPOSTO DE FIOS DE COBRE NU, TÊMPERA MOLE, ENCORDOAMENTO CLASSE 5, ISOLAÇÃO EM COMPOSTO TERMOFIXO DUPLA CAMADA HEPR-EPR/B, ENCHIMENTO EM COMPOSTO POLIOLEFÍNICO NÃO HIDROGENADO, COBERTURA EM COMPOSTO TERMOPLÁSTICO COM BASE  POLIOLEFÍNICA NÃO HIDROGENADO, NA COR PRETA , TEMPERATURA  90ºC EM SERVIÇO.  ;PRYSMIAN OU SIMILAR;1 x 95 mm2;m 
WD-E1-C1;CABO DE POTÊNCIA SINGELO, CLASSE DE TENSÃO  0,6/1kV, COMPOSTO DE FIOS DE COBRE NU, TÊMPERA MOLE, ENCORDOAMENTO CLASSE 5, ISOLAÇÃO EM COMPOSTO TERMOFIXO DUPLA CAMADA HEPR-EPR/B, ENCHIMENTO EM COMPOSTO POLIOLEFÍNICO NÃO HIDROGENADO, COBERTURA EM COMPOSTO TERMOPLÁSTICO COM BASE  POLIOLEFÍNICA NÃO HIDROGENADO, NA COR PRETA , TEMPERATURA  90ºC EM SERVIÇO.  ;PRYSMIAN OU SIMILAR;1 x 120 mm2;m 
WD-E1-C2;CABO DE POTÊNCIA SINGELO, CLASSE DE TENSÃO  0,6/1kV, COMPOSTO DE FIOS DE COBRE NU, TÊMPERA MOLE, ENCORDOAMENTO CLASSE 5, ISOLAÇÃO EM COMPOSTO TERMOFIXO DUPLA CAMADA HEPR-EPR/B, ENCHIMENTO EM COMPOSTO POLIOLEFÍNICO NÃO HIDROGENADO, COBERTURA EM COMPOSTO TERMOPLÁSTICO COM BASE  POLIOLEFÍNICA NÃO HIDROGENADO, NA COR PRETA , TEMPERATURA  90ºC EM SERVIÇO.  ;PRYSMIAN OU SIMILAR;1 x 150 mm2;m 
WD-E1-C3;CABO DE POTÊNCIA SINGELO, CLASSE DE TENSÃO  0,6/1kV, COMPOSTO DE FIOS DE COBRE NU, TÊMPERA MOLE, ENCORDOAMENTO CLASSE 5, ISOLAÇÃO EM COMPOSTO TERMOFIXO DUPLA CAMADA HEPR-EPR/B, ENCHIMENTO EM COMPOSTO POLIOLEFÍNICO NÃO HIDROGENADO, COBERTURA EM COMPOSTO TERMOPLÁSTICO COM BASE  POLIOLEFÍNICA NÃO HIDROGENADO, NA COR PRETA , TEMPERATURA  90ºC EM SERVIÇO.  ;PRYSMIAN OU SIMILAR;1 x 185 mm2;m 
WD-E1-D1;CABO DE POTÊNCIA SINGELO, CLASSE DE TENSÃO  0,6/1kV, COMPOSTO DE FIOS DE COBRE NU, TÊMPERA MOLE, ENCORDOAMENTO CLASSE 5, ISOLAÇÃO EM COMPOSTO TERMOFIXO DUPLA CAMADA HEPR-EPR/B, ENCHIMENTO EM COMPOSTO POLIOLEFÍNICO NÃO HIDROGENADO, COBERTURA EM COMPOSTO TERMOPLÁSTICO COM BASE  POLIOLEFÍNICA NÃO HIDROGENADO, NA COR PRETA , TEMPERATURA  90ºC EM SERVIÇO.  ;PRYSMIAN OU SIMILAR;1 x 240 mm2;m 
WD-E2-A2;CABO DE POTÊNCIA BIPOLAR, CLASSE DE TENSÃO  0,6/1kV, COMPOSTO DE FIOS DE COBRE NU, TÊMPERA MOLE, ENCORDOAMENTO CLASSE 5, ISOLAÇÃO EM COMPOSTO TERMOFIXO DUPLA CAMADA HEPR-EPR/B, ENCHIMENTO EM COMPOSTO POLIOLEFÍNICO NÃO HIDROGENADO, COBERTURA EM COMPOSTO TERMOPLÁSTICO COM BASE  POLIOLEFÍNICA NÃO HIDROGENADO, NA COR PRETA , TEMPERATURA  90ºC EM SERVIÇO.  ;PRYSMIAN OU SIMILAR;2 x 2,5 mm2;m 
WD-E2-A3;CABO DE POTÊNCIA BIPOLAR, CLASSE DE TENSÃO  0,6/1kV, COMPOSTO DE FIOS DE COBRE NU, TÊMPERA MOLE, ENCORDOAMENTO CLASSE 5, ISOLAÇÃO EM COMPOSTO TERMOFIXO DUPLA CAMADA HEPR-EPR/B, ENCHIMENTO EM COMPOSTO POLIOLEFÍNICO NÃO HIDROGENADO, COBERTURA EM COMPOSTO TERMOPLÁSTICO COM BASE  POLIOLEFÍNICA NÃO HIDROGENADO, NA COR PRETA , TEMPERATURA  90ºC EM SERVIÇO.  ;PRYSMIAN OU SIMILAR;2 x 4 mm2;m 
WD-E2-A4;CABO DE POTÊNCIA BIPOLAR, CLASSE DE TENSÃO  0,6/1kV, COMPOSTO DE FIOS DE COBRE NU, TÊMPERA MOLE, ENCORDOAMENTO CLASSE 5, ISOLAÇÃO EM COMPOSTO TERMOFIXO DUPLA CAMADA HEPR-EPR/B, ENCHIMENTO EM COMPOSTO POLIOLEFÍNICO NÃO HIDROGENADO, COBERTURA EM COMPOSTO TERMOPLÁSTICO COM BASE  POLIOLEFÍNICA NÃO HIDROGENADO, NA COR PRETA , TEMPERATURA  90ºC EM SERVIÇO.  ;PRYSMIAN OU SIMILAR;2 x 6 mm2;m 
WD-E2-A5;CABO DE POTÊNCIA BIPOLAR, CLASSE DE TENSÃO  0,6/1kV, COMPOSTO DE FIOS DE COBRE NU, TÊMPERA MOLE, ENCORDOAMENTO CLASSE 5, ISOLAÇÃO EM COMPOSTO TERMOFIXO DUPLA CAMADA HEPR-EPR/B, ENCHIMENTO EM COMPOSTO POLIOLEFÍNICO NÃO HIDROGENADO, COBERTURA EM COMPOSTO TERMOPLÁSTICO COM BASE  POLIOLEFÍNICA NÃO HIDROGENADO, NA COR PRETA , TEMPERATURA  90ºC EM SERVIÇO.  ;PRYSMIAN OU SIMILAR;2 x 10 mm2;m 
WD-E2-A6;CABO DE POTÊNCIA BIPOLAR, CLASSE DE TENSÃO  0,6/1kV, COMPOSTO DE FIOS DE COBRE NU, TÊMPERA MOLE, ENCORDOAMENTO CLASSE 5, ISOLAÇÃO EM COMPOSTO TERMOFIXO DUPLA CAMADA HEPR-EPR/B, ENCHIMENTO EM COMPOSTO POLIOLEFÍNICO NÃO HIDROGENADO, COBERTURA EM COMPOSTO TERMOPLÁSTICO COM BASE  POLIOLEFÍNICA NÃO HIDROGENADO, NA COR PRETA , TEMPERATURA  90ºC EM SERVIÇO.  ;PRYSMIAN OU SIMILAR;2 x 16 mm2;m 
WD-E2-A7;CABO DE POTÊNCIA BIPOLAR, CLASSE DE TENSÃO  0,6/1kV, COMPOSTO DE FIOS DE COBRE NU, TÊMPERA MOLE, ENCORDOAMENTO CLASSE 5, ISOLAÇÃO EM COMPOSTO TERMOFIXO DUPLA CAMADA HEPR-EPR/B, ENCHIMENTO EM COMPOSTO POLIOLEFÍNICO NÃO HIDROGENADO, COBERTURA EM COMPOSTO TERMOPLÁSTICO COM BASE  POLIOLEFÍNICA NÃO HIDROGENADO, NA COR PRETA , TEMPERATURA  90ºC EM SERVIÇO.  ;PRYSMIAN OU SIMILAR;2 x 25 mm2;m 
WD-E2-A8;CABO DE POTÊNCIA BIPOLAR, CLASSE DE TENSÃO  0,6/1kV, COMPOSTO DE FIOS DE COBRE NU, TÊMPERA MOLE, ENCORDOAMENTO CLASSE 5, ISOLAÇÃO EM COMPOSTO TERMOFIXO DUPLA CAMADA HEPR-EPR/B, ENCHIMENTO EM COMPOSTO POLIOLEFÍNICO NÃO HIDROGENADO, COBERTURA EM COMPOSTO TERMOPLÁSTICO COM BASE  POLIOLEFÍNICA NÃO HIDROGENADO, NA COR PRETA , TEMPERATURA  90ºC EM SERVIÇO.  ;PRYSMIAN OU SIMILAR;2 x 35 mm2;m 
WD-E2-B1;CABO DE POTÊNCIA BIPOLAR, CLASSE DE TENSÃO  0,6/1kV, COMPOSTO DE FIOS DE COBRE NU, TÊMPERA MOLE, ENCORDOAMENTO CLASSE 5, ISOLAÇÃO EM COMPOSTO TERMOFIXO DUPLA CAMADA HEPR-EPR/B, ENCHIMENTO EM COMPOSTO POLIOLEFÍNICO NÃO HIDROGENADO, COBERTURA EM COMPOSTO TERMOPLÁSTICO COM BASE  POLIOLEFÍNICA NÃO HIDROGENADO, NA COR PRETA , TEMPERATURA  90ºC EM SERVIÇO.  ;PRYSMIAN OU SIMILAR;2 x 50 mm2;m 
WD-E2-B2;CABO DE POTÊNCIA BIPOLAR, CLASSE DE TENSÃO  0,6/1kV, COMPOSTO DE FIOS DE COBRE NU, TÊMPERA MOLE, ENCORDOAMENTO CLASSE 5, ISOLAÇÃO EM COMPOSTO TERMOFIXO DUPLA CAMADA HEPR-EPR/B, ENCHIMENTO EM COMPOSTO POLIOLEFÍNICO NÃO HIDROGENADO, COBERTURA EM COMPOSTO TERMOPLÁSTICO COM BASE  POLIOLEFÍNICA NÃO HIDROGENADO, NA COR PRETA , TEMPERATURA  90ºC EM SERVIÇO.  ;PRYSMIAN OU SIMILAR;2 x 70 mm2;m 
WD-E2-B3;CABO DE POTÊNCIA BIPOLAR, CLASSE DE TENSÃO  0,6/1kV, COMPOSTO DE FIOS DE COBRE NU, TÊMPERA MOLE, ENCORDOAMENTO CLASSE 5, ISOLAÇÃO EM COMPOSTO TERMOFIXO DUPLA CAMADA HEPR-EPR/B, ENCHIMENTO EM COMPOSTO POLIOLEFÍNICO NÃO HIDROGENADO, COBERTURA EM COMPOSTO TERMOPLÁSTICO COM BASE  POLIOLEFÍNICA NÃO HIDROGENADO, NA COR PRETA , TEMPERATURA  90ºC EM SERVIÇO.  ;PRYSMIAN OU SIMILAR;2 x 95 mm2;m 
WD-E2-C1;CABO DE POTÊNCIA BIPOLAR, CLASSE DE TENSÃO  0,6/1kV, COMPOSTO DE FIOS DE COBRE NU, TÊMPERA MOLE, ENCORDOAMENTO CLASSE 5, ISOLAÇÃO EM COMPOSTO TERMOFIXO DUPLA CAMADA HEPR-EPR/B, ENCHIMENTO EM COMPOSTO POLIOLEFÍNICO NÃO HIDROGENADO, COBERTURA EM COMPOSTO TERMOPLÁSTICO COM BASE  POLIOLEFÍNICA NÃO HIDROGENADO, NA COR PRETA , TEMPERATURA  90ºC EM SERVIÇO.  ;PRYSMIAN OU SIMILAR;2 x 120 mm2;m 
WD-E2-C2;CABO DE POTÊNCIA BIPOLAR, CLASSE DE TENSÃO  0,6/1kV, COMPOSTO DE FIOS DE COBRE NU, TÊMPERA MOLE, ENCORDOAMENTO CLASSE 5, ISOLAÇÃO EM COMPOSTO TERMOFIXO DUPLA CAMADA HEPR-EPR/B, ENCHIMENTO EM COMPOSTO POLIOLEFÍNICO NÃO HIDROGENADO, COBERTURA EM COMPOSTO TERMOPLÁSTICO COM BASE  POLIOLEFÍNICA NÃO HIDROGENADO, NA COR PRETA , TEMPERATURA  90ºC EM SERVIÇO.  ;PRYSMIAN OU SIMILAR;2 x 150 mm2;m 
WD-E2-C3;CABO DE POTÊNCIA BIPOLAR, CLASSE DE TENSÃO  0,6/1kV, COMPOSTO DE FIOS DE COBRE NU, TÊMPERA MOLE, ENCORDOAMENTO CLASSE 5, ISOLAÇÃO EM COMPOSTO TERMOFIXO DUPLA CAMADA HEPR-EPR/B, ENCHIMENTO EM COMPOSTO POLIOLEFÍNICO NÃO HIDROGENADO, COBERTURA EM COMPOSTO TERMOPLÁSTICO COM BASE  POLIOLEFÍNICA NÃO HIDROGENADO, NA COR PRETA , TEMPERATURA  90ºC EM SERVIÇO.  ;PRYSMIAN OU SIMILAR;2 x 185 mm2;m 
WD-E2-D1;CABO DE POTÊNCIA BIPOLAR, CLASSE DE TENSÃO  0,6/1kV, COMPOSTO DE FIOS DE COBRE NU, TÊMPERA MOLE, ENCORDOAMENTO CLASSE 5, ISOLAÇÃO EM COMPOSTO TERMOFIXO DUPLA CAMADA HEPR-EPR/B, ENCHIMENTO EM COMPOSTO POLIOLEFÍNICO NÃO HIDROGENADO, COBERTURA EM COMPOSTO TERMOPLÁSTICO COM BASE  POLIOLEFÍNICA NÃO HIDROGENADO, NA COR PRETA, TEMPERATURA  90ºC EM SERVIÇO.  ;PRYSMIAN OU SIMILAR;2 x 240 mm2;m 
WD-E3-A2;CABO DE POTÊNCIA TRIPOLAR, CLASSE DE TENSÃO 0,6/1kV, COMPOSTO DE FIOS DE COBRE NU, TÊMPERA MOLE, ENCORDOAMENTO CLASSE 5, ISOLAÇÃO EM COMPOSTO TERMOFIXO DUPLA CAMADA HEPR-EPR/B, ENCHIMENTO EM COMPOSTO POLIOLEFÍNICO NÃO HIDROGENADO, COBERTURA EM COMPOSTO TERMOPLÁSTICO COM BASE  POLIOLEFÍNICA NÃO HIDROGENADO, NA COR PRETA , TEMPERATURA  90ºC EM SERVIÇO. 3 x 2,5 mm2;PRYSMIAN OU SIMILAR;3 x 2,5 mm2;m 
WD-E3-A3;CABO DE POTÊNCIA TRIPOLAR, CLASSE DE TENSÃO  0,6/1kV, COMPOSTO DE FIOS DE COBRE NU, TÊMPERA MOLE, ENCORDOAMENTO CLASSE 5, ISOLAÇÃO EM COMPOSTO TERMOFIXO DUPLA CAMADA HEPR-EPR/B, ENCHIMENTO EM COMPOSTO POLIOLEFÍNICO NÃO HIDROGENADO, COBERTURA EM COMPOSTO TERMOPLÁSTICO COM BASE  POLIOLEFÍNICA NÃO HIDROGENADO, NA COR PRETA , TEMPERATURA  90ºC EM SERVIÇO.  ;PRYSMIAN OU SIMILAR;3 x 4 mm2;m 
WD-E3-A4;CABO DE POTÊNCIA TRIPOLAR, CLASSE DE TENSÃO  0,6/1kV, COMPOSTO DE FIOS DE COBRE NU, TÊMPERA MOLE, ENCORDOAMENTO CLASSE 5, ISOLAÇÃO EM COMPOSTO TERMOFIXO DUPLA CAMADA HEPR-EPR/B, ENCHIMENTO EM COMPOSTO POLIOLEFÍNICO NÃO HIDROGENADO, COBERTURA EM COMPOSTO TERMOPLÁSTICO COM BASE  POLIOLEFÍNICA NÃO HIDROGENADO, NA COR PRETA , TEMPERATURA  90ºC EM SERVIÇO.  ;PRYSMIAN OU SIMILAR;3 x 6 mm2;m 
WD-E3-A5;CABO DE POTÊNCIA TRIPOLAR, CLASSE DE TENSÃO  0,6/1kV, COMPOSTO DE FIOS DE COBRE NU, TÊMPERA MOLE, ENCORDOAMENTO CLASSE 5, ISOLAÇÃO EM COMPOSTO TERMOFIXO DUPLA CAMADA HEPR-EPR/B, ENCHIMENTO EM COMPOSTO POLIOLEFÍNICO NÃO HIDROGENADO, COBERTURA EM COMPOSTO TERMOPLÁSTICO COM BASE  POLIOLEFÍNICA NÃO HIDROGENADO, NA COR PRETA , TEMPERATURA  90ºC EM SERVIÇO.  ;PRYSMIAN OU SIMILAR;3 x 10 mm2;m 
WD-E3-A6;CABO DE POTÊNCIA TRIPOLAR, CLASSE DE TENSÃO  0,6/1kV, COMPOSTO DE FIOS DE COBRE NU, TÊMPERA MOLE, ENCORDOAMENTO CLASSE 5, ISOLAÇÃO EM COMPOSTO TERMOFIXO DUPLA CAMADA HEPR-EPR/B, ENCHIMENTO EM COMPOSTO POLIOLEFÍNICO NÃO HIDROGENADO, COBERTURA EM COMPOSTO TERMOPLÁSTICO COM BASE  POLIOLEFÍNICA NÃO HIDROGENADO, NA COR PRETA , TEMPERATURA  90ºC EM SERVIÇO.  ;PRYSMIAN OU SIMILAR;3 x 16 mm2;m 
WD-E3-A7;CABO DE POTÊNCIA TRIPOLAR, CLASSE DE TENSÃO  0,6/1kV, COMPOSTO DE FIOS DE COBRE NU, TÊMPERA MOLE, ENCORDOAMENTO CLASSE 5, ISOLAÇÃO EM COMPOSTO TERMOFIXO DUPLA CAMADA HEPR-EPR/B, ENCHIMENTO EM COMPOSTO POLIOLEFÍNICO NÃO HIDROGENADO, COBERTURA EM COMPOSTO TERMOPLÁSTICO COM BASE  POLIOLEFÍNICA NÃO HIDROGENADO, NA COR PRETA , TEMPERATURA  90ºC EM SERVIÇO.  ;PRYSMIAN OU SIMILAR;3 x 25 mm2;m 
WD-E3-A8;CABO DE POTÊNCIA TRIPOLAR, CLASSE DE TENSÃO  0,6/1kV, COMPOSTO DE FIOS DE COBRE NU, TÊMPERA MOLE, ENCORDOAMENTO CLASSE 5, ISOLAÇÃO EM COMPOSTO TERMOFIXO DUPLA CAMADA HEPR-EPR/B, ENCHIMENTO EM COMPOSTO POLIOLEFÍNICO NÃO HIDROGENADO, COBERTURA EM COMPOSTO TERMOPLÁSTICO COM BASE  POLIOLEFÍNICA NÃO HIDROGENADO, NA COR PRETA , TEMPERATURA  90ºC EM SERVIÇO.  ;PRYSMIAN OU SIMILAR;3 x 35 mm2;m 
WD-E3-B1;CABO DE POTÊNCIA TRIPOLAR, CLASSE DE TENSÃO  0,6/1kV, COMPOSTO DE FIOS DE COBRE NU, TÊMPERA MOLE, ENCORDOAMENTO CLASSE 5, ISOLAÇÃO EM COMPOSTO TERMOFIXO DUPLA CAMADA HEPR-EPR/B, ENCHIMENTO EM COMPOSTO POLIOLEFÍNICO NÃO HIDROGENADO, COBERTURA EM COMPOSTO TERMOPLÁSTICO COM BASE  POLIOLEFÍNICA NÃO HIDROGENADO, NA COR PRETA , TEMPERATURA  90ºC EM SERVIÇO.  ;PRYSMIAN OU SIMILAR;3 x 50 mm2;m 
WD-E3-B2;CABO DE POTÊNCIA TRIPOLAR, CLASSE DE TENSÃO  0,6/1kV, COMPOSTO DE FIOS DE COBRE NU, TÊMPERA MOLE, ENCORDOAMENTO CLASSE 5, ISOLAÇÃO EM COMPOSTO TERMOFIXO DUPLA CAMADA HEPR-EPR/B, ENCHIMENTO EM COMPOSTO POLIOLEFÍNICO NÃO HIDROGENADO, COBERTURA EM COMPOSTO TERMOPLÁSTICO COM BASE  POLIOLEFÍNICA NÃO HIDROGENADO, NA COR PRETA , TEMPERATURA  90ºC EM SERVIÇO.  ;PRYSMIAN OU SIMILAR;3 x 70 mm2;m 
WD-E3-B3;CABO DE POTÊNCIA TRIPOLAR, CLASSE DE TENSÃO  0,6/1kV, COMPOSTO DE FIOS DE COBRE NU, TÊMPERA MOLE, ENCORDOAMENTO CLASSE 5, ISOLAÇÃO EM COMPOSTO TERMOFIXO DUPLA CAMADA HEPR-EPR/B, ENCHIMENTO EM COMPOSTO POLIOLEFÍNICO NÃO HIDROGENADO, COBERTURA EM COMPOSTO TERMOPLÁSTICO COM BASE  POLIOLEFÍNICA NÃO HIDROGENADO, NA COR PRETA , TEMPERATURA  90ºC EM SERVIÇO.  ;PRYSMIAN OU SIMILAR;3 x 95 mm2;m 
WD-E3-C1;CABO DE POTÊNCIA TRIPOLAR, CLASSE DE TENSÃO  0,6/1kV, COMPOSTO DE FIOS DE COBRE NU, TÊMPERA MOLE, ENCORDOAMENTO CLASSE 5, ISOLAÇÃO EM COMPOSTO TERMOFIXO DUPLA CAMADA HEPR-EPR/B, ENCHIMENTO EM COMPOSTO POLIOLEFÍNICO NÃO HIDROGENADO, COBERTURA EM COMPOSTO TERMOPLÁSTICO COM BASE  POLIOLEFÍNICA NÃO HIDROGENADO, NA COR PRETA , TEMPERATURA  90ºC EM SERVIÇO.  ;PRYSMIAN OU SIMILAR;3 x 120 mm2;m 
WD-E3-C2;CABO DE POTÊNCIA TRIPOLAR, CLASSE DE TENSÃO  0,6/1kV, COMPOSTO DE FIOS DE COBRE NU, TÊMPERA MOLE, ENCORDOAMENTO CLASSE 5, ISOLAÇÃO EM COMPOSTO TERMOFIXO DUPLA CAMADA HEPR-EPR/B, ENCHIMENTO EM COMPOSTO POLIOLEFÍNICO NÃO HIDROGENADO, COBERTURA EM COMPOSTO TERMOPLÁSTICO COM BASE  POLIOLEFÍNICA NÃO HIDROGENADO, NA COR PRETA , TEMPERATURA  90ºC EM SERVIÇO.  ;PRYSMIAN OU SIMILAR;3 x 150 mm2;m 
WD-E3-C3;CABO DE POTÊNCIA TRIPOLAR, CLASSE DE TENSÃO  0,6/1kV, COMPOSTO DE FIOS DE COBRE NU, TÊMPERA MOLE, ENCORDOAMENTO CLASSE 5, ISOLAÇÃO EM COMPOSTO TERMOFIXO DUPLA CAMADA HEPR-EPR/B, ENCHIMENTO EM COMPOSTO POLIOLEFÍNICO NÃO HIDROGENADO, COBERTURA EM COMPOSTO TERMOPLÁSTICO COM BASE  POLIOLEFÍNICA NÃO HIDROGENADO, NA COR PRETA , TEMPERATURA  90ºC EM SERVIÇO.  ;PRYSMIAN OU SIMILAR;3 x 185 mm2;m 
WD-E3-D1;CABO DE POTÊNCIA TRIPOLAR, CLASSE DE TENSÃO  0,6/1kV, COMPOSTO DE FIOS DE COBRE NU, TÊMPERA MOLE, ENCORDOAMENTO CLASSE 5, ISOLAÇÃO EM COMPOSTO TERMOFIXO DUPLA CAMADA HEPR-EPR/B, ENCHIMENTO EM COMPOSTO POLIOLEFÍNICO NÃO HIDROGENADO, COBERTURA EM COMPOSTO TERMOPLÁSTICO COM BASE  POLIOLEFÍNICA NÃO HIDROGENADO, NA COR PRETA , TEMPERATURA  90ºC EM SERVIÇO.  ;PRYSMIAN OU SIMILAR;3 x 240 mm2;m 
WD-E4-A2;CABO DE POTÊNCIA TETRAPOLAR, CLASSE DE TENSÃO  0,6/1kV, COMPOSTO DE FIOS DE COBRE NU, TÊMPERA MOLE, ENCORDOAMENTO CLASSE 5, ISOLAÇÃO EM COMPOSTO TERMOFIXO DUPLA CAMADA HEPR-EPR/B, ENCHIMENTO EM COMPOSTO POLIOLEFÍNICO NÃO HIDROGENADO, COBERTURA EM COMPOSTO TERMOPLÁSTICO COM BASE  POLIOLEFÍNICA NÃO HIDROGENADO, NA COR PRETA , TEMPERATURA  90ºC EM SERVIÇO.  ;PRYSMIAN OU SIMILAR;4 x 2,5mm2;m 
WD-E4-A3;CABO DE POTÊNCIA TETRAPOLAR, CLASSE DE TENSÃO  0,6/1kV, COMPOSTO DE FIOS DE COBRE NU, TÊMPERA MOLE, ENCORDOAMENTO CLASSE 5, ISOLAÇÃO EM COMPOSTO TERMOFIXO DUPLA CAMADA HEPR-EPR/B, ENCHIMENTO EM COMPOSTO POLIOLEFÍNICO NÃO HIDROGENADO, COBERTURA EM COMPOSTO TERMOPLÁSTICO COM BASE  POLIOLEFÍNICA NÃO HIDROGENADO, NA COR PRETA , TEMPERATURA  90ºC EM SERVIÇO.  ;PRYSMIAN OU SIMILAR;4 x 4mm2;m 
WD-E4-A4;CABO DE POTÊNCIA TETRAPOLAR, CLASSE DE TENSÃO  0,6/1kV, COMPOSTO DE FIOS DE COBRE NU, TÊMPERA MOLE, ENCORDOAMENTO CLASSE 5, ISOLAÇÃO EM COMPOSTO TERMOFIXO DUPLA CAMADA HEPR-EPR/B, ENCHIMENTO EM COMPOSTO POLIOLEFÍNICO NÃO HIDROGENADO, COBERTURA EM COMPOSTO TERMOPLÁSTICO COM BASE  POLIOLEFÍNICA NÃO HIDROGENADO, NA COR PRETA , TEMPERATURA  90ºC EM SERVIÇO.  ;PRYSMIAN OU SIMILAR;4 x 6mm2;m 
WD-E4-A5;CABO DE POTÊNCIA TETRAPOLAR, CLASSE DE TENSÃO  0,6/1kV, COMPOSTO DE FIOS DE COBRE NU, TÊMPERA MOLE, ENCORDOAMENTO CLASSE 5, ISOLAÇÃO EM COMPOSTO TERMOFIXO DUPLA CAMADA HEPR-EPR/B, ENCHIMENTO EM COMPOSTO POLIOLEFÍNICO NÃO HIDROGENADO, COBERTURA EM COMPOSTO TERMOPLÁSTICO COM BASE  POLIOLEFÍNICA NÃO HIDROGENADO, NA COR PRETA , TEMPERATURA  90ºC EM SERVIÇO.  ;PRYSMIAN OU SIMILAR;4 x 10mm2;m 
WD-E4-A6;CABO DE POTÊNCIA TETRAPOLAR, CLASSE DE TENSÃO  0,6/1kV, COMPOSTO DE FIOS DE COBRE NU, TÊMPERA MOLE, ENCORDOAMENTO CLASSE 5, ISOLAÇÃO EM COMPOSTO TERMOFIXO DUPLA CAMADA HEPR-EPR/B, ENCHIMENTO EM COMPOSTO POLIOLEFÍNICO NÃO HIDROGENADO, COBERTURA EM COMPOSTO TERMOPLÁSTICO COM BASE  POLIOLEFÍNICA NÃO HIDROGENADO, NA COR PRETA , TEMPERATURA  90ºC EM SERVIÇO.  ;PRYSMIAN OU SIMILAR;4 x 16mm2;m 
WD-E4-A7;CABO DE POTÊNCIA TETRAPOLAR, CLASSE DE TENSÃO  0,6/1kV, COMPOSTO DE FIOS DE COBRE NU, TÊMPERA MOLE, ENCORDOAMENTO CLASSE 5, ISOLAÇÃO EM COMPOSTO TERMOFIXO DUPLA CAMADA HEPR-EPR/B, ENCHIMENTO EM COMPOSTO POLIOLEFÍNICO NÃO HIDROGENADO, COBERTURA EM COMPOSTO TERMOPLÁSTICO COM BASE  POLIOLEFÍNICA NÃO HIDROGENADO, NA COR PRETA , TEMPERATURA  90ºC EM SERVIÇO.  ;PRYSMIAN OU SIMILAR;4 x 25mm2;m 
WD-E4-A8;CABO DE POTÊNCIA TETRAPOLAR, CLASSE DE TENSÃO  0,6/1kV, COMPOSTO DE FIOS DE COBRE NU, TÊMPERA MOLE, ENCORDOAMENTO CLASSE 5, ISOLAÇÃO EM COMPOSTO TERMOFIXO DUPLA CAMADA HEPR-EPR/B, ENCHIMENTO EM COMPOSTO POLIOLEFÍNICO NÃO HIDROGENADO, COBERTURA EM COMPOSTO TERMOPLÁSTICO COM BASE  POLIOLEFÍNICA NÃO HIDROGENADO, NA COR PRETA , TEMPERATURA  90ºC EM SERVIÇO.  ;PRYSMIAN OU SIMILAR;4 x 35mm2;m 
WD-E4-B1;CABO DE POTÊNCIA TETRAPOLAR, CLASSE DE TENSÃO  0,6/1kV, COMPOSTO DE FIOS DE COBRE NU, TÊMPERA MOLE, ENCORDOAMENTO CLASSE 5, ISOLAÇÃO EM COMPOSTO TERMOFIXO DUPLA CAMADA HEPR-EPR/B, ENCHIMENTO EM COMPOSTO POLIOLEFÍNICO NÃO HIDROGENADO, COBERTURA EM COMPOSTO TERMOPLÁSTICO COM BASE  POLIOLEFÍNICA NÃO HIDROGENADO, NA COR PRETA , TEMPERATURA  90ºC EM SERVIÇO.  ;PRYSMIAN OU SIMILAR;4 x 50mm2;m 
WD-E4-B2;CABO DE POTÊNCIA TETRAPOLAR, CLASSE DE TENSÃO  0,6/1kV, COMPOSTO DE FIOS DE COBRE NU, TÊMPERA MOLE, ENCORDOAMENTO CLASSE 5, ISOLAÇÃO EM COMPOSTO TERMOFIXO DUPLA CAMADA HEPR-EPR/B, ENCHIMENTO EM COMPOSTO POLIOLEFÍNICO NÃO HIDROGENADO, COBERTURA EM COMPOSTO TERMOPLÁSTICO COM BASE  POLIOLEFÍNICA NÃO HIDROGENADO, NA COR PRETA , TEMPERATURA  90ºC EM SERVIÇO.  ;PRYSMIAN OU SIMILAR;4 x 70 mm2;m 
WD-F1-A2;CABO DE POTÊNCIA SINGELO, CLASSE DE TENSÃO  0,6/1kV, COMPOSTO DE FIOS DE COBRE NU, TÊMPERA MOLE, ENCORDOAMENTO CLASSE 5, ISOLAÇÃO EM COMPOSTO TERMOFIXO EPR, COBERTURA EM COMPOSTO TERMOPLÁSTICO DE PVC FLEXÍVEL NA COR VERDE , TEMPERATURA  90ºC EM SERVIÇO.;PRYSMIAN OU SIMILAR;1 x 2,5 mm2;m 
WD-F1-A3;CABO DE POTÊNCIA SINGELO, CLASSE DE TENSÃO  0,6/1kV, COMPOSTO DE FIOS DE COBRE NU, TÊMPERA MOLE, ENCORDOAMENTO CLASSE 5, ISOLAÇÃO EM COMPOSTO TERMOFIXO EPR, COBERTURA EM COMPOSTO TERMOPLÁSTICO DE PVC FLEXÍVEL NA COR VERDE , TEMPERATURA  90ºC EM SERVIÇO.;PRYSMIAN OU SIMILAR;1 x 4 mm2;m 
WD-F1-A4;CABO DE POTÊNCIA SINGELO, CLASSE DE TENSÃO  0,6/1kV, COMPOSTO DE FIOS DE COBRE NU, TÊMPERA MOLE, ENCORDOAMENTO CLASSE 5, ISOLAÇÃO EM COMPOSTO TERMOFIXO EPR, COBERTURA EM COMPOSTO TERMOPLÁSTICO DE PVC FLEXÍVEL NA COR VERDE , TEMPERATURA  90ºC EM SERVIÇO.;PRYSMIAN OU SIMILAR;1 x 6 mm2;m 
WD-F1-A5;CABO DE POTÊNCIA SINGELO, CLASSE DE TENSÃO  0,6/1kV, COMPOSTO DE FIOS DE COBRE NU, TÊMPERA MOLE, ENCORDOAMENTO CLASSE 5, ISOLAÇÃO EM COMPOSTO TERMOFIXO EPR, COBERTURA EM COMPOSTO TERMOPLÁSTICO DE PVC FLEXÍVEL NA COR VERDE , TEMPERATURA  90ºC EM SERVIÇO.;PRYSMIAN OU SIMILAR;1 x 10 mm2;m 
WD-F1-A6;CABO DE POTÊNCIA SINGELO, CLASSE DE TENSÃO  0,6/1kV, COMPOSTO DE FIOS DE COBRE NU, TÊMPERA MOLE, ENCORDOAMENTO CLASSE 5, ISOLAÇÃO EM COMPOSTO TERMOFIXO EPR, COBERTURA EM COMPOSTO TERMOPLÁSTICO DE PVC FLEXÍVEL NA COR VERDE , TEMPERATURA  90ºC EM SERVIÇO.;PRYSMIAN OU SIMILAR;1 x 16 mm2;m 
WD-F1-A7;CABO DE POTÊNCIA SINGELO, CLASSE DE TENSÃO  0,6/1kV, COMPOSTO DE FIOS DE COBRE NU, TÊMPERA MOLE, ENCORDOAMENTO CLASSE 5, ISOLAÇÃO EM COMPOSTO TERMOFIXO EPR, COBERTURA EM COMPOSTO TERMOPLÁSTICO DE PVC FLEXÍVEL NA COR VERDE , TEMPERATURA  90ºC EM SERVIÇO.;PRYSMIAN OU SIMILAR;1 x 25 mm2;m 
WD-F1-A8;CABO DE POTÊNCIA SINGELO, CLASSE DE TENSÃO  0,6/1kV, COMPOSTO DE FIOS DE COBRE NU, TÊMPERA MOLE, ENCORDOAMENTO CLASSE 5, ISOLAÇÃO EM COMPOSTO TERMOFIXO EPR, COBERTURA EM COMPOSTO TERMOPLÁSTICO DE PVC FLEXÍVEL NA COR VERDE , TEMPERATURA  90ºC EM SERVIÇO.;PRYSMIAN OU SIMILAR;1 x 35 mm2;m 
WD-F1-B1;CABO DE POTÊNCIA SINGELO, CLASSE DE TENSÃO  0,6/1kV, COMPOSTO DE FIOS DE COBRE NU, TÊMPERA MOLE, ENCORDOAMENTO CLASSE 5, ISOLAÇÃO EM COMPOSTO TERMOFIXO EPR, COBERTURA EM COMPOSTO TERMOPLÁSTICO DE PVC FLEXÍVEL NA COR VERDE , TEMPERATURA  90ºC EM SERVIÇO.;PRYSMIAN OU SIMILAR;1 x 50 mm2;m 
WD-F1-B2;CABO DE POTÊNCIA SINGELO, CLASSE DE TENSÃO  0,6/1kV, COMPOSTO DE FIOS DE COBRE NU, TÊMPERA MOLE, ENCORDOAMENTO CLASSE 5, ISOLAÇÃO EM COMPOSTO TERMOFIXO EPR, COBERTURA EM COMPOSTO TERMOPLÁSTICO DE PVC FLEXÍVEL NA COR VERDE , TEMPERATURA  90ºC EM SERVIÇO.;PRYSMIAN OU SIMILAR;1 x 70 mm2;m 
WD-F1-B3;CABO DE POTÊNCIA SINGELO, CLASSE DE TENSÃO  0,6/1kV, COMPOSTO DE FIOS DE COBRE NU, TÊMPERA MOLE, ENCORDOAMENTO CLASSE 5, ISOLAÇÃO EM COMPOSTO TERMOFIXO EPR, COBERTURA EM COMPOSTO TERMOPLÁSTICO DE PVC FLEXÍVEL NA COR VERDE , TEMPERATURA  90ºC EM SERVIÇO.;PRYSMIAN OU SIMILAR;1 x 95 mm2;m 
WD-F1-C1;CABO DE POTÊNCIA SINGELO, CLASSE DE TENSÃO  0,6/1kV, COMPOSTO DE FIOS DE COBRE NU, TÊMPERA MOLE, ENCORDOAMENTO CLASSE 5, ISOLAÇÃO EM COMPOSTO TERMOFIXO EPR, COBERTURA EM COMPOSTO TERMOPLÁSTICO DE PVC FLEXÍVEL NA COR VERDE , TEMPERATURA  90ºC EM SERVIÇO.;PRYSMIAN OU SIMILAR;1 x 120 mm2;m 
WD-F1-C2;CABO DE POTÊNCIA SINGELO, CLASSE DE TENSÃO  0,6/1kV, COMPOSTO DE FIOS DE COBRE NU, TÊMPERA MOLE, ENCORDOAMENTO CLASSE 5, ISOLAÇÃO EM COMPOSTO TERMOFIXO EPR, COBERTURA EM COMPOSTO TERMOPLÁSTICO DE PVC FLEXÍVEL NA COR VERDE , TEMPERATURA  90ºC EM SERVIÇO.;PRYSMIAN OU SIMILAR;1 x 150 mm2;m 
WD-F1-C3;CABO DE POTÊNCIA SINGELO, CLASSE DE TENSÃO  0,6/1kV, COMPOSTO DE FIOS DE COBRE NU, TÊMPERA MOLE, ENCORDOAMENTO CLASSE 5, ISOLAÇÃO EM COMPOSTO TERMOFIXO EPR, COBERTURA EM COMPOSTO TERMOPLÁSTICO DE PVC FLEXÍVEL NA COR VERDE , TEMPERATURA  90ºC EM SERVIÇO.;PRYSMIAN OU SIMILAR;1 x 185 mm2;m 
WD-F1-C4;CABO DE POTÊNCIA SINGELO, CLASSE DE TENSÃO  0,6/1kV, COMPOSTO DE FIOS DE COBRE NU, TÊMPERA MOLE, ENCORDOAMENTO CLASSE 5, ISOLAÇÃO EM COMPOSTO TERMOFIXO EPR, COBERTURA EM COMPOSTO TERMOPLÁSTICO DE PVC FLEXÍVEL NA COR VERDE , TEMPERATURA  90ºC EM SERVIÇO.;PRYSMIAN OU SIMILAR;1 x 240 mm2;m 
WD-G1-A2;CABO DE POTÊNCIA SINGELO, CLASSE DE TENSÃO  0,6/1kV, COMPOSTO DE FIOS DE COBRE NU, TÊMPERA MOLE, ENCORDOAMENTO CLASSE 5, ISOLAÇÃO EM COMPOSTO TERMOFIXO EPR, COBERTURA EM COMPOSTO TERMOPLÁSTICO DE PVC FLEXÍVEL NA COR AZUL , TEMPERATURA  90ºC EM SERVIÇO.;PRYSMIAN OU SIMILAR;1 x 2,5 mm2;m 
WD-G1-A3;CABO DE POTÊNCIA SINGELO, CLASSE DE TENSÃO  0,6/1kV, COMPOSTO DE FIOS DE COBRE NU, TÊMPERA MOLE, ENCORDOAMENTO CLASSE 5, ISOLAÇÃO EM COMPOSTO TERMOFIXO EPR, COBERTURA EM COMPOSTO TERMOPLÁSTICO DE PVC FLEXÍVEL NA COR AZUL , TEMPERATURA  90ºC EM SERVIÇO.;PRYSMIAN OU SIMILAR;1 x 4 mm2;m 
WD-G1-A4;CABO DE POTÊNCIA SINGELO, CLASSE DE TENSÃO  0,6/1kV, COMPOSTO DE FIOS DE COBRE NU, TÊMPERA MOLE, ENCORDOAMENTO CLASSE 5, ISOLAÇÃO EM COMPOSTO TERMOFIXO EPR, COBERTURA EM COMPOSTO TERMOPLÁSTICO DE PVC FLEXÍVEL NA COR AZUL , TEMPERATURA  90ºC EM SERVIÇO.;PRYSMIAN OU SIMILAR;1 x 6 mm2;m 
WD-G1-A5;CABO DE POTÊNCIA SINGELO, CLASSE DE TENSÃO  0,6/1kV, COMPOSTO DE FIOS DE COBRE NU, TÊMPERA MOLE, ENCORDOAMENTO CLASSE 5, ISOLAÇÃO EM COMPOSTO TERMOFIXO EPR, COBERTURA EM COMPOSTO TERMOPLÁSTICO DE PVC FLEXÍVEL NA COR AZUL , TEMPERATURA  90ºC EM SERVIÇO.;PRYSMIAN OU SIMILAR;1 x 10 mm2;m 
WD-G1-A6;CABO DE POTÊNCIA SINGELO, CLASSE DE TENSÃO  0,6/1kV, COMPOSTO DE FIOS DE COBRE NU, TÊMPERA MOLE, ENCORDOAMENTO CLASSE 5, ISOLAÇÃO EM COMPOSTO TERMOFIXO EPR, COBERTURA EM COMPOSTO TERMOPLÁSTICO DE PVC FLEXÍVEL NA COR AZUL , TEMPERATURA  90ºC EM SERVIÇO.;PRYSMIAN OU SIMILAR;1 x 16 mm2;m 
WD-G1-A7;CABO DE POTÊNCIA SINGELO, CLASSE DE TENSÃO  0,6/1kV, COMPOSTO DE FIOS DE COBRE NU, TÊMPERA MOLE, ENCORDOAMENTO CLASSE 5, ISOLAÇÃO EM COMPOSTO TERMOFIXO EPR, COBERTURA EM COMPOSTO TERMOPLÁSTICO DE PVC FLEXÍVEL NA COR AZUL , TEMPERATURA  90ºC EM SERVIÇO.;PRYSMIAN OU SIMILAR;1 x 25 mm2;m 
WD-G1-A8;CABO DE POTÊNCIA SINGELO, CLASSE DE TENSÃO  0,6/1kV, COMPOSTO DE FIOS DE COBRE NU, TÊMPERA MOLE, ENCORDOAMENTO CLASSE 5, ISOLAÇÃO EM COMPOSTO TERMOFIXO EPR, COBERTURA EM COMPOSTO TERMOPLÁSTICO DE PVC FLEXÍVEL NA COR AZUL , TEMPERATURA  90ºC EM SERVIÇO.;PRYSMIAN OU SIMILAR;1 x 35 mm2;m 
WD-G1-B1;CABO DE POTÊNCIA SINGELO, CLASSE DE TENSÃO  0,6/1kV, COMPOSTO DE FIOS DE COBRE NU, TÊMPERA MOLE, ENCORDOAMENTO CLASSE 5, ISOLAÇÃO EM COMPOSTO TERMOFIXO EPR, COBERTURA EM COMPOSTO TERMOPLÁSTICO DE PVC FLEXÍVEL NA COR AZUL , TEMPERATURA  90ºC EM SERVIÇO.;PRYSMIAN OU SIMILAR;1 x 50 mm2;m 
WD-G1-B2;CABO DE POTÊNCIA SINGELO, CLASSE DE TENSÃO  0,6/1kV, COMPOSTO DE FIOS DE COBRE NU, TÊMPERA MOLE, ENCORDOAMENTO CLASSE 5, ISOLAÇÃO EM COMPOSTO TERMOFIXO EPR, COBERTURA EM COMPOSTO TERMOPLÁSTICO DE PVC FLEXÍVEL NA COR AZUL , TEMPERATURA  90ºC EM SERVIÇO.;PRYSMIAN OU SIMILAR;1 x 70 mm2;m 
WD-G1-B3;CABO DE POTÊNCIA SINGELO, CLASSE DE TENSÃO  0,6/1kV, COMPOSTO DE FIOS DE COBRE NU, TÊMPERA MOLE, ENCORDOAMENTO CLASSE 5, ISOLAÇÃO EM COMPOSTO TERMOFIXO EPR, COBERTURA EM COMPOSTO TERMOPLÁSTICO DE PVC FLEXÍVEL NA COR AZUL , TEMPERATURA  90ºC EM SERVIÇO.;PRYSMIAN OU SIMILAR;1 x 95 mm2;m 
WD-G1-C1;CABO DE POTÊNCIA SINGELO, CLASSE DE TENSÃO  0,6/1kV, COMPOSTO DE FIOS DE COBRE NU, TÊMPERA MOLE, ENCORDOAMENTO CLASSE 5, ISOLAÇÃO EM COMPOSTO TERMOFIXO EPR, COBERTURA EM COMPOSTO TERMOPLÁSTICO DE PVC FLEXÍVEL NA COR AZUL , TEMPERATURA  90ºC EM SERVIÇO.;PRYSMIAN OU SIMILAR;1 x 120 mm2;m 
WD-G1-C2;CABO DE POTÊNCIA SINGELO, CLASSE DE TENSÃO  0,6/1kV, COMPOSTO DE FIOS DE COBRE NU, TÊMPERA MOLE, ENCORDOAMENTO CLASSE 5, ISOLAÇÃO EM COMPOSTO TERMOFIXO EPR, COBERTURA EM COMPOSTO TERMOPLÁSTICO DE PVC FLEXÍVEL NA COR AZUL , TEMPERATURA  90ºC EM SERVIÇO.;PRYSMIAN OU SIMILAR;1 x 150 mm2;m 
WD-G1-C3;CABO DE POTÊNCIA SINGELO, CLASSE DE TENSÃO  0,6/1kV, COMPOSTO DE FIOS DE COBRE NU, TÊMPERA MOLE, ENCORDOAMENTO CLASSE 5, ISOLAÇÃO EM COMPOSTO TERMOFIXO EPR, COBERTURA EM COMPOSTO TERMOPLÁSTICO DE PVC FLEXÍVEL NA COR AZUL , TEMPERATURA  90ºC EM SERVIÇO.;PRYSMIAN OU SIMILAR;1 x 185 mm2;m 
WD-G1-C4;CABO DE POTÊNCIA SINGELO, CLASSE DE TENSÃO  0,6/1kV, COMPOSTO DE FIOS DE COBRE NU, TÊMPERA MOLE, ENCORDOAMENTO CLASSE 5, ISOLAÇÃO EM COMPOSTO TERMOFIXO EPR, COBERTURA EM COMPOSTO TERMOPLÁSTICO DE PVC FLEXÍVEL NA COR AZUL , TEMPERATURA  90ºC EM SERVIÇO.;PRYSMIAN OU SIMILAR;1 x 240 mm2;m 
WC-43-A7;CABO DE POTÊNCIA MULTILEXADO DUPLEX AUTO SUSTENTADO,  2 CONDUTORES EM ALUMÍNIO (FASE) EM TORNO DE UM CABO NU EM LIGA DE ALUMÍNIO, CLASSE DE  ENCORDOAMENTO 2 COMPACTA. ISOLAÇÃO EM COMPOSTO POLIETILENO PE, CLASSE TÉRMICA 90ºC, NA  COR  PRETA.;PRYSMIAN OU SIMILAR;2x1x25+25;m 
WC-44-A5;CABO DE POTÊNCIA MULTILEXADO QUADRUPLEX AUTO SUSTENTADO,  3 CONDUTORES EM ALUMÍNIO (FASE) EM TORNO DE UM CABO NU EM LIGA DE ALUMÍNIO, CLASSE DE  ENCORDOAMENTO 2 COMPACTA. ISOLAÇÃO EM POLIETILENO RETICULADO XLPE, CLASSE TÉRMICA 90ºC, NAS CORES PRETA, CINZA, VERMELHA.;PRYSMIAN OU SIMILAR;3x1x10+10;m 
WC-44-A6;CABO DE POTÊNCIA MULTILEXADO QUADRUPLEX AUTO SUSTENTADO,  3 CONDUTORES EM ALUMÍNIO (FASE) EM TORNO DE UM CABO NU EM LIGA DE ALUMÍNIO, CLASSE DE  ENCORDOAMENTO 2 COMPACTA. ISOLAÇÃO EM POLIETILENO RETICULADO XLPE, CLASSE TÉRMICA 90ºC, NAS CORES PRETA, CINZA, VERMELHA.;PRYSMIAN OU SIMILAR;3x1x16+16;m 
WC-44-A7;CABO DE POTÊNCIA MULTILEXADO QUADRUPLEX AUTO SUSTENTADO,  3 CONDUTORES EM ALUMÍNIO (FASE) EM TORNO DE UM CABO NU EM LIGA DE ALUMÍNIO, CLASSE DE  ENCORDOAMENTO 2 COMPACTA. ISOLAÇÃO EM POLIETILENO RETICULADO XLPE, CLASSE TÉRMICA 90ºC, NAS CORES PRETA, CINZA, VERMELHA.;PRYSMIAN OU SIMILAR;3x1x25+25;m 
WC-44-A8;CABO DE POTÊNCIA MULTILEXADO QUADRUPLEX AUTO SUSTENTADO,  3 CONDUTORES EM ALUMÍNIO (FASE) EM TORNO DE UM CABO NU EM LIGA DE ALUMÍNIO, CLASSE DE  ENCORDOAMENTO 2 COMPACTA. ISOLAÇÃO EM POLIETILENO RETICULADO XLPE, CLASSE TÉRMICA 90ºC, NAS CORES PRETA, CINZA, VERMELHA.;PRYSMIAN OU SIMILAR;3x1x35+70;m 
WC-44-B1;CABO DE POTÊNCIA MULTILEXADO QUADRUPLEX AUTO SUSTENTADO,  3 CONDUTORES EM ALUMÍNIO (FASE) EM TORNO DE UM CABO NU EM LIGA DE ALUMÍNIO, CLASSE DE  ENCORDOAMENTO 2 COMPACTA. ISOLAÇÃO EM POLIETILENO RETICULADO XLPE, CLASSE TÉRMICA 90ºC, NAS CORES PRETA, CINZA, VERMELHA.;PRYSMIAN OU SIMILAR;3x1x50+70;m 
WC-44-B2;CABO DE POTÊNCIA MULTILEXADO QUADRUPLEX AUTO SUSTENTADO,  3 CONDUTORES EM ALUMÍNIO (FASE) EM TORNO DE UM CABO NU EM LIGA DE ALUMÍNIO, CLASSE DE  ENCORDOAMENTO 2 COMPACTA. ISOLAÇÃO EM POLIETILENO RETICULADO XLPE, CLASSE TÉRMICA 90ºC, NAS CORES PRETA, CINZA, VERMELHA.;PRYSMIAN OU SIMILAR;3x1x70+70;m 
WE-E5-A2;CABO DE POTÊNCIA TRIPOLAR COM CONDUTOR CONCÊNTRICO, CLASSE DE TENSÃO 0,6/1kV, CONDUTORES DE FASE COMPOSTO DE FIOS DE COBRE NU, TÊMPERA MOLE, CLASSE DE ENCORDOAMENTO 5, CONDUTOR CONCÊNTRICO(NEUTRO) EM FIOS DE COBRE APLICADOS HELICOIDALMENTE, BLINDAGEM EM FITA DE COBRE COM ESPESSURA MÍNIMA DE 0,7mm, APLICADO HELICOIDALMENTE. ISOLAÇÃO EM COMPOSTO TERMOFIXO EPR E COBERTURA EM COMPOSTO TERMOPLÁSTICO DE PVC FLEXÍVEL SEM CHUMBO, NA COR PRETA, TEMPERATURA 90ºC EM SERVIÇO.;PRYSMIAN OU SIMILAR;3x1C2,5 + 1x1C2,5NC;m 
WE-E5-A3;CABO DE POTÊNCIA TRIPOLAR COM CONDUTOR CONCÊNTRICO, CLASSE DE TENSÃO 0,6/1kV, CONDUTORES DE FASE COMPOSTO DE FIOS DE COBRE NU, TÊMPERA MOLE, CLASSE DE ENCORDOAMENTO 5, CONDUTOR CONCÊNTRICO(NEUTRO) EM FIOS DE COBRE APLICADOS HELICOIDALMENTE, BLINDAGEM EM FITA DE COBRE COM ESPESSURA MÍNIMA DE 0,7mm, APLICADO HELICOIDALMENTE. ISOLAÇÃO EM COMPOSTO TERMOFIXO EPR E COBERTURA EM COMPOSTO TERMOPLÁSTICO DE PVC FLEXÍVEL SEM CHUMBO, NA COR PRETA, TEMPERATURA 90ºC EM SERVIÇO.;PRYSMIAN OU SIMILAR;3x1C4 + 1x1C4NC;m 
WE-E5-A4;CABO DE POTÊNCIA TRIPOLAR COM CONDUTOR CONCÊNTRICO, CLASSE DE TENSÃO 0,6/1kV, CONDUTORES DE FASE COMPOSTO DE FIOS DE COBRE NU, TÊMPERA MOLE, CLASSE DE ENCORDOAMENTO 5, CONDUTOR CONCÊNTRICO(NEUTRO) EM FIOS DE COBRE APLICADOS HELICOIDALMENTE, BLINDAGEM EM FITA DE COBRE COM ESPESSURA MÍNIMA DE 0,7mm, APLICADO HELICOIDALMENTE. ISOLAÇÃO EM COMPOSTO TERMOFIXO EPR E COBERTURA EM COMPOSTO TERMOPLÁSTICO DE PVC FLEXÍVEL SEM CHUMBO, NA COR PRETA, TEMPERATURA 90ºC EM SERVIÇO.;PRYSMIAN OU SIMILAR;3x1C6 + 1x1C6NC;m 
WE-E5-A5;CABO DE POTÊNCIA TRIPOLAR COM CONDUTOR CONCÊNTRICO, CLASSE DE TENSÃO 0,6/1kV, CONDUTORES DE FASE COMPOSTO DE FIOS DE COBRE NU, TÊMPERA MOLE, CLASSE DE ENCORDOAMENTO 5, CONDUTOR CONCÊNTRICO(NEUTRO) EM FIOS DE COBRE APLICADOS HELICOIDALMENTE, BLINDAGEM EM FITA DE COBRE COM ESPESSURA MÍNIMA DE 0,7mm, APLICADO HELICOIDALMENTE. ISOLAÇÃO EM COMPOSTO TERMOFIXO EPR E COBERTURA EM COMPOSTO TERMOPLÁSTICO DE PVC FLEXÍVEL SEM CHUMBO, NA COR PRETA, TEMPERATURA 90ºC EM SERVIÇO.;PRYSMIAN OU SIMILAR;3x1C10 + 1x1C10NC;m 
WE-E5-A6;CABO DE POTÊNCIA TRIPOLAR COM CONDUTOR CONCÊNTRICO, CLASSE DE TENSÃO 0,6/1kV, CONDUTORES DE FASE COMPOSTO DE FIOS DE COBRE NU, TÊMPERA MOLE, CLASSE DE ENCORDOAMENTO 5, CONDUTOR CONCÊNTRICO(NEUTRO) EM FIOS DE COBRE APLICADOS HELICOIDALMENTE, BLINDAGEM EM FITA DE COBRE COM ESPESSURA MÍNIMA DE 0,7mm, APLICADO HELICOIDALMENTE. ISOLAÇÃO EM COMPOSTO TERMOFIXO EPR E COBERTURA EM COMPOSTO TERMOPLÁSTICO DE PVC FLEXÍVEL SEM CHUMBO, NA COR PRETA, TEMPERATURA 90ºC EM SERVIÇO.;PRYSMIAN OU SIMILAR;3x1C16 + 1x1C16NC;m 
WE-E5-A7;CABO DE POTÊNCIA TRIPOLAR COM CONDUTOR CONCÊNTRICO, CLASSE DE TENSÃO 0,6/1kV, CONDUTORES DE FASE COMPOSTO DE FIOS DE COBRE NU, TÊMPERA MOLE, CLASSE DE ENCORDOAMENTO 5, CONDUTOR CONCÊNTRICO(NEUTRO) EM FIOS DE COBRE APLICADOS HELICOIDALMENTE, BLINDAGEM EM FITA DE COBRE COM ESPESSURA MÍNIMA DE 0,7mm, APLICADO HELICOIDALMENTE. ISOLAÇÃO EM COMPOSTO TERMOFIXO EPR E COBERTURA EM COMPOSTO TERMOPLÁSTICO DE PVC FLEXÍVEL SEM CHUMBO, NA COR PRETA, TEMPERATURA 90ºC EM SERVIÇO.;PRYSMIAN OU SIMILAR;3x1C25 + 1x1C16NC;m 
WE-E5-A8;CABO DE POTÊNCIA TRIPOLAR COM CONDUTOR CONCÊNTRICO, CLASSE DE TENSÃO 0,6/1kV, CONDUTORES DE FASE COMPOSTO DE FIOS DE COBRE NU, TÊMPERA MOLE, CLASSE DE ENCORDOAMENTO 5, CONDUTOR CONCÊNTRICO(NEUTRO) EM FIOS DE COBRE APLICADOS HELICOIDALMENTE, BLINDAGEM EM FITA DE COBRE COM ESPESSURA MÍNIMA DE 0,7mm, APLICADO HELICOIDALMENTE. ISOLAÇÃO EM COMPOSTO TERMOFIXO EPR E COBERTURA EM COMPOSTO TERMOPLÁSTICO DE PVC FLEXÍVEL SEM CHUMBO, NA COR PRETA, TEMPERATURA 90ºC EM SERVIÇO.;PRYSMIAN OU SIMILAR;3x1C35 + 1x1C16NC;m 
WE-E5-B1;CABO DE POTÊNCIA TRIPOLAR COM CONDUTOR CONCÊNTRICO, CLASSE DE TENSÃO 0,6/1kV, CONDUTORES DE FASE COMPOSTO DE FIOS DE COBRE NU, TÊMPERA MOLE, CLASSE DE ENCORDOAMENTO 5, CONDUTOR CONCÊNTRICO(NEUTRO) EM FIOS DE COBRE APLICADOS HELICOIDALMENTE, BLINDAGEM EM FITA DE COBRE COM ESPESSURA MÍNIMA DE 0,7mm, APLICADO HELICOIDALMENTE. ISOLAÇÃO EM COMPOSTO TERMOFIXO EPR E COBERTURA EM COMPOSTO TERMOPLÁSTICO DE PVC FLEXÍVEL SEM CHUMBO, NA COR PRETA, TEMPERATURA 90ºC EM SERVIÇO.;PRYSMIAN OU SIMILAR;3x1C50 + 1x1C25NC;m 
WE-E5-B2;CABO DE POTÊNCIA TRIPOLAR COM CONDUTOR CONCÊNTRICO, CLASSE DE TENSÃO 0,6/1kV, CONDUTORES DE FASE COMPOSTO DE FIOS DE COBRE NU, TÊMPERA MOLE, CLASSE DE ENCORDOAMENTO 5, CONDUTOR CONCÊNTRICO(NEUTRO) EM FIOS DE COBRE APLICADOS HELICOIDALMENTE, BLINDAGEM EM FITA DE COBRE COM ESPESSURA MÍNIMA DE 0,7mm, APLICADO HELICOIDALMENTE. ISOLAÇÃO EM COMPOSTO TERMOFIXO EPR E COBERTURA EM COMPOSTO TERMOPLÁSTICO DE PVC FLEXÍVEL SEM CHUMBO, NA COR PRETA, TEMPERATURA 90ºC EM SERVIÇO.;PRYSMIAN OU SIMILAR;3x1C70 + 1x1C35NC;m 
WE-E5-B3;CABO DE POTÊNCIA TRIPOLAR COM CONDUTOR CONCÊNTRICO, CLASSE DE TENSÃO 0,6/1kV, CONDUTORES DE FASE COMPOSTO DE FIOS DE COBRE NU, TÊMPERA MOLE, CLASSE DE ENCORDOAMENTO 5, CONDUTOR CONCÊNTRICO(NEUTRO) EM FIOS DE COBRE APLICADOS HELICOIDALMENTE, BLINDAGEM EM FITA DE COBRE COM ESPESSURA MÍNIMA DE 0,7mm, APLICADO HELICOIDALMENTE. ISOLAÇÃO EM COMPOSTO TERMOFIXO EPR E COBERTURA EM COMPOSTO TERMOPLÁSTICO DE PVC FLEXÍVEL SEM CHUMBO, NA COR PRETA, TEMPERATURA 90ºC EM SERVIÇO.;PRYSMIAN OU SIMILAR;3x1C95 + 1x1C50NC;m 
WE-E5-C1;CABO DE POTÊNCIA TRIPOLAR COM CONDUTOR CONCÊNTRICO, CLASSE DE TENSÃO 0,6/1kV, CONDUTORES DE FASE COMPOSTO DE FIOS DE COBRE NU, TÊMPERA MOLE, CLASSE DE ENCORDOAMENTO 5, CONDUTOR CONCÊNTRICO(NEUTRO) EM FIOS DE COBRE APLICADOS HELICOIDALMENTE, BLINDAGEM EM FITA DE COBRE COM ESPESSURA MÍNIMA DE 0,7mm, APLICADO HELICOIDALMENTE. ISOLAÇÃO EM COMPOSTO TERMOFIXO EPR E COBERTURA EM COMPOSTO TERMOPLÁSTICO DE PVC FLEXÍVEL SEM CHUMBO, NA COR PRETA, TEMPERATURA 90ºC EM SERVIÇO.;PRYSMIAN OU SIMILAR;3x1C120 + 1x1C70NC;m 
WE-E5-C2;CABO DE POTÊNCIA TRIPOLAR COM CONDUTOR CONCÊNTRICO, CLASSE DE TENSÃO 0,6/1kV, CONDUTORES DE FASE COMPOSTO DE FIOS DE COBRE NU, TÊMPERA MOLE, CLASSE DE ENCORDOAMENTO 5, CONDUTOR CONCÊNTRICO(NEUTRO) EM FIOS DE COBRE APLICADOS HELICOIDALMENTE, BLINDAGEM EM FITA DE COBRE COM ESPESSURA MÍNIMA DE 0,7mm, APLICADO HELICOIDALMENTE. ISOLAÇÃO EM COMPOSTO TERMOFIXO EPR E COBERTURA EM COMPOSTO TERMOPLÁSTICO DE PVC FLEXÍVEL SEM CHUMBO, NA COR PRETA, TEMPERATURA 90ºC EM SERVIÇO.;PRYSMIAN OU SIMILAR;3x1C150 + 1x1C95NC;m 
WE-E5-C3;CABO DE POTÊNCIA TRIPOLAR COM CONDUTOR CONCÊNTRICO, CLASSE DE TENSÃO 0,6/1kV, CONDUTORES DE FASE COMPOSTO DE FIOS DE COBRE NU, TÊMPERA MOLE, CLASSE DE ENCORDOAMENTO 5, CONDUTOR CONCÊNTRICO(NEUTRO) EM FIOS DE COBRE APLICADOS HELICOIDALMENTE, BLINDAGEM EM FITA DE COBRE COM ESPESSURA MÍNIMA DE 0,7mm, APLICADO HELICOIDALMENTE. ISOLAÇÃO EM COMPOSTO TERMOFIXO EPR E COBERTURA EM COMPOSTO TERMOPLÁSTICO DE PVC FLEXÍVEL SEM CHUMBO, NA COR PRETA, TEMPERATURA 90ºC EM SERVIÇO.;PRYSMIAN OU SIMILAR;3x1C185 + 1x1C95NC;m 
WE-E5-D1;CABO DE POTÊNCIA TRIPOLAR COM CONDUTOR CONCÊNTRICO, CLASSE DE TENSÃO 0,6/1kV, CONDUTORES DE FASE COMPOSTO DE FIOS DE COBRE NU, TÊMPERA MOLE, CLASSE DE ENCORDOAMENTO 5, CONDUTOR CONCÊNTRICO(NEUTRO) EM FIOS DE COBRE APLICADOS HELICOIDALMENTE, BLINDAGEM EM FITA DE COBRE COM ESPESSURA MÍNIMA DE 0,7mm, APLICADO HELICOIDALMENTE. ISOLAÇÃO EM COMPOSTO TERMOFIXO EPR E COBERTURA EM COMPOSTO TERMOPLÁSTICO DE PVC FLEXÍVEL SEM CHUMBO, NA COR PRETA, TEMPERATURA 90ºC EM SERVIÇO.;PRYSMIAN OU SIMILAR;3x1C240 + 1x1C120NC;m 
WE-E1-A7;CABO DE POTÊNCIA SINGELO, CLASSE DE TENSÃO  3,6/6kV, COMPOSTO DE FIOS DE COBRE NU, TÊMPERA MOLE, ENCORDOAMENTO CLASSE 2, ISOLAÇÃO EM COMPOSTO TERMOFIXO DE BORRACHA HEPR, COBERTURA EM COMPOSTO TERMOPLÁSTICO DE PVC NA COR PRETA , TEMPERATURA  90ºC EM SERVIÇO.;PRYSMIAN OU SIMILAR;1 x 25 mm2;m 
WE-E1-A8;CABO DE POTÊNCIA SINGELO, CLASSE DE TENSÃO  3,6/6kV, COMPOSTO DE FIOS DE COBRE NU, TÊMPERA MOLE, ENCORDOAMENTO CLASSE 2, ISOLAÇÃO EM COMPOSTO TERMOFIXO DE BORRACHA HEPR, COBERTURA EM COMPOSTO TERMOPLÁSTICO DE PVC NA COR PRETA , TEMPERATURA  90ºC EM SERVIÇO.;PRYSMIAN OU SIMILAR;1 x 35 mm2;m 
WE-E1-B1;CABO DE POTÊNCIA SINGELO, CLASSE DE TENSÃO  3,6/6kV, COMPOSTO DE FIOS DE COBRE NU, TÊMPERA MOLE, ENCORDOAMENTO CLASSE 2, ISOLAÇÃO EM COMPOSTO TERMOFIXO DE BORRACHA HEPR, COBERTURA EM COMPOSTO TERMOPLÁSTICO DE PVC NA COR PRETA , TEMPERATURA  90ºC EM SERVIÇO.;PRYSMIAN OU SIMILAR;1 x 50 mm2;m 
WE-E1-B2;CABO DE POTÊNCIA SINGELO, CLASSE DE TENSÃO  3,6/6kV, COMPOSTO DE FIOS DE COBRE NU, TÊMPERA MOLE, ENCORDOAMENTO CLASSE 2, ISOLAÇÃO EM COMPOSTO TERMOFIXO DE BORRACHA HEPR, COBERTURA EM COMPOSTO TERMOPLÁSTICO DE PVC NA COR PRETA , TEMPERATURA  90ºC EM SERVIÇO.;PRYSMIAN OU SIMILAR;1 x 70 mm2;m 
WE-E1-B3;CABO DE POTÊNCIA SINGELO, CLASSE DE TENSÃO  3,6/6kV, COMPOSTO DE FIOS DE COBRE NU, TÊMPERA MOLE, ENCORDOAMENTO CLASSE 2, ISOLAÇÃO EM COMPOSTO TERMOFIXO DE BORRACHA HEPR, COBERTURA EM COMPOSTO TERMOPLÁSTICO DE PVC NA COR PRETA , TEMPERATURA  90ºC EM SERVIÇO.;PRYSMIAN OU SIMILAR;1 x 95 mm2;m 
WE-E1-C1;CABO DE POTÊNCIA SINGELO, CLASSE DE TENSÃO  3,6/6kV, COMPOSTO DE FIOS DE COBRE NU, TÊMPERA MOLE, ENCORDOAMENTO CLASSE 2, ISOLAÇÃO EM COMPOSTO TERMOFIXO DE BORRACHA HEPR, COBERTURA EM COMPOSTO TERMOPLÁSTICO DE PVC NA COR PRETA , TEMPERATURA  90ºC EM SERVIÇO.;PRYSMIAN OU SIMILAR;1 x 120 mm2;m 
WE-E1-C2;CABO DE POTÊNCIA SINGELO, CLASSE DE TENSÃO  3,6/6kV, COMPOSTO DE FIOS DE COBRE NU, TÊMPERA MOLE, ENCORDOAMENTO CLASSE 2, ISOLAÇÃO EM COMPOSTO TERMOFIXO DE BORRACHA HEPR, COBERTURA EM COMPOSTO TERMOPLÁSTICO DE PVC NA COR PRETA , TEMPERATURA  90ºC EM SERVIÇO.;PRYSMIAN OU SIMILAR;1 x 150 mm2;m 
WE-E1-C3;CABO DE POTÊNCIA SINGELO, CLASSE DE TENSÃO  3,6/6kV, COMPOSTO DE FIOS DE COBRE NU, TÊMPERA MOLE, ENCORDOAMENTO CLASSE 2, ISOLAÇÃO EM COMPOSTO TERMOFIXO DE BORRACHA HEPR, COBERTURA EM COMPOSTO TERMOPLÁSTICO DE PVC NA COR PRETA , TEMPERATURA  90ºC EM SERVIÇO.;PRYSMIAN OU SIMILAR;1 x 185 mm2;m 
WE-E1-D1;CABO DE POTÊNCIA SINGELO, CLASSE DE TENSÃO  3,6/6kV, COMPOSTO DE FIOS DE COBRE NU, TÊMPERA MOLE, ENCORDOAMENTO CLASSE 2, ISOLAÇÃO EM COMPOSTO TERMOFIXO DE BORRACHA HEPR, COBERTURA EM COMPOSTO TERMOPLÁSTICO DE PVC NA COR PRETA , TEMPERATURA  90ºC EM SERVIÇO.;PRYSMIAN OU SIMILAR;1 x 240 mm2;m 
WF-A1-A7;CABO DE POTÊNCIA SINGELO, CLASSE DE TENSÃO  6/10kV, COMPOSTO DE FIOS DE COBRE NU, TÊMPERA MOLE, ENCORDOAMENTO CLASSE 2, ISOLAÇÃO EM COMPOSTO TERMOFIXO DE BORRACHA HEPR, COBERTURA EM COMPOSTO TERMOPLÁSTICO DE PVC NA COR PRETA , TEMPERATURA  105ºC EM SERVIÇO.;PRYSMIAN OU SIMILAR;1 x 25 mm2;m 
WF-A1-A8;CABO DE POTÊNCIA SINGELO, CLASSE DE TENSÃO  6/10kV, COMPOSTO DE FIOS DE COBRE NU, TÊMPERA MOLE, ENCORDOAMENTO CLASSE 2, ISOLAÇÃO EM COMPOSTO TERMOFIXO DE BORRACHA HEPR, COBERTURA EM COMPOSTO TERMOPLÁSTICO DE PVC NA COR PRETA , TEMPERATURA  105ºC EM SERVIÇO.;PRYSMIAN OU SIMILAR;1 x 35 mm2;m 
WF-A1-B1;CABO DE POTÊNCIA SINGELO, CLASSE DE TENSÃO  6/10kV, COMPOSTO DE FIOS DE COBRE NU, TÊMPERA MOLE, ENCORDOAMENTO CLASSE 2, ISOLAÇÃO EM COMPOSTO TERMOFIXO DE BORRACHA HEPR, COBERTURA EM COMPOSTO TERMOPLÁSTICO DE PVC NA COR PRETA , TEMPERATURA  105ºC EM SERVIÇO.;PRYSMIAN OU SIMILAR;1 x 50 mm2;m 
WF-A1-B2;CABO DE POTÊNCIA SINGELO, CLASSE DE TENSÃO  6/10kV, COMPOSTO DE FIOS DE COBRE NU, TÊMPERA MOLE, ENCORDOAMENTO CLASSE 2, ISOLAÇÃO EM COMPOSTO TERMOFIXO DE BORRACHA HEPR, COBERTURA EM COMPOSTO TERMOPLÁSTICO DE PVC NA COR PRETA , TEMPERATURA  105ºC EM SERVIÇO.;PRYSMIAN OU SIMILAR;1 x 70 mm2;m 
WF-A1-B3;CABO DE POTÊNCIA SINGELO, CLASSE DE TENSÃO  6/10kV, COMPOSTO DE FIOS DE COBRE NU, TÊMPERA MOLE, ENCORDOAMENTO CLASSE 2, ISOLAÇÃO EM COMPOSTO TERMOFIXO DE BORRACHA HEPR, COBERTURA EM COMPOSTO TERMOPLÁSTICO DE PVC NA COR PRETA , TEMPERATURA  105ºC EM SERVIÇO.;PRYSMIAN OU SIMILAR;1 x 95 mm2;m 
WF-A1-C1;CABO DE POTÊNCIA SINGELO, CLASSE DE TENSÃO  6/10kV, COMPOSTO DE FIOS DE COBRE NU, TÊMPERA MOLE, ENCORDOAMENTO CLASSE 2, ISOLAÇÃO EM COMPOSTO TERMOFIXO DE BORRACHA HEPR, COBERTURA EM COMPOSTO TERMOPLÁSTICO DE PVC NA COR PRETA , TEMPERATURA  105ºC EM SERVIÇO.;PRYSMIAN OU SIMILAR;1 x 120 mm2;m 
WF-A1-C2;CABO DE POTÊNCIA SINGELO, CLASSE DE TENSÃO  6/10kV, COMPOSTO DE FIOS DE COBRE NU, TÊMPERA MOLE, ENCORDOAMENTO CLASSE 2, ISOLAÇÃO EM COMPOSTO TERMOFIXO DE BORRACHA HEPR, COBERTURA EM COMPOSTO TERMOPLÁSTICO DE PVC NA COR PRETA , TEMPERATURA  105ºC EM SERVIÇO.;PRYSMIAN OU SIMILAR;1 x 150 mm2;m 
WF-A1-C3;CABO DE POTÊNCIA SINGELO, CLASSE DE TENSÃO  6/10kV, COMPOSTO DE FIOS DE COBRE NU, TÊMPERA MOLE, ENCORDOAMENTO CLASSE 2, ISOLAÇÃO EM COMPOSTO TERMOFIXO DE BORRACHA HEPR, COBERTURA EM COMPOSTO TERMOPLÁSTICO DE PVC NA COR PRETA , TEMPERATURA  105ºC EM SERVIÇO.;PRYSMIAN OU SIMILAR;1 x 185 mm2;m 
WF-A1-D1;CABO DE POTÊNCIA SINGELO, CLASSE DE TENSÃO  6/10kV, COMPOSTO DE FIOS DE COBRE NU, TÊMPERA MOLE, ENCORDOAMENTO CLASSE 2, ISOLAÇÃO EM COMPOSTO TERMOFIXO DE BORRACHA HEPR, COBERTURA EM COMPOSTO TERMOPLÁSTICO DE PVC NA COR PRETA , TEMPERATURA  105ºC EM SERVIÇO.;PRYSMIAN OU SIMILAR;1 x 240 mm2;m 
WF-E1-A7;CABO DE POTÊNCIA SINGELO, CLASSE DE TENSÃO  6/10kV, COMPOSTO DE FIOS DE COBRE NU, TÊMPERA MOLE, ENCORDOAMENTO CLASSE 2, ISOLAÇÃO EM COMPOSTO TERMOFIXO DE BORRACHA HEPR, COBERTURA EM COMPOSTO TERMOPLÁSTICO DE PVC NA COR PRETA , TEMPERATURA  90ºC EM SERVIÇO.;PRYSMIAN OU SIMILAR;1 x 25 mm2;m 
WF-E1-A8;CABO SINGELO, CLASSE DE TENSÃO  6/10kV, COMPOSTO DE FIOS DE COBRE NU, TÊMPERA MOLE, NCORDOAMENTO CLASSE 2, ISOLAÇÃO EM COMPOSTO TERMOFIXO DE BORRACHA HEPR, COBERTURA EM COMPOSTO TERMOPLÁSTICO DE PVC NA COR PRETA , TEMPERATURA  90ºC EM SERVIÇO.;PRYSMIAN OU SIMILAR;1 x 35 mm2;m 
WF-E1-B1;CABO SINGELO, CLASSE DE TENSÃO  6/10kV, COMPOSTO DE FIOS DE COBRE NU, TÊMPERA MOLE, NCORDOAMENTO CLASSE 2, ISOLAÇÃO EM COMPOSTO TERMOFIXO DE BORRACHA HEPR, COBERTURA EM COMPOSTO TERMOPLÁSTICO DE PVC NA COR PRETA , TEMPERATURA  90ºC EM SERVIÇO.;PRYSMIAN OU SIMILAR;1 x 50 mm2;m 
WF-E1-B2;CABO SINGELO, CLASSE DE TENSÃO  6/10kV, COMPOSTO DE FIOS DE COBRE NU, TÊMPERA MOLE, NCORDOAMENTO CLASSE 2, ISOLAÇÃO EM COMPOSTO TERMOFIXO DE BORRACHA HEPR, COBERTURA EM COMPOSTO TERMOPLÁSTICO DE PVC NA COR PRETA , TEMPERATURA  90ºC EM SERVIÇO.;PRYSMIAN OU SIMILAR;1 x 70 mm2;m 
WF-E1-B3;CABO SINGELO, CLASSE DE TENSÃO  6/10kV, COMPOSTO DE FIOS DE COBRE NU, TÊMPERA MOLE, NCORDOAMENTO CLASSE 2, ISOLAÇÃO EM COMPOSTO TERMOFIXO DE BORRACHA HEPR, COBERTURA EM COMPOSTO TERMOPLÁSTICO DE PVC NA COR PRETA , TEMPERATURA  90ºC EM SERVIÇO.;PRYSMIAN OU SIMILAR;1 x 95 mm2;m 
WF-E1-C1;CABO SINGELO, CLASSE DE TENSÃO  6/10kV, COMPOSTO DE FIOS DE COBRE NU, TÊMPERA MOLE, NCORDOAMENTO CLASSE 2, ISOLAÇÃO EM COMPOSTO TERMOFIXO DE BORRACHA HEPR, COBERTURA EM COMPOSTO TERMOPLÁSTICO DE PVC NA COR PRETA , TEMPERATURA  90ºC EM SERVIÇO.;PRYSMIAN OU SIMILAR;1 x 120 mm2;m 
WF-E1-C2;CABO SINGELO, CLASSE DE TENSÃO  6/10kV, COMPOSTO DE FIOS DE COBRE NU, TÊMPERA MOLE, NCORDOAMENTO CLASSE 2, ISOLAÇÃO EM COMPOSTO TERMOFIXO DE BORRACHA HEPR, COBERTURA EM COMPOSTO TERMOPLÁSTICO DE PVC NA COR PRETA , TEMPERATURA  90ºC EM SERVIÇO.;PRYSMIAN OU SIMILAR;1 x 150 mm2;m 
WF-E1-C3;CABO SINGELO, CLASSE DE TENSÃO  6/10kV, COMPOSTO DE FIOS DE COBRE NU, TÊMPERA MOLE, NCORDOAMENTO CLASSE 2, ISOLAÇÃO EM COMPOSTO TERMOFIXO DE BORRACHA HEPR, COBERTURA EM COMPOSTO TERMOPLÁSTICO DE PVC NA COR PRETA , TEMPERATURA  90ºC EM SERVIÇO.;PRYSMIAN OU SIMILAR;1 x 185 mm2;m 
WF-E1-D1;CABO SINGELO, CLASSE DE TENSÃO  6/10kV, COMPOSTO DE FIOS DE COBRE NU, TÊMPERA MOLE, NCORDOAMENTO CLASSE 2, ISOLAÇÃO EM COMPOSTO TERMOFIXO DE BORRACHA HEPR, COBERTURA EM COMPOSTO TERMOPLÁSTICO DE PVC NA COR PRETA , TEMPERATURA  90ºC EM SERVIÇO.;PRYSMIAN OU SIMILAR;1 x 240 mm2;m 
WG-E1-A7;CABO DE POTÊNCIA SINGELO, CLASSE DE TENSÃO  8,7/15kV, COMPOSTO DE FIOS DE COBRE NU, TÊMPERA MOLE, ENCORDOAMENTO CLASSE 2, ISOLAÇÃO EM COMPOSTO TERMOFIXO DE BORRACHA HEPR, COBERTURA EM COMPOSTO TERMOPLÁSTICO DE PVC NA COR PRETA , TEMPERATURA  90ºC EM SERVIÇO.;PRYSMIAN OU SIMILAR;1 x 25 mm2;m 
WG-E1-A8;CABO SINGELO, #70 CLASSE DE TENSÃO  8,7/15kV, COMPOSTO DE FIOS DE COBRE NU, TÊMPERA MOLE, ENCORDOAMENTO CLASSE 2, ISOLAÇÃO EM COMPOSTO TERMOFIXO DE BORRACHA HEPR, COBERTURA EM COMPOSTO TERMOPLÁSTICO DE PVC NA COR PRETA, TEMPERATURA  90ºC EM SERVIÇO.;PRYSMIAN OU SIMILAR;1 x 35 mm2;m 
WG-E1-B1;CABO SINGELO, CLASSE DE TENSÃO  8,7/15kV, COMPOSTO DE FIOS DE COBRE NU, TÊMPERA MOLE, ENCORDOAMENTO CLASSE 2, ISOLAÇÃO EM COMPOSTO TERMOFIXO DE BORRACHA HEPR, COBERTURA EM COMPOSTO TERMOPLÁSTICO DE PVC NA COR PRETA , TEMPERATURA  90ºC EM SERVIÇO.;PRYSMIAN OU SIMILAR;1 x 50 mm2;m 
WG-E1-B2;CABO SINGELO, CLASSE DE TENSÃO  8,7/15kV, COMPOSTO DE FIOS DE COBRE NU, TÊMPERA MOLE, ENCORDOAMENTO CLASSE 2, ISOLAÇÃO EM COMPOSTO TERMOFIXO DE BORRACHA HEPR, COBERTURA EM COMPOSTO TERMOPLÁSTICO DE PVC NA COR PRETA , TEMPERATURA  90ºC EM SERVIÇO.;PRYSMIAN OU SIMILAR;1 x 70 mm2;m 
WG-E1-B3;CABO SINGELO, CLASSE DE TENSÃO  8,7/15kV, COMPOSTO DE FIOS DE COBRE NU, TÊMPERA MOLE, ENCORDOAMENTO CLASSE 2, ISOLAÇÃO EM COMPOSTO TERMOFIXO DE BORRACHA HEPR, COBERTURA EM COMPOSTO TERMOPLÁSTICO DE PVC NA COR PRETA , TEMPERATURA  90ºC EM SERVIÇO.;PRYSMIAN OU SIMILAR;1 x 95 mm2;m 
WG-E1-C1;CABO SINGELO, CLASSE DE TENSÃO  8,7/15kV, COMPOSTO DE FIOS DE COBRE NU, TÊMPERA MOLE, ENCORDOAMENTO CLASSE 2, ISOLAÇÃO EM COMPOSTO TERMOFIXO DE BORRACHA HEPR, COBERTURA EM COMPOSTO TERMOPLÁSTICO DE PVC NA COR PRETA , TEMPERATURA  90ºC EM SERVIÇO.;PRYSMIAN OU SIMILAR;1 x 120 mm2;m 
WG-E1-C2;CABO SINGELO, CLASSE DE TENSÃO  8,7/15kV, COMPOSTO DE FIOS DE COBRE NU, TÊMPERA MOLE, ENCORDOAMENTO CLASSE 2, ISOLAÇÃO EM COMPOSTO TERMOFIXO DE BORRACHA HEPR, COBERTURA EM COMPOSTO TERMOPLÁSTICO DE PVC NA COR PRETA , TEMPERATURA  90ºC EM SERVIÇO.;PRYSMIAN OU SIMILAR;1 x 150 mm2;m 
WG-E1-C3;CABO SINGELO, CLASSE DE TENSÃO  8,7/15kV, COMPOSTO DE FIOS DE COBRE NU, TÊMPERA MOLE, ENCORDOAMENTO CLASSE 2, ISOLAÇÃO EM COMPOSTO TERMOFIXO DE BORRACHA HEPR, COBERTURA EM COMPOSTO TERMOPLÁSTICO DE PVC NA COR PRETA , TEMPERATURA  90ºC EM SERVIÇO.;PRYSMIAN OU SIMILAR;1 x 185 mm2;m 
WG-E1-D1;CABO SINGELO, CLASSE DE TENSÃO  8,7/15kV, COMPOSTO DE FIOS DE COBRE NU, TÊMPERA MOLE, ENCORDOAMENTO CLASSE 2, ISOLAÇÃO EM COMPOSTO TERMOFIXO DE BORRACHA HEPR, COBERTURA EM COMPOSTO TERMOPLÁSTICO DE PVC NA COR PRETA , TEMPERATURA  90ºC EM SERVIÇO.;PRYSMIAN OU SIMILAR;1 x 240 mm2;m 
WG-A1-A7;CABO DE POTÊNCIA SINGELO, CLASSE DE TENSÃO  8,7/15kV, COMPOSTO DE FIOS DE COBRE NU, TÊMPERA MOLE, ENCORDOAMENTO CLASSE 2, ISOLAÇÃO EM COMPOSTO TERMOFIXO DE BORRACHA HEPR, COBERTURA EM COMPOSTO TERMOPLÁSTICO DE PVC NA COR PRETA , TEMPERATURA  105ºC EM SERVIÇO.;PRYSMIAN OU SIMILAR;1 x 25 mm2;m 
WG-A1-A8;CABO SINGELO, CLASSE DE TENSÃO  8,7/15kV, COMPOSTO DE FIOS DE COBRE NU, TÊMPERA MOLE, ENCORDOAMENTO CLASSE 2, ISOLAÇÃO EM COMPOSTO TERMOFIXO DE BORRACHA HEPR, COBERTURA EM COMPOSTO TERMOPLÁSTICO DE PVC NA COR PRETA , TEMPERATURA  105ºC EM SERVIÇO.;PRYSMIAN OU SIMILAR;1 x 35 mm2;m 
WG-A1-B1;CABO SINGELO, CLASSE DE TENSÃO  8,7/15kV, COMPOSTO DE FIOS DE COBRE NU, TÊMPERA MOLE, ENCORDOAMENTO CLASSE 2, ISOLAÇÃO EM COMPOSTO TERMOFIXO DE BORRACHA HEPR, COBERTURA EM COMPOSTO TERMOPLÁSTICO DE PVC NA COR PRETA , TEMPERATURA  105ºC EM SERVIÇO.;PRYSMIAN OU SIMILAR;1 x 50 mm2;m 
WG-A1-B2;CABO SINGELO, #70mm², CLASSE DE TENSÃO  8,7/15kV, COMPOSTO DE FIOS DE COBRE NU, TÊMPERA MOLE, ENCORDOAMENTO CLASSE 2, ISOLAÇÃO EM COMPOSTO TERMOFIXO DE BORRACHA HEPR, COBERTURA EM COMPOSTO TERMOPLÁSTICO DE PVC NA COR PRETA , TEMPERATURA  105ºC EM SERVIÇO.;PRYSMIAN OU SIMILAR;1 x 70 mm2;m 
WG-A1-B3;CABO SINGELO, CLASSE DE TENSÃO  8,7/15kV, COMPOSTO DE FIOS DE COBRE NU, TÊMPERA MOLE, ENCORDOAMENTO CLASSE 2, ISOLAÇÃO EM COMPOSTO TERMOFIXO DE BORRACHA HEPR, COBERTURA EM COMPOSTO TERMOPLÁSTICO DE PVC NA COR PRETA , TEMPERATURA  105ºC EM SERVIÇO.;PRYSMIAN OU SIMILAR;1 x 95 mm2;m 
WG-A1-C1;CABO SINGELO, CLASSE DE TENSÃO  8,7/15kV, COMPOSTO DE FIOS DE COBRE NU, TÊMPERA MOLE, ENCORDOAMENTO CLASSE 2, ISOLAÇÃO EM COMPOSTO TERMOFIXO DE BORRACHA HEPR, COBERTURA EM COMPOSTO TERMOPLÁSTICO DE PVC NA COR PRETA , TEMPERATURA  105ºC EM SERVIÇO.;PRYSMIAN OU SIMILAR;1 x 120 mm2;m 
WG-A1-C2;CABO SINGELO, CLASSE DE TENSÃO  8,7/15kV, COMPOSTO DE FIOS DE COBRE NU, TÊMPERA MOLE, ENCORDOAMENTO CLASSE 2, ISOLAÇÃO EM COMPOSTO TERMOFIXO DE BORRACHA HEPR, COBERTURA EM COMPOSTO TERMOPLÁSTICO DE PVC NA COR PRETA , TEMPERATURA  105ºC EM SERVIÇO.;PRYSMIAN OU SIMILAR;1 x 150 mm2;m 
WG-A1-C3;CABO SINGELO, CLASSE DE TENSÃO  8,7/15kV, COMPOSTO DE FIOS DE COBRE NU, TÊMPERA MOLE, ENCORDOAMENTO CLASSE 2, ISOLAÇÃO EM COMPOSTO TERMOFIXO DE BORRACHA HEPR, COBERTURA EM COMPOSTO TERMOPLÁSTICO DE PVC NA COR PRETA , TEMPERATURA  105ºC EM SERVIÇO.;PRYSMIAN OU SIMILAR;1 x 185 mm2;m 
WG-A1-D1;CABO SINGELO, CLASSE DE TENSÃO  8,7/15kV, COMPOSTO DE FIOS DE COBRE NU, TÊMPERA MOLE, ENCORDOAMENTO CLASSE 2, ISOLAÇÃO EM COMPOSTO TERMOFIXO DE BORRACHA HEPR, COBERTURA EM COMPOSTO TERMOPLÁSTICO DE PVC NA COR PRETA , TEMPERATURA  105ºC EM SERVIÇO.;PRYSMIAN OU SIMILAR;1 x 240 mm2;m 
YB-1P-PA;CABO DE CONTROLE MULTIPLO FORMADO DE FIOS DE COBRE ELETROLÍTICO, TÊMPERA MOLE, SEPARAÇÃO TOTAL AO CONJUNTO COM FITA NÃO HIGROSCÓPICA, ISOLAÇÃO EM PVC, CLASSE DE TENSAO 0,6/1kV, EM VEIAS NUMERADAS, DE ACORDO COM NBR 7289, BLINDAGEM ELETROSTÁTICA EM FITA DE ALUMÍNIO MAIS POLYESTER COM CONDUTOR DRENO EM CONTATO ELÉTRICO COM A FITA, JAQUETA EXTERNA EM PVC ST1 70º, CONFORME NBR 6251.;POLIRON OU SIMILAR;1x2C1,5mm2+SH;m 
YB-1P-PC;CABO DE CONTROLE MULTIPLO FORMADO DE FIOS DE COBRE ELETROLÍTICO, TÊMPERA MOLE, SEPARAÇÃO TOTAL AO CONJUNTO COM FITA NÃO HIGROSCÓPICA, ISOLAÇÃO EM PVC, CLASSE DE TENSAO 0,6/1kV, EM VEIAS NUMERADAS, DE ACORDO COM NBR 7289, BLINDAGEM ELETROSTÁTICA EM FITA DE ALUMÍNIO MAIS POLYESTER COM CONDUTOR DRENO EM CONTATO ELÉTRICO COM A FITA, JAQUETA EXTERNA EM PVC ST1 70º, CONFORME NBR 6251.;POLIRON OU SIMILAR;1x4C1,5mm2+SH;m 
YB-1P-PD;CABO DE CONTROLE MULTIPLO FORMADO DE FIOS DE COBRE ELETROLÍTICO, TÊMPERA MOLE, SEPARAÇÃO TOTAL AO CONJUNTO COM FITA NÃO HIGROSCÓPICA, ISOLAÇÃO EM PVC, CLASSE DE TENSAO 0,6/1kV, EM VEIAS NUMERADAS, DE ACORDO COM NBR 7289, BLINDAGEM ELETROSTÁTICA EM FITA DE ALUMÍNIO MAIS POLYESTER COM CONDUTOR DRENO EM CONTATO ELÉTRICO COM A FITA, JAQUETA EXTERNA EM PVC ST1 70º, CONFORME NBR 6251.;POLIRON OU SIMILAR;1x5C1,5mm2+SH;m 
YB-1P-PE;CABO DE CONTROLE MULTIPLO FORMADO DE FIOS DE COBRE ELETROLÍTICO, TÊMPERA MOLE, SEPARAÇÃO TOTAL AO CONJUNTO COM FITA NÃO HIGROSCÓPICA, ISOLAÇÃO EM PVC, CLASSE DE TENSAO 0,6/1kV, EM VEIAS NUMERADAS, DE ACORDO COM NBR 7289, BLINDAGEM ELETROSTÁTICA EM FITA DE ALUMÍNIO MAIS POLYESTER COM CONDUTOR DRENO EM CONTATO ELÉTRICO COM A FITA, JAQUETA EXTERNA EM PVC ST1 70º, CONFORME NBR 6251.;POLIRON OU SIMILAR;1x6C1,5mm2+SH;m 
YB-1P-PG;CABO DE CONTROLE MULTIPLO FORMADO DE FIOS DE COBRE ELETROLÍTICO, TÊMPERA MOLE, SEPARAÇÃO TOTAL AO CONJUNTO COM FITA NÃO HIGROSCÓPICA, ISOLAÇÃO EM PVC, CLASSE DE TENSAO 0,6/1kV, EM VEIAS NUMERADAS, DE ACORDO COM NBR 7289, BLINDAGEM ELETROSTÁTICA EM FITA DE ALUMÍNIO MAIS POLYESTER COM CONDUTOR DRENO EM CONTATO ELÉTRICO COM A FITA, JAQUETA EXTERNA EM PVC ST1 70º, CONFORME NBR 6251.;POLIRON OU SIMILAR;1x8C1,5mm2+SH;m 
YB-1P-PI;CABO DE CONTROLE MULTIPLO FORMADO DE FIOS DE COBRE ELETROLÍTICO, TÊMPERA MOLE, SEPARAÇÃO TOTAL AO CONJUNTO COM FITA NÃO HIGROSCÓPICA, ISOLAÇÃO EM PVC, CLASSE DE TENSAO 0,6/1kV, EM VEIAS NUMERADAS, DE ACORDO COM NBR 7289, BLINDAGEM ELETROSTÁTICA EM FITA DE ALUMÍNIO MAIS POLYESTER COM CONDUTOR DRENO EM CONTATO ELÉTRICO COM A FITA, JAQUETA EXTERNA EM PVC ST1 70º, CONFORME NBR 6251.;POLIRON OU SIMILAR;1x10C1,5mm2+SH;m 
YB-1P-PK;CABO DE CONTROLE MULTIPLO FORMADO DE FIOS DE COBRE ELETROLÍTICO, TÊMPERA MOLE, SEPARAÇÃO TOTAL AO CONJUNTO COM FITA NÃO HIGROSCÓPICA, ISOLAÇÃO EM PVC, CLASSE DE TENSAO 0,6/1kV, EM VEIAS NUMERADAS, DE ACORDO COM NBR 7289, BLINDAGEM ELETROSTÁTICA EM FITA DE ALUMÍNIO MAIS POLYESTER COM CONDUTOR DRENO EM CONTATO ELÉTRICO COM A FITA, JAQUETA EXTERNA EM PVC ST1 70º, CONFORME NBR 6251.;POLIRON OU SIMILAR;1x14C1,5mm2+SH;m 
YB-1P-PB;CABO DE CONTROLE MULTIPLO FORMADO DE FIOS DE COBRE ELETROLÍTICO, TÊMPERA MOLE, SEPARAÇÃO TOTAL AO CONJUNTO COM FITA NÃO HIGROSCÓPICA, ISOLAÇÃO EM PVC, CLASSE DE TENSAO 0,6/1kV, EM VEIAS NUMERADAS, DE ACORDO COM NBR 7289, BLINDAGEM ELETROSTÁTICA EM FITA DE ALUMÍNIO MAIS POLYESTER COM CONDUTOR DRENO EM CONTATO ELÉTRICO COM A FITA, JAQUETA EXTERNA EM PVC ST1 70º, CONFORME NBR 6251.;POLIRON OU SIMILAR;1x3C2,5mm2+SH;m 
YC-0P-PA;CABO DE CONTROLE MULTIPLO FORMADO DE FIOS DE COBRE ELETROLÍTICO, TÊMPERA MOLE, SEPARAÇÃO TOTAL AO CONJUNTO COM FITA NÃO HIGROSCÓPICA, ISOLAÇÃO EM PVC, CLASSE DE TENSAO 0,6/1kV, EM VEIAS NUMERADAS, DE ACORDO COM NBR 7289, JAQUETA EXTERNA EM PVC ST1 70º, CONFORME NBR 6251.;POLIRON OU SIMILAR;2 x 0,75 mm2;m 
YC-0P-PB;CABO DE CONTROLE MULTIPLO FORMADO DE FIOS DE COBRE ELETROLÍTICO, TÊMPERA MOLE, SEPARAÇÃO TOTAL AO CONJUNTO COM FITA NÃO HIGROSCÓPICA, ISOLAÇÃO EM PVC, CLASSE DE TENSAO 0,6/1kV, EM VEIAS NUMERADAS, DE ACORDO COM NBR 7289, JAQUETA EXTERNA EM PVC ST1 70º, CONFORME NBR 6251.;POLIRON OU SIMILAR;3 x 0,75 mm2;m 
YC-0P-PC;CABO DE CONTROLE MULTIPLO FORMADO DE FIOS DE COBRE ELETROLÍTICO, TÊMPERA MOLE, SEPARAÇÃO TOTAL AO CONJUNTO COM FITA NÃO HIGROSCÓPICA, ISOLAÇÃO EM PVC, CLASSE DE TENSAO 0,6/1kV, EM VEIAS NUMERADAS, DE ACORDO COM NBR 7289, JAQUETA EXTERNA EM PVC ST1 70º, CONFORME NBR 6251.;POLIRON OU SIMILAR;4 x 0,75 mm2;m 
YC-0P-PD;CABO DE CONTROLE MULTIPLO FORMADO DE FIOS DE COBRE ELETROLÍTICO, TÊMPERA MOLE, SEPARAÇÃO TOTAL AO CONJUNTO COM FITA NÃO HIGROSCÓPICA, ISOLAÇÃO EM PVC, CLASSE DE TENSAO 0,6/1kV, EM VEIAS NUMERADAS, DE ACORDO COM NBR 7289, JAQUETA EXTERNA EM PVC ST1 70º, CONFORME NBR 6251.;POLIRON OU SIMILAR;5 x 0,75 mm2;m 
YC-0P-PE;CABO DE CONTROLE MULTIPLO FORMADO DE FIOS DE COBRE ELETROLÍTICO, TÊMPERA MOLE, SEPARAÇÃO TOTAL AO CONJUNTO COM FITA NÃO HIGROSCÓPICA, ISOLAÇÃO EM PVC, CLASSE DE TENSAO 0,6/1kV, EM VEIAS NUMERADAS, DE ACORDO COM NBR 7289, JAQUETA EXTERNA EM PVC ST1 70º, CONFORME NBR 6251.;POLIRON OU SIMILAR;6 x 0,75 mm2;m 
YC-0P-PF;CABO DE CONTROLE MULTIPLO FORMADO DE FIOS DE COBRE ELETROLÍTICO, TÊMPERA MOLE, SEPARAÇÃO TOTAL AO CONJUNTO COM FITA NÃO HIGROSCÓPICA, ISOLAÇÃO EM PVC, CLASSE DE TENSAO 0,6/1kV, EM VEIAS NUMERADAS, DE ACORDO COM NBR 7289, JAQUETA EXTERNA EM PVC ST1 70º, CONFORME NBR 6251.;POLIRON OU SIMILAR;7 x 0,75 mm2;m 
YC-0P-PG;CABO DE CONTROLE MULTIPLO FORMADO DE FIOS DE COBRE ELETROLÍTICO, TÊMPERA MOLE, SEPARAÇÃO TOTAL AO CONJUNTO COM FITA NÃO HIGROSCÓPICA, ISOLAÇÃO EM PVC, CLASSE DE TENSAO 0,6/1kV, EM VEIAS NUMERADAS, DE ACORDO COM NBR 7289, JAQUETA EXTERNA EM PVC ST1 70º, CONFORME NBR 6251.;POLIRON OU SIMILAR;8 x 0,75 mm2;m 
YC-0P-PI;CABO DE CONTROLE MULTIPLO FORMADO DE FIOS DE COBRE ELETROLÍTICO, TÊMPERA MOLE, SEPARAÇÃO TOTAL AO CONJUNTO COM FITA NÃO HIGROSCÓPICA, ISOLAÇÃO EM PVC, CLASSE DE TENSAO 0,6/1kV, EM VEIAS NUMERADAS, DE ACORDO COM NBR 7289, JAQUETA EXTERNA EM PVC ST1 70º, CONFORME NBR 6251.;POLIRON OU SIMILAR;10 x 0,75 mm2;m 
YC-0P-PJ;CABO DE CONTROLE MULTIPLO FORMADO DE FIOS DE COBRE ELETROLÍTICO, TÊMPERA MOLE, SEPARAÇÃO TOTAL AO CONJUNTO COM FITA NÃO HIGROSCÓPICA, ISOLAÇÃO EM PVC, CLASSE DE TENSAO 0,6/1kV, EM VEIAS NUMERADAS, DE ACORDO COM NBR 7289, JAQUETA EXTERNA EM PVC ST1 70º, CONFORME NBR 6251.;POLIRON OU SIMILAR;12 x 0,75 mm2;m 
YC-0P-PK;CABO DE CONTROLE MULTIPLO FORMADO DE FIOS DE COBRE ELETROLÍTICO, TÊMPERA MOLE, SEPARAÇÃO TOTAL AO CONJUNTO COM FITA NÃO HIGROSCÓPICA, ISOLAÇÃO EM PVC, CLASSE DE TENSAO 0,6/1kV, EM VEIAS NUMERADAS, DE ACORDO COM NBR 7289, JAQUETA EXTERNA EM PVC ST1 70º, CONFORME NBR 6251.;POLIRON OU SIMILAR;14 x 0,75 mm2;m 
YC-0P-PM;CABO DE CONTROLE MULTIPLO FORMADO DE FIOS DE COBRE ELETROLÍTICO, TÊMPERA MOLE, SEPARAÇÃO TOTAL AO CONJUNTO COM FITA NÃO HIGROSCÓPICA, ISOLAÇÃO EM PVC, CLASSE DE TENSAO 0,6/1kV, EM VEIAS NUMERADAS, DE ACORDO COM NBR 7289, JAQUETA EXTERNA EM PVC ST1 70º, CONFORME NBR 6251.;POLIRON OU SIMILAR;16 x 0,75 mm2;m 
YC-0P-PO;CABO DE CONTROLE MULTIPLO FORMADO DE FIOS DE COBRE ELETROLÍTICO, TÊMPERA MOLE, SEPARAÇÃO TOTAL AO CONJUNTO COM FITA NÃO HIGROSCÓPICA, ISOLAÇÃO EM PVC, CLASSE DE TENSAO 0,6/1kV, EM VEIAS NUMERADAS, DE ACORDO COM NBR 7289, JAQUETA EXTERNA EM PVC ST1 70º, CONFORME NBR 6251.;POLIRON OU SIMILAR;20 x 0,75 mm2;m 
YC-0P-PP;CABO DE CONTROLE MULTIPLO FORMADO DE FIOS DE COBRE ELETROLÍTICO, TÊMPERA MOLE, SEPARAÇÃO TOTAL AO CONJUNTO COM FITA NÃO HIGROSCÓPICA, ISOLAÇÃO EM PVC, CLASSE DE TENSAO 0,6/1kV, EM VEIAS NUMERADAS, DE ACORDO COM NBR 7289, JAQUETA EXTERNA EM PVC ST1 70º, CONFORME NBR 6251.;POLIRON OU SIMILAR;24 x 0,75 mm2;m 
YC-0P-PR;CABO DE CONTROLE MULTIPLO FORMADO DE FIOS DE COBRE ELETROLÍTICO, TÊMPERA MOLE, SEPARAÇÃO TOTAL AO CONJUNTO COM FITA NÃO HIGROSCÓPICA, ISOLAÇÃO EM PVC, CLASSE DE TENSAO 0,6/1kV, EM VEIAS NUMERADAS, DE ACORDO COM NBR 7289, JAQUETA EXTERNA EM PVC ST1 70º, CONFORME NBR 6251.;POLIRON OU SIMILAR;30 x 0,75 mm2;m 
YC-1P-PA;CABO DE CONTROLE MULTIPLO FORMADO DE FIOS DE COBRE ELETROLÍTICO, TÊMPERA MOLE, SEPARAÇÃO TOTAL AO CONJUNTO COM FITA NÃO HIGROSCÓPICA, ISOLAÇÃO EM PVC, CLASSE DE TENSAO 0,6/1kV, EM VEIAS NUMERADAS, DE ACORDO COM NBR 7289, JAQUETA EXTERNA EM PVC ST1 70º, CONFORME NBR 6251.;POLIRON OU SIMILAR;2 x 1,5mm2;m 
YC-1P-PB;CABO DE CONTROLE MULTIPLO FORMADO DE FIOS DE COBRE ELETROLÍTICO, TÊMPERA MOLE, SEPARAÇÃO TOTAL AO CONJUNTO COM FITA NÃO HIGROSCÓPICA, ISOLAÇÃO EM PVC, CLASSE DE TENSAO 0,6/1kV, EM VEIAS NUMERADAS, DE ACORDO COM NBR 7289, JAQUETA EXTERNA EM PVC ST1 70º, CONFORME NBR 6251.;POLIRON OU SIMILAR;3 x 1,5mm2;m 
YC-1P-PC;CABO DE CONTROLE MULTIPLO FORMADO DE FIOS DE COBRE ELETROLÍTICO, TÊMPERA MOLE, SEPARAÇÃO TOTAL AO CONJUNTO COM FITA NÃO HIGROSCÓPICA, ISOLAÇÃO EM PVC, CLASSE DE TENSAO 0,6/1kV, EM VEIAS NUMERADAS, DE ACORDO COM NBR 7289, JAQUETA EXTERNA EM PVC ST1 70º, CONFORME NBR 6251.;POLIRON OU SIMILAR;4 x 1,5 mm2;m 
YC-1P-PD;CABO DE CONTROLE MULTIPLO FORMADO DE FIOS DE COBRE ELETROLÍTICO, TÊMPERA MOLE, SEPARAÇÃO TOTAL AO CONJUNTO COM FITA NÃO HIGROSCÓPICA, ISOLAÇÃO EM PVC, CLASSE DE TENSAO 0,6/1kV, EM VEIAS NUMERADAS, DE ACORDO COM NBR 7289, JAQUETA EXTERNA EM PVC ST1 70º, CONFORME NBR 6251.;POLIRON OU SIMILAR;5 x 1,5mm2;m 
YC-1P-PE;CABO DE CONTROLE MULTIPLO FORMADO DE FIOS DE COBRE ELETROLÍTICO, TÊMPERA MOLE, SEPARAÇÃO TOTAL AO CONJUNTO COM FITA NÃO HIGROSCÓPICA, ISOLAÇÃO EM PVC, CLASSE DE TENSAO 0,6/1kV, EM VEIAS NUMERADAS, DE ACORDO COM NBR 7289, JAQUETA EXTERNA EM PVC ST1 70º, CONFORME NBR 6251.;POLIRON OU SIMILAR;6 x 1,5 mm2;m 
YC-1P-PF;CABO DE CONTROLE MULTIPLO FORMADO DE FIOS DE COBRE ELETROLÍTICO, TÊMPERA MOLE, SEPARAÇÃO TOTAL AO CONJUNTO COM FITA NÃO HIGROSCÓPICA, ISOLAÇÃO EM PVC, CLASSE DE TENSAO 0,6/1kV, EM VEIAS NUMERADAS, DE ACORDO COM NBR 7289, JAQUETA EXTERNA EM PVC ST1 70º, CONFORME NBR 6251.;POLIRON OU SIMILAR;7 x 1,5 mm2;m 
YC-1P-PG;CABO DE CONTROLE MULTIPLO FORMADO DE FIOS DE COBRE ELETROLÍTICO, TÊMPERA MOLE, SEPARAÇÃO TOTAL AO CONJUNTO COM FITA NÃO HIGROSCÓPICA, ISOLAÇÃO EM PVC, CLASSE DE TENSAO 0,6/1kV, EM VEIAS NUMERADAS, DE ACORDO COM NBR 7289, JAQUETA EXTERNA EM PVC ST1 70º, CONFORME NBR 6251.;POLIRON OU SIMILAR;8 x 1,5mm2;m 
YC-1P-PI;CABO DE CONTROLE MULTIPLO FORMADO DE FIOS DE COBRE ELETROLÍTICO, TÊMPERA MOLE, SEPARAÇÃO TOTAL AO CONJUNTO COM FITA NÃO HIGROSCÓPICA, ISOLAÇÃO EM PVC, CLASSE DE TENSAO 0,6/1kV, EM VEIAS NUMERADAS, DE ACORDO COM NBR 7289, JAQUETA EXTERNA EM PVC ST1 70º, CONFORME NBR 6251.;POLIRON OU SIMILAR;10 x 1,5 mm2;m 
YC-1P-PJ;CABO DE CONTROLE MULTIPLO FORMADO DE FIOS DE COBRE ELETROLÍTICO, TÊMPERA MOLE, SEPARAÇÃO TOTAL AO CONJUNTO COM FITA NÃO HIGROSCÓPICA, ISOLAÇÃO EM PVC, CLASSE DE TENSAO 0,6/1kV, EM VEIAS NUMERADAS, DE ACORDO COM NBR 7289, JAQUETA EXTERNA EM PVC ST1 70º, CONFORME NBR 6251.;POLIRON OU SIMILAR;12 x 1,5 mm2;m 
YC-1P-PK;CABO DE CONTROLE MULTIPLO FORMADO DE FIOS DE COBRE ELETROLÍTICO, TÊMPERA MOLE, SEPARAÇÃO TOTAL AO CONJUNTO COM FITA NÃO HIGROSCÓPICA, ISOLAÇÃO EM PVC, CLASSE DE TENSAO 0,6/1kV, EM VEIAS NUMERADAS, DE ACORDO COM NBR 7289, JAQUETA EXTERNA EM PVC ST1 70º, CONFORME NBR 6251.;POLIRON OU SIMILAR;14 x 1,5 mm2;m 
YC-1P-PM;CABO DE CONTROLE MULTIPLO FORMADO DE FIOS DE COBRE ELETROLÍTICO, TÊMPERA MOLE, SEPARAÇÃO TOTAL AO CONJUNTO COM FITA NÃO HIGROSCÓPICA, ISOLAÇÃO EM PVC, CLASSE DE TENSAO 0,6/1kV, EM VEIAS NUMERADAS, DE ACORDO COM NBR 7289, JAQUETA EXTERNA EM PVC ST1 70º, CONFORME NBR 6251.;POLIRON OU SIMILAR;16 x 1,5 mm2;m 
YC-1P-PO;CABO DE CONTROLE MULTIPLO FORMADO DE FIOS DE COBRE ELETROLÍTICO, TÊMPERA MOLE, SEPARAÇÃO TOTAL AO CONJUNTO COM FITA NÃO HIGROSCÓPICA, ISOLAÇÃO EM PVC, CLASSE DE TENSAO 0,6/1kV, EM VEIAS NUMERADAS, DE ACORDO COM NBR 7289, JAQUETA EXTERNA EM PVC ST1 70º, CONFORME NBR 6251.;POLIRON OU SIMILAR;20 x 1,5 mm2;m 
YC-1P-PP;CABO DE CONTROLE MULTIPLO FORMADO DE FIOS DE COBRE ELETROLÍTICO, TÊMPERA MOLE, SEPARAÇÃO TOTAL AO CONJUNTO COM FITA NÃO HIGROSCÓPICA, ISOLAÇÃO EM PVC, CLASSE DE TENSAO 0,6/1kV, EM VEIAS NUMERADAS, DE ACORDO COM NBR 7289, JAQUETA EXTERNA EM PVC ST1 70º, CONFORME NBR 6251.;POLIRON OU SIMILAR;24 x 1,5 mm2;m 
YC-1P-PR;CABO DE CONTROLE MULTIPLO FORMADO DE FIOS DE COBRE ELETROLÍTICO, TÊMPERA MOLE, SEPARAÇÃO TOTAL AO CONJUNTO COM FITA NÃO HIGROSCÓPICA, ISOLAÇÃO EM PVC, CLASSE DE TENSAO 0,6/1kV, EM VEIAS NUMERADAS, DE ACORDO COM NBR 7289, JAQUETA EXTERNA EM PVC ST1 70º, CONFORME NBR 6251.;POLIRON OU SIMILAR;30 x 1,5 mm2;m 
YC-2E-EB;CABO DE CONTROLE MULTIPLO FORMADO DE FIOS DE COBRE ELETROLÍTICO, TÊMPERA MOLE, SEPARAÇÃO TOTAL AO CONJUNTO COM FITA NÃO HIGROSCÓPICA, ISOLAÇÃO EM PVC, CLASSE DE TENSAO 0,6/1kV, EM VEIAS NUMERADAS, DE ACORDO COM NBR 7289, JAQUETA EXTERNA EM PVC ST1 70º, CONFORME NBR 6251.;POLIRON OU SIMILAR;3 x 2,5 mm2;m 
YC-2E-EC;CABO DE CONTROLE MULTIPLO FORMADO DE FIOS DE COBRE ELETROLÍTICO, TÊMPERA MOLE, SEPARAÇÃO TOTAL AO CONJUNTO COM FITA NÃO HIGROSCÓPICA, ISOLAÇÃO EM PVC, CLASSE DE TENSAO 0,6/1kV, EM VEIAS NUMERADAS, DE ACORDO COM NBR 7289, JAQUETA EXTERNA EM PVC ST1 70º, CONFORME NBR 6251.;POLIRON OU SIMILAR;4 x 2,5 mm2;m 
YC-2E-ED;CABO DE CONTROLE MULTIPLO FORMADO DE FIOS DE COBRE ELETROLÍTICO, TÊMPERA MOLE, SEPARAÇÃO TOTAL AO CONJUNTO COM FITA NÃO HIGROSCÓPICA, ISOLAÇÃO EM PVC, CLASSE DE TENSAO 0,6/1kV, EM VEIAS NUMERADAS, DE ACORDO COM NBR 7289, JAQUETA EXTERNA EM PVC ST1 70º, CONFORME NBR 6251.;POLIRON OU SIMILAR;5 x 2,5 mm2;m 
YC-2E-EE;CABO DE CONTROLE MULTIPLO FORMADO DE FIOS DE COBRE ELETROLÍTICO, TÊMPERA MOLE, SEPARAÇÃO TOTAL AO CONJUNTO COM FITA NÃO HIGROSCÓPICA, ISOLAÇÃO EM PVC, CLASSE DE TENSAO 0,6/1kV, EM VEIAS NUMERADAS, DE ACORDO COM NBR 7289, JAQUETA EXTERNA EM PVC ST1 70º, CONFORME NBR 6251.;POLIRON OU SIMILAR;6 x 2,5 mm2;m 
YC-2E-EF;CABO DE CONTROLE MULTIPLO FORMADO DE FIOS DE COBRE ELETROLÍTICO, TÊMPERA MOLE, SEPARAÇÃO TOTAL AO CONJUNTO COM FITA NÃO HIGROSCÓPICA, ISOLAÇÃO EM PVC, CLASSE DE TENSAO 0,6/1kV, EM VEIAS NUMERADAS, DE ACORDO COM NBR 7289, JAQUETA EXTERNA EM PVC ST1 70º, CONFORME NBR 6251.;POLIRON OU SIMILAR;7 x 2,5 mm2;m 
YC-2E-EG;CABO DE CONTROLE MULTIPLO FORMADO DE FIOS DE COBRE ELETROLÍTICO, TÊMPERA MOLE, SEPARAÇÃO TOTAL AO CONJUNTO COM FITA NÃO HIGROSCÓPICA, ISOLAÇÃO EM PVC, CLASSE DE TENSAO 0,6/1kV, EM VEIAS NUMERADAS, DE ACORDO COM NBR 7289, JAQUETA EXTERNA EM PVC ST1 70º, CONFORME NBR 6251.;POLIRON OU SIMILAR;8 x 2,5 mm2;m 
YC-2E-EI;CABO DE CONTROLE MULTIPLO FORMADO DE FIOS DE COBRE ELETROLÍTICO, TÊMPERA MOLE, SEPARAÇÃO TOTAL AO CONJUNTO COM FITA NÃO HIGROSCÓPICA, ISOLAÇÃO EM PVC, CLASSE DE TENSAO 0,6/1kV, EM VEIAS NUMERADAS, DE ACORDO COM NBR 7289, JAQUETA EXTERNA EM PVC ST1 70º, CONFORME NBR 6251.;POLIRON OU SIMILAR;10 x 2,5 mm2;m 
YC-2E-EJ;CABO DE CONTROLE MULTIPLO FORMADO DE FIOS DE COBRE ELETROLÍTICO, TÊMPERA MOLE, SEPARAÇÃO TOTAL AO CONJUNTO COM FITA NÃO HIGROSCÓPICA, ISOLAÇÃO EM PVC, CLASSE DE TENSAO 0,6/1kV, EM VEIAS NUMERADAS, DE ACORDO COM NBR 7289, JAQUETA EXTERNA EM PVC ST1 70º, CONFORME NBR 6251.;POLIRON OU SIMILAR;12 x 2,5 mm2;m 
YC-2E-EK;CABO DE CONTROLE MULTIPLO FORMADO DE FIOS DE COBRE ELETROLÍTICO, TÊMPERA MOLE, SEPARAÇÃO TOTAL AO CONJUNTO COM FITA NÃO HIGROSCÓPICA, ISOLAÇÃO EM PVC, CLASSE DE TENSAO 0,6/1kV, EM VEIAS NUMERADAS, DE ACORDO COM NBR 7289, JAQUETA EXTERNA EM PVC ST1 70º, CONFORME NBR 6251.;POLIRON OU SIMILAR;14 x 2,5 mm2;m 
YC-2E-EM;CABO DE CONTROLE MULTIPLO FORMADO DE FIOS DE COBRE ELETROLÍTICO, TÊMPERA MOLE, SEPARAÇÃO TOTAL AO CONJUNTO COM FITA NÃO HIGROSCÓPICA, ISOLAÇÃO EM PVC, CLASSE DE TENSAO 0,6/1kV, EM VEIAS NUMERADAS, DE ACORDO COM NBR 7289, JAQUETA EXTERNA EM PVC ST1 70º, CONFORME NBR 6251.;POLIRON OU SIMILAR;16 x 2,5 mm2;m 
YC-2E-EO;CABO DE CONTROLE MULTIPLO FORMADO DE FIOS DE COBRE ELETROLÍTICO, TÊMPERA MOLE, SEPARAÇÃO TOTAL AO CONJUNTO COM FITA NÃO HIGROSCÓPICA, ISOLAÇÃO EM PVC, CLASSE DE TENSAO 0,6/1kV, EM VEIAS NUMERADAS, DE ACORDO COM NBR 7289, JAQUETA EXTERNA EM PVC ST1 70º, CONFORME NBR 6251.;POLIRON OU SIMILAR;20 x 2,5 mm2;m 
YC-2E-EP;CABO DE CONTROLE MULTIPLO FORMADO DE FIOS DE COBRE ELETROLÍTICO, TÊMPERA MOLE, SEPARAÇÃO TOTAL AO CONJUNTO COM FITA NÃO HIGROSCÓPICA, ISOLAÇÃO EM PVC, CLASSE DE TENSAO 0,6/1kV, EM VEIAS NUMERADAS, DE ACORDO COM NBR 7289, JAQUETA EXTERNA EM PVC ST1 70º, CONFORME NBR 6251.;POLIRON OU SIMILAR;24 x 2,5 mm2;m 
YC-2E-ER;CABO DE CONTROLE MULTIPLO FORMADO DE FIOS DE COBRE ELETROLÍTICO, TÊMPERA MOLE, SEPARAÇÃO TOTAL AO CONJUNTO COM FITA NÃO HIGROSCÓPICA, ISOLAÇÃO EM PVC, CLASSE DE TENSAO 0,6/1kV, EM VEIAS NUMERADAS, DE ACORDO COM NBR 7289, JAQUETA EXTERNA EM PVC ST1 70º, CONFORME NBR 6251.;POLIRON OU SIMILAR;30 x 2,5 mm2;m 
YS-F7-P5;CABO PARA SINAL/INSTRUMENTAÇÃO, EM PAR, CONDUTORES EM FIOS DE COBRE ELETROLÍTICO,  CLASSE 2 DE ENCORDOAMENTO, CLASSE DE ISOLAÇÃO 300V EM PVC 70ºC, IDENTIFICAÇÃO DO PAR PRETO/BRANCO, SEPARADOR EM FITA NÃO HIGROSCÓPICA, BLINDAGEM ELETROSTÁTICA EM FITA DE ALUMÍNIO MAIS POLYESTER COM CONDUTOR DRENO EM CONTATO ELÉTRICO COM A FITA, JAQUETA EXTERNA EM PVC ST1 70º, CONFORME NBR 6251.;POLIRON OU SIMILAR;1x1P#0,8mm2+SH;m 
YS-F7-PZ;CABO PARA SINAL/INSTRUMENTAÇÃO, EM PAR, CONDUTORES EM FIOS DE COBRE ELETROLÍTICO,  CLASSE 2 DE ENCORDOAMENTO, CLASSE DE ISOLAÇÃO 300V EM PVC 70ºC, IDENTIFICAÇÃO DO PAR PRETO/BRANCO, SEPARADOR EM FITA NÃO HIGROSCÓPICA, BLINDAGEM ELETROSTÁTICA EM FITA DE ALUMÍNIO MAIS POLYESTER COM CONDUTOR DRENO EM CONTATO ELÉTRICO COM A FITA, JAQUETA EXTERNA EM PVC ST1 70º, CONFORME NBR 6251. FORMAÇÃO 1x1P#1,0mm2+SH;POLIRON OU SIMILAR;1x1P#1,0mm2+SH;m 
YS-P7-P2;CABO PARA SINAL/INSTRUMENTAÇÃO, MÚLTIPLOS PARES, FORMADO POR CONDUTORES COM 7 ELEMENTOS DE COBRE ELETROLÍTICO, CLASSE 2 DE ENCORDOAMENTO, CLASSE DE ISOLAÇÃO 0,3kV EM PVC 70º, IDENTENTIFICAÇÃO DOS PARES: PRETO E BRANCO, PASSO DE TORÇÃO DOS PARES DE 50 A 60mm. SEPARADOR EM FITA HIGROSCÓPICA, BLINDAGEM INDIVIDUAL E TOTAL POR FITA DE ALUMÍNIO MAIS POLIÉSTER COM FIO DRENO EM CONTATO ELÉTRICO COM O ALUMÍNIO, CABO DE COMUNICAÇÃO ISOLADO EM PVC NA COR AZUL 0,5mm2, JAQUETA EXTERNA EM PVC ST1 70º, CONFORME NBR 6251.;POLIRON OU SIMILAR;1x2P1,0mm2+SH;m 
YS-F7-P4;CABO PARA SINAL/INSTRUMENTAÇÃO, MÚLTIPLOS PARES, FORMADO POR CONDUTORES COM 7 ELEMENTOS DE COBRE ELETROLÍTICO, CLASSE 2 DE ENCORDOAMENTO, CLASSE DE ISOLAÇÃO 0,3kV EM PVC 70º, IDENTENTIFICAÇÃO DOS PARES: PRETO E BRANCO, PASSO DE TORÇÃO DOS PARES DE 50 A 60mm. SEPARADOR EM FITA HIGROSCÓPICA, BLINDAGEM INDIVIDUAL E TOTAL POR FITA DE ALUMÍNIO MAIS POLIÉSTER COM FIO DRENO EM CONTATO ELÉTRICO COM O ALUMÍNIO, CABO DE COMUNICAÇÃO ISOLADO EM PVC NA COR AZUL 0,5mm2, JAQUETA EXTERNA EM PVC ST1 70º, CONFORME NBR 6251.;POLIRON OU SIMILAR;1x4P1,0mm2+SH;m 
YS-F7-P6;CABO PARA SINAL/INSTRUMENTAÇÃO, MÚLTIPLOS PARES, FORMADO POR CONDUTORES COM 7 ELEMENTOS DE COBRE ELETROLÍTICO, CLASSE 2 DE ENCORDOAMENTO, CLASSE DE ISOLAÇÃO 0,3kV EM PVC 70º, IDENTENTIFICAÇÃO DOS PARES: PRETO E BRANCO, PASSO DE TORÇÃO DOS PARES DE 50 A 60mm. SEPARADOR EM FITA HIGROSCÓPICA, BLINDAGEM INDIVIDUAL E TOTAL POR FITA DE ALUMÍNIO MAIS POLIÉSTER COM FIO DRENO EM CONTATO ELÉTRICO COM O ALUMÍNIO, CABO DE COMUNICAÇÃO ISOLADO EM PVC NA COR AZUL 0,5mm2, JAQUETA EXTERNA EM PVC ST1 70º, CONFORME NBR 6251.;POLIRON OU SIMILAR;1x6P1,0mm2+SH;m 
YS-F7-P8;CABO PARA SINAL/INSTRUMENTAÇÃO, MÚLTIPLOS PARES, FORMADO POR CONDUTORES COM 7 ELEMENTOS DE COBRE ELETROLÍTICO, CLASSE 2 DE ENCORDOAMENTO, CLASSE DE ISOLAÇÃO 0,3kV EM PVC 70º, IDENTENTIFICAÇÃO DOS PARES: PRETO E BRANCO, PASSO DE TORÇÃO DOS PARES DE 50 A 60mm. SEPARADOR EM FITA HIGROSCÓPICA, BLINDAGEM INDIVIDUAL E TOTAL POR FITA DE ALUMÍNIO MAIS POLIÉSTER COM FIO DRENO EM CONTATO ELÉTRICO COM O ALUMÍNIO, CABO DE COMUNICAÇÃO ISOLADO EM PVC NA COR AZUL 0,5mm2, JAQUETA EXTERNA EM PVC ST1 70º, CONFORME NBR 6251.;POLIRON OU SIMILAR;1x8P1,0mm2+SH;m 
YS-F8-PZ;CABO PARA SINAL/INSTRUMENTAÇÃO, EM PAR, CONDUTORES EM FIOS DE COBRE ELETROLÍTICO,  CLASSE 2 DE ENCORDOAMENTO, CLASSE DE ISOLAÇÃO 300V EM PVC 70ºC, IDENTIFICAÇÃO DO PAR PRETO/BRANCO, SEPARADOR EM FITA NÃO HIGROSCÓPICA, BLINDAGEM ELETROSTÁTICA EM FITA DE ALUMÍNIO MAIS POLYESTER COM CONDUTOR DRENO EM CONTATO ELÉTRICO COM A FITA, JAQUETA EXTERNA EM PVC ST1 70º, CONFORME NBR 6251.;POLIRON OU SIMILAR;1x1P#1,5mm2+SH;m 
YS-F7-P2;CABO PARA SINAL/INSTRUMENTAÇÃO, MÚLTIPLOS PARES, FORMADO POR CONDUTORES COM 7 ELEMENTOS DE COBRE ELETROLÍTICO, CLASSE 2 DE ENCORDOAMENTO, CLASSE DE ISOLAÇÃO 0,3kV EM PVC 70º, IDENTENTIFICAÇÃO DOS PARES: PRETO E BRANCO, PASSO DE TORÇÃO DOS PARES DE 50 A 60mm. SEPARADOR EM FITA HIGROSCÓPICA, BLINDAGEM INDIVIDUAL E TOTAL POR FITA DE ALUMÍNIO MAIS POLIÉSTER COM FIO DRENO EM CONTATO ELÉTRICO COM O ALUMÍNIO, CABO DE COMUNICAÇÃO ISOLADO EM PVC NA COR AZUL 0,5mm2, JAQUETA EXTERNA EM PVC ST1 70º, CONFORME NBR 6251.;POLIRON OU SIMILAR;1x2P1,5mm2+SH;m 
SM-13-A1;CABO PARA SINAL/INSTRUMENTAÇÃO, EM TRIO, CONDUTORES EM FIOS DE COBRE ELETROLÍTICO,  CLASSE 2 DE ENCORDOAMENTO, CLASSE DE ISOLAÇÃO 300V EM PVC 70ºC, IDENTIFICAÇÃO DO PAR PRETO, BRANCO E VERMELHO, SEPARADOR EM FITA NÃO HIGROSCÓPICA, BLINDAGEM ELETROSTÁTICA EM FITA DE ALUMÍNIO MAIS POLYESTER COM CONDUTOR DRENO EM CONTATO ELÉTRICO COM A FITA, JAQUETA EXTERNA EM PVC ST1 70º, CONFORME NBR 6251.;POLIRON OU SIMILAR;1x1T1,0+SH;m 
SM-43-A1;CABO PARA SINAL/INSTRUMENTAÇÃO, MÚLTIPLOS TRIOS, FORMADO POR CONDUTORES COM 7 ELEMENTOS DE COBRE ELETROLÍTICO, CLASSE 2 DE ENCORDOAMENTO, CLASSE DE ISOLAÇÃO 0,3kV EM PVC 70º, IDENTENTIFICAÇÃO DOS TRIOS: PRETO, BRANCO E VERMELHO, PASSO DE TORÇÃO DOS PARES DE 50 A 60mm. SEPARADOR EM FITA HIGROSCÓPICA, BLINDAGEM INDIVIDUAL E TOTAL POR FITA DE ALUMÍNIO MAIS POLIÉSTER COM FIO DRENO EM CONTATO ELÉTRICO COM O ALUMÍNIO, CABO DE COMUNICAÇÃO ISOLADO EM PVC NA COR AZUL 0,5mm2, JAQUETA EXTERNA EM PVC ST1 70º, CONFORME NBR 6251.;POLIRON OU SIMILAR;1x4T1,0+SH;m 
SM-83-A0;CABO PARA SINAL/INSTRUMENTAÇÃO, MÚLTIPLOS TRIOS, FORMADO POR CONDUTORES COM 7 ELEMENTOS DE COBRE ELETROLÍTICO, CLASSE 2 DE ENCORDOAMENTO, CLASSE DE ISOLAÇÃO 0,3kV EM PVC 70º, IDENTENTIFICAÇÃO DOS TRIOS: PRETO, BRANCO E VERMELHO, PASSO DE TORÇÃO DOS PARES DE 50 A 60mm. SEPARADOR EM FITA HIGROSCÓPICA, BLINDAGEM INDIVIDUAL E TOTAL POR FITA DE ALUMÍNIO MAIS POLIÉSTER COM FIO DRENO EM CONTATO ELÉTRICO COM O ALUMÍNIO, CABO DE COMUNICAÇÃO ISOLADO EM PVC NA COR AZUL 0,5mm2, JAQUETA EXTERNA EM PVC ST1 70º, CONFORME NBR 6251.;POLIRON OU SIMILAR;1x6T1,0+SH;m 
SM-83-A1;CABO PARA SINAL/INSTRUMENTAÇÃO, MÚLTIPLOS TRIOS, FORMADO POR CONDUTORES COM 7 ELEMENTOS DE COBRE ELETROLÍTICO, CLASSE 2 DE ENCORDOAMENTO, CLASSE DE ISOLAÇÃO 0,3kV EM PVC 70º, IDENTENTIFICAÇÃO DOS TRIOS: PRETO, BRANCO E VERMELHO, PASSO DE TORÇÃO DOS PARES DE 50 A 60mm. SEPARADOR EM FITA HIGROSCÓPICA, BLINDAGEM INDIVIDUAL E TOTAL POR FITA DE ALUMÍNIO MAIS POLIÉSTER COM FIO DRENO EM CONTATO ELÉTRICO COM O ALUMÍNIO, CABO DE COMUNICAÇÃO ISOLADO EM PVC NA COR AZUL 0,5mm2, JAQUETA EXTERNA EM PVC ST1 70º, CONFORME NBR 6251.;POLIRON OU SIMILAR;1x8T1,0+SH;m 
SM-12-A1;CABO PARA SINAL/INSTRUMENTAÇÃO, MÚLTIPLOS TRIOS, FORMADO POR CONDUTORES COM 7 ELEMENTOS DE COBRE ELETROLÍTICO, CLASSE 2 DE ENCORDOAMENTO, CLASSE DE ISOLAÇÃO 0,3kV EM PVC 70º, IDENTENTIFICAÇÃO DOS TRIOS: PRETO, BRANCO E VERMELHO, PASSO DE TORÇÃO DOS PARES DE 50 A 60mm. SEPARADOR EM FITA HIGROSCÓPICA, BLINDAGEM INDIVIDUAL E TOTAL POR FITA DE ALUMÍNIO MAIS POLIÉSTER COM FIO DRENO EM CONTATO ELÉTRICO COM O ALUMÍNIO, CABO DE COMUNICAÇÃO ISOLADO EM PVC NA COR AZUL 0,5mm2, JAQUETA EXTERNA EM PVC ST1 70º, CONFORME NBR 6251.;POLIRON OU SIMILAR;1x12T1,0+SH;m 
SR-82-01;CABO GROSSO PARA REDE DEVICENET, BITOLA 15 E 18 AWG MULTIFILAR EM COBRE ESTANHADO, CLASSE 2 DE ENCORDOAMENTO, CLASSE DE ISOLAÇÃO 300V TEMPERATURA 75º EM PVC E PEE. BLINDAGEM INDIVIDUALMENTE E COLETIVA. CAPA EXTERNA EM PVC CINZA RESITENTE A RAIOS SOLARES E ÓLEO.;MACROTEC OU SIMILAR;;m 
SR-76-02;CABO PARA REDE FOUNDATION FIELDBUS, FORMADO POR CABOS DE COBRE ESTANHADO MULTIFILAMENTO(7x26), BITOLA 18 AWG, TWINAX (PAR TRANÇADO), CLASSE DE ISOLAMENTO 300V , ISOLAÇÃO EM EM POLIOLEFINA E TEMPERATURA 105º. BLINDAGEM EM FOLHA ALUMINIZADA E FIO DRENO DE COBRE ESTANHADO. CAPA EXTERNA EM PVC NA COR LARANJA.;BELDEN OU SIMILAR;18 AWG;m 
SR-98-41;CABO PARA REDE MODBUS EM MEIO FÍSICO RS-485, 24AWG, 1 PAR TRANÇADO, CLASSE DE ISOLAMENTO 300V TEMPERATURA 80º, BLINDAGEM EM FOLHA ALUMINIZADA E MALHA TRANÇADA EM COBRE ESTANHADO, FIO DRENO, ISOLAÇÃO EM POLIETILENO, CAPA EXTERNA EM PVC CROMADA.;BELDEN OU SIMILAR;24 AWG;m 
SR-79-01;CABO PARA REDE PROFIBUS DP, FORMADO POR CABO DE COBRE NU SÓLIDO, BITOLA 22 AWG, TWINAX (PAR TRANÇADO), CLASSE DE ISOLAMENTO 300V, ISOLAÇÃO EM POLIOLEFINA E TEMPERATURA 75ºC. BLINDAGEM COLETIVA BELDFOIL® MAIS 65% DE BLINDAGEM EM MALHA DE COBRE ESTANHADO (COBERTURA TOTAL DA BLINDAGEM).  CAPA EXTERNA EM PVC NA COR VIOLETA.;BELDEN OU SIMILAR;22 AWG;m 
SR-76-01;CABO PARA REDE PROFIBUS PA, FORMADO POR CABOS DE COBRE ESTANHADO MULTIFILAMENTO(7x26), BITOLA 18 AWG, TWINAX (PAR TRANÇADO), CLASSE DE ISOLAMENTO 300V , ISOLAÇÃO EM EM POLIOLEFINA E TEMPERATURA 105º. BLINDAGEM EM FOLHA ALUMINIZADA E FIO DRENO DE COBRE ESTANHADO. CAPA EXTERNA EM PVC NA COR AZUL.;BELDEN OU SIMILAR;18 AWG;m 
YI-8E-FZ;CABO PARA REDES U/UTP (ETHERNET-GIGALAN CAT. 5E), CONFORME DIRETIVAS RoHS, FORMADO POR CONDUTORES DE COBRE NÃO BLINDADOS COM ISOLAMENTO EM POLIETILENO E CAPA AZUL EM PVC RETARDANTE A CHAMA. CONSTITUÍDO POR 4 PARES COM BITOLA 24AWG.;FURUKAWA;24 AWG;m 
YI-8E-EZ;CABO PARA REDES U/UTP (ETHERNET-GIGALAN CAT. 6), CONFORME DIRETIVAS RoHS, FORMADO POR CONDUTORES DE COBRE NÃO BLINDADOS COM ISOLAMENTO EM POLIETILENO E CAPA AZUL EM PVC RETARDANTE A CHAMA. CONSTITUÍDO POR 4 PARES COM BITOLA 23AWG.;FURUKAWA;23 AWG;m 
YO-FO-01;CABO ÓPTICO MULTIMODO (62.5/125) TOTALMENTE DIELÉTRICO, PARA AMBIENTE DE INSTALAÇÃO INTERNO, FORMADO POR CORDÕES ÓPTICOS DE NÚCLEO SECO. TIPO CFOI-X-MF / TIGHT (MULTICORDÃO) COMPOSTO POR 6 FIBRAS ÓTICAS.;FURUKAWA;MULTIMODO (62.5/125);m 
BB-T5-01;CAIXA COM 02 TOMADAS 2P+T-10A-250V E 02 RJ (AZUL/VERMELHO), PARA MONTAGEM EM CAIXA INSTALADA EM RODAPÉ FALSO, 120x30mm;VALEMAM OU SIMILAR ;;
AK-02-54;CAIXA DE INSPEÇÃO TIPO SUSPENSA EM POLIAMIDA,  PARA ENTRADAS DE ELETRODUTOS.;TERMOTÉCNICA OU SIMILAR;"1""";pç 
CP-01-89;CAIXA DE INSPEÇÃO, TIPO SOLO, COM TAMPA COM GARRA EM FERRO FUNDIDO.;TERMOTÉCNICA OU SIMILAR;DIÂMETRO 300mm;cj 
CC-02-M1;CAIXA DE LIGAÇÃO, FABRICADA EM ALUMÍNIO FUNDIDO, A PROVA DE TEMPO, UMIDADE, GASES, VAPORES E PO, COM JUNTA DE VEDAÇÃO EM NEOPRENE, E TAMPA PLANA.;NUTSTEEL OU SIMILAR;190x160x110;pç 
CC-03-M1;CAIXA DE LIGAÇÃO, FABRICADA EM ALUMÍNIO FUNDIDO, A PROVA DE TEMPO, UMIDADE, GASES, VAPORES E PO, COM JUNTA DE VEDAÇÃO EM NEOPRENE, E TAMPA PLANA.;NUTSTEEL OU SIMILAR;230x290x150;pç 
CC-03-M2;CAIXA DE LIGAÇÃO, FABRICADA EM ALUMÍNIO FUNDIDO, A PROVA DE TEMPO, UMIDADE, GASES, VAPORES E PO, COM JUNTA DE VEDAÇÃO EM NEOPRENE, E TAMPA PLANA.;NUTSTEEL OU SIMILAR;300x295x150;pç 
CC-03-M3;CAIXA DE LIGAÇÃO, FABRICADA EM ALUMÍNIO FUNDIDO, A PROVA DE TEMPO, UMIDADE, GASES, VAPORES E PO, COM JUNTA DE VEDAÇÃO EM NEOPRENE, E TAMPA PLANA.;NUTSTEEL OU SIMILAR;355x295x150;pç 
CC-03-M4;CAIXA DE LIGAÇÃO, FABRICADA EM ALUMÍNIO FUNDIDO, A PROVA DE TEMPO, UMIDADE, GASES, VAPORES E PO, COM JUNTA DE VEDAÇÃO EM NEOPRENE, E TAMPA PLANA.;NUTSTEEL OU SIMILAR;420x295x150;pç 
CC-03-M5;CAIXA DE LIGAÇÃO, FABRICADA EM ALUMÍNIO FUNDIDO, A PROVA DE TEMPO, UMIDADE, GASES, VAPORES E PO, COM JUNTA DE VEDAÇÃO EM NEOPRENE, E TAMPA PLANA.;NUTSTEEL OU SIMILAR;465x295x150;pç 
CC-03-M6;CAIXA DE LIGAÇÃO, FABRICADA EM ALUMÍNIO FUNDIDO, A PROVA DE TEMPO, UMIDADE, GASES, VAPORES E PO, COM JUNTA DE VEDAÇÃO EM NEOPRENE, E TAMPA PLANA.;NUTSTEEL OU SIMILAR;520x295x150;pç 
CC-03-M7;CAIXA DE LIGAÇÃO, FABRICADA EM ALUMÍNIO FUNDIDO, A PROVA DE TEMPO, UMIDADE, GASES, VAPORES E PO, COM JUNTA DE VEDAÇÃO EM NEOPRENE, E TAMPA PLANA.;NUTSTEEL OU SIMILAR;585x305x150;pç 
CC-03-M8;CAIXA DE LIGAÇÃO, FABRICADA EM ALUMÍNIO FUNDIDO, A PROVA DE TEMPO, UMIDADE, GASES, VAPORES E PO, COM JUNTA DE VEDAÇÃO EM NEOPRENE, E TAMPA PLANA.;NUTSTEEL OU SIMILAR;610x295x150;pç 
CC-03-M9;CAIXA DE LIGAÇÃO, FABRICADA EM ALUMÍNIO FUNDIDO, A PROVA DE TEMPO, UMIDADE, GASES, VAPORES E PO, COM JUNTA DE VEDAÇÃO EM NEOPRENE, E TAMPA PLANA.;NUTSTEEL OU SIMILAR;710x295x150;pç 
CE-04-51;CAIXA ESTAMPADA OCTOGONAL COM FUNDO MOVEL, PARA INSTALAÇÃO PREDIAIS, PARA INTERRUPTORES E TOMADAS, EM CHAPA NUMERO 18 MSG, ESMALTADA PRETA COM ORELHAS REFORÇADAS.;P. THOMEU OU SIMILAR;"4""x4""x2""";pç 
CE-04-52;CAIXA ESTAMPADA OCTOGONAL COM FUNDO MOVEL, PARA INSTALAÇÃO PREDIAIS, PARA INTERRUPTORES E TOMADAS, EM CHAPA NUMERO 18 MSG, ESMALTADA PRETA COM ORELHAS REFORÇADAS.;P. THOMEU OU SIMILAR;"4""x4""x4""";pç 
CE-03-51;CAIXA ESTAMPADA OCTOGONAL, DE EMBUTIR PARA INSTALAÇÕES PREDIAIS, PARA INTERRUPTORES E TOMADAS, EM CHAPA DE AÇO NUMERO 18 MSG, ESMALTADA PRETA COM ORELHAS REFORÇADAS.;P. THOMEU OU SIMILAR;"3"" x 3""";pç 
CE-02-51;CAIXA ESTAMPADA QUADRADA, DE EMBUTIR PARA INSTALAÇÕES PREDIAIS, PARA INTERRUPTORES E TOMADAS, EM AÇO NUMERO 18 MSG, ESMALTADA PRETA COM ORELHAS REFORÇADAS.;P. THOMEU OU SIMILAR;"4""x4""";pç 
CE-02-52;CAIXA ESTAMPADA QUADRADA, DE EMBUTIR PARA INSTALAÇÕES PREDIAIS, PARA INTERRUPTORES E TOMADAS, EM AÇO NUMERO 18 MSG, ESMALTADA PRETA COM ORELHAS REFORÇADAS.;P. THOMEU OU SIMILAR;"5""x5""";pç 
CE-01-51;CAIXA ESTAMPADA RETANGULAR, DE EMBUTIR PARA INSTALAÇÃO PREDIAIS, PARA INTERRUPTORES E TOMADAS, EM CHAPA DE AÇO NUMERO 18 MSG, ESMALTADA PRETA COM ORELHAS REFORÇADAS.;P. THOMEU OU SIMILAR;"4""x2""";pç 
CE-01-52;CAIXA ESTAMPADA RETANGULAR, DE EMBUTIR PARA INSTALAÇÃO PREDIAIS, PARA INTERRUPTORES E TOMADAS, EM CHAPA DE AÇO NUMERO 18 MSG, ESMALTADA PRETA COM ORELHAS REFORÇADAS.;P. THOMEU OU SIMILAR;"4""x6""";pç 
CC-11-03;CAIXA FABRICADA EM ALUMÍNIO FUNDIDO, PARA DERIVAÇÃO DE CABOS PARA MÁQUINAS DE SOLDA, MONTADA COM BORNES, CONFORME DETALHE TÍPICO DE4-019.;MECATRON OU SIMILAR;412x412x180mm;cj 
CC-11-04;CAIXA FABRICADA EM ALUMÍNIO FUNDIDO, PARA DERIVAÇÃO DE CABOS PARA MÁQUINAS DE SOLDA, MONTADA COM BORNES, CONFORME DETALHE TÍPICO DE4-019.;MECATRON OU SIMILAR;412x412x180mm;cj 
CC-11-12;CAIXA FABRICADA EM ALUMÍNIO FUNDIDO, PARA DERIVAÇÃO DE CABOS PARA MÁQUINAS DE SOLDA, MONTADA COM BORNES, CONFORME DETALHE TÍPICO DE4-019.;MECATRON OU SIMILAR;412x412x180mm;cj 
CC-11-21;CAIXA FABRICADA EM ALUMÍNIO FUNDIDO, PARA DERIVAÇÃO DE CABOS PARA MÁQUINAS DE SOLDA, MONTADA COM BORNES, CONFORME DETALHE TÍPICO DE4-026.;MECATRON OU SIMILAR;412x412x180mm;cj 
CL-01-01;CAIXA FABRICADA EM CHAPA DE AÇO 12MSG (2,66mm) SEM PLACA DE MONTAGEM, GRAU DE PROTEÇÃO IP-65, PINTURA ELETROSTÁTICA EM POLIESTER, NA COR CINZA ESCURO MUNSELL N3,5 COM PORTA DE ABERTURA DIREITA COM TRÊS FECHOS RÁPIDOS, DE MIOLO UNIVERSAL.;TAUNUS OU SIMILAR;1000X1000X800 (LAP);pç 
CL-04-81;CAIXA FABRICADA EM CHAPA DE AÇO COM PORTA, SISTEMA MODULAR  USB-630 PARA INSTALAÇÃO INTERNA , GRAU DE PROTEÇÃO IP-40, PINTURA ELETROSTATICA A BASE DE PO DE EPOXI NA COR CINZA RAL 7032.;SIEMENS OU SIMILAR;315x315x250 mm;pç 
CL-04-82;CAIXA FABRICADA EM CHAPA DE AÇO COM PORTA, SISTEMA MODULAR  USB-630 PARA INSTALAÇÃO INTERNA , GRAU DE PROTEÇÃO IP-40, PINTURA ELETROSTATICA A BASE DE PO DE EPOXI NA COR CINZA RAL 7032.;SIEMENS OU SIMILAR;472x315x250 mm;pç 
CL-04-85;CAIXA FABRICADA EM CHAPA DE AÇO COM PORTA, SISTEMA MODULAR  USB-630 PARA INSTALAÇÃO INTERNA , GRAU DE PROTEÇÃO IP-40, PINTURA ELETROSTATICA A BASE DE PO DE EPOXI NA COR CINZA RAL 7032.;SIEMENS OU SIMILAR;630x315x250 mm;pç 
CL-04-86;CAIXA FABRICADA EM CHAPA DE AÇO COM PORTA, SISTEMA MODULAR  USB-630 PARA INSTALAÇÃO INTERNA , GRAU DE PROTEÇÃO IP-40, PINTURA ELETROSTATICA A BASE DE PO DE EPOXI NA COR CINZA RAL 7032.;SIEMENS OU SIMILAR;630x630x360 mm;pç 
CP-01-81;CAIXA FABRICADA EM POLICARBONATO PARA MONTAGEM DE EQUIPAMENTOS ELÉTRICOS, TAMPA TRANSPARENTE, FORNECIDA COM CHASSI METÁLICO. GRAU DE PROTEÇÃO IP67.;TABLEPLAST OU SIMILAR;385x470mm;pç 
CP-01-85;"CAIXA FABRICADA EM POLICARBONATO, GRAU DE PROTEÇÃO IP-67, PARA ALIMENTAÇÃO DE PONTE ROLANTE/TALHA ELÉTRICA, MONTADA COM MANOPLA E DISJUNTOR 25A, 35kA-440V, COM CADEADO, CONFORME DETALHE TÍPICO DE4-018 - ALTERNATIVA ""A"".";MECATRON OU SIMILAR;481x462x204mm;cj 
CP-01-86;"CAIXA FABRICADA EM POLICARBONATO, GRAU DE PROTEÇÃO IP-67, PARA ALIMENTAÇÃO DE PONTE ROLANTE/TALHA ELÉTRICA, MONTADA COM MANOPLA E DISJUNTOR 63A, 35kA-440V, COM CADEADO, CONFORME DETALHE TÍPICO DE4-018 - ALTERNATIVA ""B"".";MECATRON OU SIMILAR;481x462x204mm;cj 
CP-01-87;"CAIXA FABRICADA EM POLICARBONATO, GRAU DE PROTEÇÃO IP-67, PARA ALIMENTAÇÃO DE PONTE ROLANTE/TALHA ELÉTRICA, MONTADA COM MANOPLA E DISJUNTOR 25A, 50kA-380V, COM CADEADO, CONFORME DETALHE TÍPICO DE4-018 - ALTERNATIVA ""A"".";MECATRON OU SIMILAR;481x462x204mm;cj 
CP-01-88;"CAIXA FABRICADA EM POLICARBONATO, GRAU DE PROTEÇÃO IP-67, PARA ALIMENTAÇÃO DE PONTE ROLANTE/TALHA ELÉTRICA, MONTADA COM MANOPLA E DISJUNTOR 63A, 50kA-300V, COM CADEADO, CONFORME DETALHE TÍPICO DE4-018 - ALTERNATIVA ""B"".";MECATRON OU SIMILAR;481x462x204mm;cj 
BD-20-84;CAIXA PARA 01 TOMADA 2P+T, PARA RODAPÉ FALSO COM TAMPA DE ENCAIXE, 120x30 TRIPLO;VALEMAM OU SIMILAR;VL 3.09/1;pç 
BD-20-83;CAIXA PARA 02 TOMADAS 2P+T, PARA RODAPÉ FALSO COM TAMPA DE ENCAIXE, 120x30 TRIPLO;VALEMAM OU SIMILAR;VL 3.09/1;pç 
CB-12-P4;CAIXA PARA MONTAGEM DE EQUIPAMENTOS ELÉTRICOS, FABRICADA EM COMPOSTO TERMO-PLÁSTICO AUTO-EXTINGUÍVEL, GRAU DE PROTEÇÃO IP66, NA COR CINZA SEM EMBULETES. FORNECIDA COM UMA TOMADA 2P+T-16A-240V NA COR AZUL, E UMA TOMADA 2P+T+32A-130V NA COR AMARELA.;STECK OU SIMILAR;262x161x115mm;pç 
CB-12-P3;CAIXA PARA MONTAGEM DE EQUIPAMENTOS ELÉTRICOS, FABRICADA EM COMPOSTO TERMO-PLÁSTICO AUTO-EXTINGUÍVEL, GRAU DE PROTEÇÃO IP66, NA COR CINZA SEM EMBULETES. FORNECIDA COM UMA TOMADA 2P+T-16A-240V NA COR AZUL.;STECK OU SIMILAR;86x86x65mm;pç 
CB-12-P2;CAIXA PARA MONTAGEM DE EQUIPAMENTOS ELÉTRICOS, FABRICADA EM COMPOSTO TERMO-PLÁSTICO AUTO-EXTINGUÍVEL, GRAU DE PROTEÇÃO IP66, NA COR CINZA SEM EMBULETES. FORNECIDA COM UMA TOMADA 2P+T-32A-240V NA COR AZUL, E UMA TOMADA 2P+T+32A-130V NA COR AMARELA.;STECK OU SIMILAR;262x161x115mm;pç 
CB-12-P5;CAIXA PARA MONTAGEM DE EQUIPAMENTOS ELÉTRICOS, FABRICADA EM COMPOSTO TERMO-PLÁSTICO AUTO-EXTINGUÍVEL, GRAU DE PROTEÇÃO IP66, NA COR CINZA SEM EMBULETES. FORNECIDA COM UMA TOMADA 1P+N+T-32A-240V NA COR AZUL.;STECK OU SIMILAR;86x86x65mm;pç 
CB-12-P1;CAIXA PARA MONTAGEM DE EQUIPAMENTOS ELÉTRICOS, FABRICADA EM COMPOSTO TERMO-PLÁSTICO AUTO-EXTINGUÍVEL, GRAU DE PROTEÇÃO IP66, NA COR CINZA SEM EMBULETES. FORNECIDA COM UMA TOMADA 2P+T-32A-240V NA COR AZUL.;STECK OU SIMILAR;86x86x65mm;pç 
CC-11-10;CAIXA PARA MONTAGEM DE EQUIPAMENTOS, FABRICADA  EM ALUMÍNIO FUNDIDO, A PROVA DE T.U.G.V.P., COM JUNTA DE VEDAÇÃO EM NEOPRENE, FORNECIDA COM CHASSI , COM 8 BORNES TIPO SAK, SEPARADOS DE 4/4 POR PLACA SEPARADORA, MONTADOS EM TRILHO, PARA ENTRADA E SAÍDA DE CABOS DE 25mm2 A 70mm2, COMPLETA COM PLACA FINAL E POSTE DE FIXAÇÃO.;NUTSTEEL OU SIMILAR;465X370X170mm;pç 
CC-11-08;CAIXA PARA MONTAGEM DE EQUIPAMENTOS, FABRICADA EM ALUMÍNIO FUNDIDO, À PROVA DE T.U.G.V.P. COM JUNTA DE VEDAÇÃO, FORNECIDA COM CHASSI REMOVÍVEL, MONTADA COM 15 BORNES SAK 2,5, TAMPA NAS EXTREMIDADES E POSTE FINAL.;NUTSTEEL OU SIMILAR;290x230x170mm;cj 
CC-11-11;CAIXA PARA MONTAGEM DE EQUIPAMENTOS, FABRICADA EM ALUMÍNIO FUNDIDO, À PROVA DE T.U.G.V.P. COM JUNTA DE VEDAÇÃO, FORNECIDA COM CHASSI REMOVÍVEL, MONTADA COM 16 BORNES SAK PARA CABOS DE 2,5 A 4,0mm2 NA COR CINZA E 01 BORNE SAK PARA CABO 4,0mm2 NA COR VERDE, TRILHO, TAMPA NAS EXTREMIDADES E POSTE FINAL.;NUTSTEEL OU SIMILAR;290x230x170mm;cj 
CC-11-05;CAIXA PARA MONTAGEM DE EQUIPAMENTOS, FABRICADA EM ALUMÍNIO FUNDIDO, À PROVA DE T.U.G.V.P. COM JUNTA DE VEDAÇÃO, FORNECIDA COM CHASSI, MONTADA COM 04 BORNES NA COR CINZA P/ CABOS DE 2,5~6,0mm2 E 01 BORNE NA COR VERDE P/ CABOS DE 2,5~6,0mm2, COM PLACA DE SEPARAÇÃO ENTRE OS BORNES.;NUTSTEEL OU SIMILAR;235x155x130mm;pç 
CC-11-07;CAIXA PARA MONTAGEM DE EQUIPAMENTOS, FABRICADA EM ALUMÍNIO FUNDIDO, À PROVA DE T.U.G.V.P. COM JUNTA DE VEDAÇÃO, FORNECIDA COM CHASSI, MONTADA COM 06 BORNES NA COR CINZA P/ CABOS DE 10~35mm2 E 01 BORNE NA COR VERDE P/ CABOS DE 10~35mm2, COM PLACA DE SEPARAÇÃO ENTRE OS BORNES.;NUTSTEEL OU SIMILAR;235x155x130mm;pç 
CC-11-06;CAIXA PARA MONTAGEM DE EQUIPAMENTOS, FABRICADA EM ALUMÍNIO FUNDIDO, À PROVA DE T.U.G.V.P. COM JUNTA DE VEDAÇÃO, FORNECIDA COM CHASSI, MONTADA COM 06 BORNES NA COR CINZA P/ CABOS DE 2,5~6,0mm2 E 01 BORNE NA COR VERDE P/ CABOS DE 2,5~6,0mm2, COM PLACA DE SEPARAÇÃO ENTRE OS BORNES.;NUTSTEEL OU SIMILAR;235x155x130mm;pç 
CC-11-09;CAIXA PARA MONTAGEM DE EQUIPAMENTOS, FABRICADA EM ALUMÍNIO FUNDIDO, À PROVA DE T.U.G.V.P. COM JUNTA DE VEDAÇÃO, FORNECIDA COM CHASSI, MONTADA COM 12 BORNES NA COR CINZA P/ CABOS DE 4 ~ 10,0mm2 E 01 BORNE NA COR VERDE P/ CABOS DE 4 ~ 10,0mm2, COM PLACA DE SEPARAÇÃO ENTRE OS BORNES.;NUTSTEEL OU SIMILAR;235x155x130mm;pç 
CC-11-02;CAIXA PARA MONTAGEM DE EQUIPAMENTOS, FABRICADA EM ALUMÍNIO FUNDIDO, A PROVA DE T.U.G.V.P., COM JUNTA DE VEDAÇÃO FORNECIDA COM CHASSI, MONTADA COM 4 BORNES PARA CABOS DE 10 A 25mm²;NUTSTEEL OU SIMILAR;245X245X225mm;pç 
CC-11-01;CAIXA PARA MONTAGEM DE EQUIPAMENTOS, FABRICADA EM ALUMÍNIO FUNDIDO, A PROVA DE T.U.G.V.P., COM JUNTA DE VEDAÇÃO FORNECIDA COM CHASSI, MONTADA COM 4 BORNES PARA CABOS DE 2,5 A 6mm²;NUTSTEEL OU SIMILAR;245X245X225mm;pç 
BD-20-82;CAIXA PARA TOMADA RJ 45/11, PARA RODAPÉ FALSO COM TAMPA DE ENCAIXE, 120x30 TRIPLO;VALEMAM OU SIMILAR;VL 3.33;pç 
VC-AI-JE;CANTONEIRA DE ABAS IGUAIS EM AÇO CARBONO ASTM A36 - BARRAS DE 6m;CSN OU SIMILAR;"2"" x 3/16""";pç 
VC-AI-LF;"CANTONEIRA DE ABAS IGUAIS EM AÇO CARBONO ASTM A36 - BARRAS DE 6m, 2 1/2"" X 2 1/2"" X 1/4""";CSN OU SIMILAR;"2 1/2"" X 1/4""";pç 
VC-AI-CC;CANTONEIRA DE ABAS IGUAIS EM AÇO CARBONO ASTM A36 - BARRAS DE 6m.;CSN OU SIMILAR;"3/4"" x 1/8""";pç 
VC-AI-EC;CANTONEIRA DE ABAS IGUAIS EM AÇO CARBONO ASTM A36 - BARRAS DE 6m.;CSN OU SIMILAR;"1"" x 1/8""";pç 
VC-AI-EE;CANTONEIRA DE ABAS IGUAIS EM AÇO CARBONO ASTM A36 - BARRAS DE 6m.;CSN OU SIMILAR;"1"" x 3/16""";pç 
VC-AI-FC;CANTONEIRA DE ABAS IGUAIS EM AÇO CARBONO ASTM A36 - BARRAS DE 6m.;CSN OU SIMILAR;"1 1/4"" x 1/8""";pç 
VC-AI-FE;CANTONEIRA DE ABAS IGUAIS EM AÇO CARBONO ASTM A36 - BARRAS DE 6m.;CSN OU SIMILAR;"1 1/4"" x 3/16""";pç 
VC-AI-FF;CANTONEIRA DE ABAS IGUAIS EM AÇO CARBONO ASTM A36 - BARRAS DE 6m.;CSN OU SIMILAR;"1 1/4"" x 1/4""";pç 
VC-AI-HE;CANTONEIRA DE ABAS IGUAIS EM AÇO CARBONO ASTM A36 - BARRAS DE 6m.;CSN OU SIMILAR;"1 1/2"" x 3/16""";pç 
VC-AI-HF;CANTONEIRA DE ABAS IGUAIS EM AÇO CARBONO ASTM A36 - BARRAS DE 6m.;CSN OU SIMILAR;"1 1/2"" x 1/4""";pç 
VC-AI-HF;CANTONEIRA DE ABAS IGUAIS EM AÇO CARBONO ASTM A36 - BARRAS DE 6m.;CSN OU SIMILAR;"1 1/2"" x 1/4""";pç 
VC-AI-HF;CANTONEIRA DE ABAS IGUAIS EM AÇO CARBONO ASTM A36 - BARRAS DE 6m.;CSN OU SIMILAR;"1 1/2"" x 1/4""";pç 
VC-AI-HG;CANTONEIRA DE ABAS IGUAIS EM AÇO CARBONO ASTM A36 - BARRAS DE 6m.;CSN OU SIMILAR;"1.3/4"" x 1/8""";pç 
VC-AI-JF;CANTONEIRA DE ABAS IGUAIS EM AÇO CARBONO ASTM A36;CSN OU SIMILAR;"2 "" X 1/4""";pç 
VC-AI-JH;CANTONEIRA DE ABAS IGUAIS EM AÇO CARBONO ASTM A36 - BARRAS DE 6m.;CSN OU SIMILAR;"2"" x 3/8""";pç 
VC-AI-LE;CANTONEIRA DE ABAS IGUAIS EM AÇO CARBONO ASTM A36 - BARRAS DE 6m.;CSN OU SIMILAR;"2 1/2"" x 3/16""";pç 
VC-AI-NF;CANTONEIRA DE ABAS IGUAIS EM AÇO CARBONO ASTM A36 - BARRAS DE 6m.;CSN OU SIMILAR;"3"" x 1/4""";pç 
VC-AI-NG;CANTONEIRA DE ABAS IGUAIS EM AÇO CARBONO ASTM A36 - BARRAS DE 6m.;CSN OU SIMILAR;"3"" x 5/16""";pç 
VC-AI-PF;CANTONEIRA DE ABAS IGUAIS EM AÇO CARBONO ASTM A36 - BARRAS DE 6m.;CSN OU SIMILAR;"4"" x 1/4""";pç 
VC-AI-PH;CANTONEIRA DE ABAS IGUAIS EM AÇO CARBONO ASTM A36 - BARRAS DE 6m.;CSN OU SIMILAR;"4"" x 3/8""";pç 
VC-AI-CE;CANTONEIRA DE ABAS IGUAIS, DIMENSÕES 25x25x5x2400mm,  EM AÇO ZINCADO POR IMERSÃO A QUENTE, PARA ATERRAMENTO DE SUBESTAÇÕES, PADRÃO CEMIG;PADRÃO CEMIG;25x25x5x2400mm ;
EB-26-01;CAPS (TAMPÃO), FABRICADO EM FERRO FUNDIDO, GALVANIZAÇÃO ELETROLÍTICA, PARA VEDAR EXTREMIDADES DE ELETRODUTOS, PROVIDO DE ROSCA INTERNA.;NUTSTEEL OU SIMILAR;"1/2"" BSP";pç 
EB-26-02;CAPS (TAMPÃO), FABRICADO EM FERRO FUNDIDO, GALVANIZAÇÃO ELETROLÍTICA, PARA VEDAR EXTREMIDADES DE ELETRODUTOS, PROVIDO DE ROSCA INTERNA.;NUTSTEEL OU SIMILAR;"3/4"" BSP";pç 
EB-26-03;"CAPS (TAMPÃO), FABRICADO EM FERRO FUNDIDO, GALVANIZAÇÃO ELETROLÍTICA, PARA VEDAR EXTREMIDADES DE ELETRODUTOS, PROVIDO DE ROSCA INTERNA Ø1"" BSP";NUTSTEEL OU SIMILAR;"1"" BSP";pç 
EB-26-04;CAPS (TAMPÃO), FABRICADO EM FERRO FUNDIDO, GALVANIZAÇÃO ELETROLÍTICA, PARA VEDAR EXTREMIDADES DE ELETRODUTOS, PROVIDO DE ROSCA INTERNA.;NUTSTEEL OU SIMILAR;"1 1/4"" BSP";pç 
EB-26-05;CAPS (TAMPÃO), FABRICADO EM FERRO FUNDIDO, GALVANIZAÇÃO ELETROLÍTICA, PARA VEDAR EXTREMIDADES DE ELETRODUTOS, PROVIDO DE ROSCA INTERNA.;NUTSTEEL OU SIMILAR;"1 1/2"" BSP";pç 
EB-26-06;CAPS (TAMPÃO), FABRICADO EM FERRO FUNDIDO, GALVANIZAÇÃO ELETROLÍTICA, PARA VEDAR EXTREMIDADES DE ELETRODUTOS, PROVIDO DE ROSCA INTERNA.;NUTSTEEL OU SIMILAR;"2"" BSP";pç 
EB-26-07;CAPS (TAMPÃO), FABRICADO EM FERRO FUNDIDO, GALVANIZAÇÃO ELETROLÍTICA, PARA VEDAR EXTREMIDADES DE ELETRODUTOS, PROVIDO DE ROSCA INTERNA.;NUTSTEEL OU SIMILAR;"2 1/2"" BSP";pç 
EB-26-08;CAPS (TAMPÃO), FABRICADO EM FERRO FUNDIDO, GALVANIZAÇÃO ELETROLÍTICA, PARA VEDAR EXTREMIDADES DE ELETRODUTOS, PROVIDO DE ROSCA INTERNA.;NUTSTEEL OU SIMILAR;"3"" BSP";pç 
EB-26-09;CAPS (TAMPÃO), FABRICADO EM FERRO FUNDIDO, GALVANIZAÇÃO ELETROLÍTICA, PARA VEDAR EXTREMIDADES DE ELETRODUTOS, PROVIDO DE ROSCA INTERNA.;NUTSTEEL OU SIMILAR;"4"" BSP";pç 
EB-46-01;CAPS (TAMPÃO), FABRICADO EM FERRO FUNDIDO, GALVANIZADO A FOGO, PARA VEDAR EXTREMIDADES DE ELETRODUTOS, PROVIDO DE ROSCA INTERNA.;NUTSTEEL OU SIMILAR;"1/2"" BSP";pç 
EB-46-02;CAPS (TAMPÃO), FABRICADO EM FERRO FUNDIDO, GALVANIZADO A FOGO, PARA VEDAR EXTREMIDADES DE ELETRODUTOS, PROVIDO DE ROSCA INTERNA.;NUTSTEEL OU SIMILAR;"3/4"" BSP";pç 
EB-46-03;CAPS (TAMPÃO), FABRICADO EM FERRO FUNDIDO, GALVANIZADO A FOGO, PARA VEDAR EXTREMIDADES DE ELETRODUTOS, PROVIDO DE ROSCA INTERNA.;NUTSTEEL OU SIMILAR;"1"" BSP";pç 
EB-46-04;CAPS (TAMPÃO), FABRICADO EM FERRO FUNDIDO, GALVANIZADO A FOGO, PARA VEDAR EXTREMIDADES DE ELETRODUTOS, PROVIDO DE ROSCA INTERNA.;NUTSTEEL OU SIMILAR;"1 1/4"" BSP";pç 
EB-46-05;CAPS (TAMPÃO), FABRICADO EM FERRO FUNDIDO, GALVANIZADO A FOGO, PARA VEDAR EXTREMIDADES DE ELETRODUTOS, PROVIDO DE ROSCA INTERNA.;NUTSTEEL OU SIMILAR;"1 1/2"" BSP";pç 
EB-46-06;CAPS (TAMPÃO), FABRICADO EM FERRO FUNDIDO, GALVANIZADO A FOGO, PARA VEDAR EXTREMIDADES DE ELETRODUTOS, PROVIDO DE ROSCA INTERNA.;NUTSTEEL OU SIMILAR;"2"" BSP";pç 
EB-46-07;CAPS (TAMPÃO), FABRICADO EM FERRO FUNDIDO, GALVANIZADO A FOGO, PARA VEDAR EXTREMIDADES DE ELETRODUTOS, PROVIDO DE ROSCA INTERNA.;NUTSTEEL OU SIMILAR;"2 1/2"" BSP";pç 
EB-46-08;CAPS (TAMPÃO), FABRICADO EM FERRO FUNDIDO, GALVANIZADO A FOGO, PARA VEDAR EXTREMIDADES DE ELETRODUTOS, PROVIDO DE ROSCA INTERNA.;NUTSTEEL OU SIMILAR;"3"" BSP";pç 
EB-46-09;CAPS (TAMPÃO), FABRICADO EM FERRO FUNDIDO, GALVANIZADO A FOGO, PARA VEDAR EXTREMIDADES DE ELETRODUTOS, PROVIDO DE ROSCA INTERNA.;NUTSTEEL OU SIMILAR;"4"" BSP";pç 
AI-04-AA;CARTUCHOS PARA CONEXÕES EXOTÉRMICAS - PO PADRÃO PARA CONEXÕES EXOTÉRMICAS.;CADWELD OU SIMILAR;25;pç 
AI-04-AB;CARTUCHOS PARA CONEXÕES EXOTÉRMICAS - PO PADRÃO PARA CONEXÕES EXOTÉRMICAS.;CADWELD OU SIMILAR;32;pç 
AI-04-AC;CARTUCHOS PARA CONEXÕES EXOTÉRMICAS - PO PADRÃO PARA CONEXÕES EXOTÉRMICAS.;CADWELD OU SIMILAR;45;pç 
AI-04-AD;CARTUCHOS PARA CONEXÕES EXOTÉRMICAS - PO PADRÃO PARA CONEXÕES EXOTÉRMICAS.;CADWELD OU SIMILAR;65;pç 
AI-04-AE;CARTUCHOS PARA CONEXÕES EXOTÉRMICAS - PO PADRÃO PARA CONEXÕES EXOTÉRMICAS.;CADWELD OU SIMILAR;90;pç 
AI-04-AF;CARTUCHOS PARA CONEXÕES EXOTÉRMICAS - PO PADRÃO PARA CONEXÕES EXOTÉRMICAS.;CADWELD OU SIMILAR;115;pç 
AI-04-AG;CARTUCHOS PARA CONEXÕES EXOTÉRMICAS - PO PADRÃO PARA CONEXÕES EXOTÉRMICAS.;CADWELD OU SIMILAR;150;pç 
AI-04-AH;CARTUCHOS PARA CONEXÕES EXOTÉRMICAS - PO PADRÃO PARA CONEXÕES EXOTÉRMICAS.;CADWELD OU SIMILAR;200;pç 
AI-04-AI;CARTUCHOS PARA CONEXÕES EXOTÉRMICAS - PO PADRÃO PARA CONEXÕES EXOTÉRMICAS.;CADWELD OU SIMILAR;250;pç 
AI-04-AJ;CARTUCHOS PARA CONEXÕES EXOTÉRMICAS - PO PADRÃO PARA CONEXÕES EXOTÉRMICAS.;CADWELD OU SIMILAR;500;pç 
VA-AG-H;CHAPA ASTM A-36, FORNECIDA EM PEÇAS COM AS DIMENSÕES INDICADAS. (ESPESSURAxLARGURAxCOMPRIMENTO);CSN OU SIMILAR;9,5x300x300mm;pç 
VA-AG-A1;CHAPA DE AÇO CARBONO, CONFORME ÍTEM 4, DETALHE TÍPICO DE2-010;CSN OU SIMILAR;"1/4"" x 100 x 50mm";pç 
VA-AG-A2;CHAPA DE AÇO CARBONO, CONFORME ÍTEM 1, DETALHE TÍPICO DE2-016;CSN OU SIMILAR;"1/4"" x 100 x 50mm";pç 
RT-14-81;CHAPA DE AÇO GALVANIZADO A FRIO PARA POSTE DE TELEFONE TIPO ORELHÃO;ALTECO OU SIMILAR;"1/4"" x 250 x 3 mm";pç 
VA-AG-FG;CHAPA DE AÇO CARBONO, CONFORME ÍTEM 1, DETALHE TÍPICO DE2-021;CSN OU SIMILAR;"1/4"" X 75 X 35 mm";pç 
VA-AG-FL;CHAPA DE AÇO CARBONO, CONFORME ÍTEM 7, DETALHE TÍPICO DE2-022;CSN OU SIMILAR;"1/4"" X 75 X 35 mm";pç 
VA-AG-FS;CHAPA DE AÇO CARBONO, CONFORME ÍTEM 2, DETALHE TÍPICO DE4-001 E DE4-002;CSN OU SIMILAR;"1/4"" X 150 X 150mm";pç 
VA-AG-FS;CHAPA DE AÇO CARBONO, CONFORME ÍTEM 2, DETALHE TÍPICO DE4-001 E DE4-002;CSN OU SIMILAR;"1/4"" X 150 X 150mm";pç 
VA-AG-G;CHAPA EM AÇO CARBONO 1040.;CSN OU SIMILAR;"5/16""";m 
VA-AG-HS;CHAPA EM AÇO CARBONO 1040.;CSN OU SIMILAR;3/8 X 150mm;m 
VA-AG-HT;CHAPA EM AÇO CARBONO 1040.;CSN OU SIMILAR;"3/8"" X 250mm";m 
VA-AG-J;CHAPA EM AÇO CARBONO.;CSN OU SIMILAR;"1/2""";m 
VA-AG-K;CHAPA EM AÇO CARBONO 1040.;CSN OU SIMILAR;"5/8""";m 
VA-AG-L;CHAPA EM AÇO CARBONO 1040.;CSN OU SIMILAR;"3/4""";m 
VA-AG-M;CHAPA EM AÇO CARBONO 1040.;CSN OU SIMILAR;"1/4"" X 100 X 50mm";pç 
VA-AG-N;CHAPA EM AÇO CARBONO 1040.;CSN OU SIMILAR;"1/4"" X 100 X 75mm";pç 
VB-AG-EF;CHAPA EM AÇO CARBONO, COM FURO CENTRAL DE DIÂMETRO 11MM.;CSN OU SIMILAR;6,35 x 100 x 50 mm;pç 
VB-AG-EG;CHAPA EM AÇO CARBONO, CONFORME DETALHE EB-08 (MAGNESITA);CSN OU SIMILAR;6,35 x 75 x 150 mm;pç 
VB-AG-EH;CHAPA EM AÇO CARBONO, CONFORME DETALHE EB-09 (MAGNESITA);CSN OU SIMILAR;9,5 x 240 x 170 mm;pç 
VB-AG-HF;CHAPA DE AÇO CARBONO 1040.;CSN OU SIMILAR;"1/4"" x 200 x 200 mm";pç 
VB-AG-HI;CHAPA DE AÇO CARBONO 1040.;CSN OU SIMILAR;"1/4"" x 250 x 250 mm";pç 
VB-AG-HG;CHAPA DE AÇO CARBONO, CONFORME ÍTEM 1, DETALHE TÍPICO DE4-004;CSN OU SIMILAR;"1/4"" x 200 x 200 mm";pç 
VB-AG-HH;CHAPA DE AÇO CARBONO, CONFORME ÍTEM 1, DETALHE TÍPICO DE4-005;CSN OU SIMILAR;"1/4"" x 200 x 200 mm";pç 
VB-AG-EE;CHAPA DE AÇO CARBONO, CONFORME ÍTEM 6, DETALHE TÍPICO DE4-017;CSN OU SIMILAR;"1/4"" x 200 x 200 mm";pç 
VB-AG-F;CHAPA EM AÇO CARBONO.;CSN OU SIMILAR;"1/4"" - 200 x 1000 mm";pç 
VB-AG-H;CHAPA EM AÇO CARBONO.;CSN OU SIMILAR;"3/8""-200 x 200 mm";pç 
VB-AG-HE;CHAPA EM AÇO CARBONO.;CSN OU SIMILAR;"3/8"" - 250 x 250 mm";pç 
VA-AF-56;CHAPA FINA LAMINADA A FRIO (TAMANHO PADRÃO 2 x 1 m);CSN OU SIMILAR;11 USG;m2 
VA-AF-57;CHAPA FINA LAMINADA A FRIO (TAMANHO PADRÃO 2 x 1 m);CSN OU SIMILAR;12 USG;m2 
VA-AF-58;CHAPA FINA LAMINADA A FRIO (TAMANHO PADRÃO 2 x 1 m);CSN OU SIMILAR;14 USG;m2 
VA-AF-59;CHAPA FINA LAMINADA A FRIO (TAMANHO PADRÃO 2 x 1 m);CSN OU SIMILAR;16 USG;m2 
VA-AG-C;CHAPA GROSSA EM AÇO CARBONO 1040.;CSN OU SIMILAR;"1/8""";m 
VA-AG-E;CHAPA GROSSA EM AÇO CARBONO 1040.;CSN OU SIMILAR;"3/16""";m 
VA-AG-F;CHAPA GROSSA EM AÇO CARBONO 1040.;CSN OU SIMILAR;"1/4"" X 2000 X 1000mm";pç 
RG-01-BB;CHAVE CORTA-CIRCUITO FUSÍVEL ( CHAVE MATHEUS ), TENSÃO NOMINAL 15kV, CORRENTE DE INTERRUPÇÃO 10kA, COMPLETA COM SUPORTE PARA FIXAÇÃO EM CRUZETA DE MADEIRA, PARAFUSOS, PORCAS, ARRULEAS E CONECTORES PARA CABOS DE 10 A 120mm2.;ELETROSUD OU SIMILAR;100 A;pç 
RG-01-BC;CHAVE CORTA-CIRCUITO FUSÍVEL ( CHAVE MATHEUS ), TENSÃO NOMINAL 15kV, CORRENTE DE INTERRUPÇÃO 10kA, COMPLETA COM SUPORTE PARA FIXAÇÃO EM CRUZETA DE MADEIRA, PARAFUSOS, PORCAS, ARRULEAS E CONECTORES PARA CABOS DE 10 A 120mm2.;ELETROSUD OU SIMILAR;200 A;pç 
OK-0G-F;"CHUMBADOR AUTO-PERFURANTE, TIPO UR14, COM ROSCA INTERNA E BUCHA CONICA NA EXTREMIDADE, BICROMATIZADO. 1/4""";TECNART OU SIMILAR;"1/4""";pç 
OK-0G-F;"CHUMBADOR AUTO-PERFURANTE, TIPO UR14, COM ROSCA INTERNA E BUCHA CONICA NA EXTREMIDADE, BICROMATIZADO. 1/4""";TECNART OU SIMILAR;"1/4""";pç 
OK-0G-G;CHUMBADOR AUTO-PERFURANTE, TIPO UR, COM ROSCA INTERNA E BUCHA CONICA NA EXTREMIDADE, BICROMATIZADO.;TECNART OU SIMILAR;"5/16""";pç 
OK-0G-H;"CHUMBADOR AUTO-PERFURANTE, TIPO UR, COM ROSCA INTERNA E BUCHA CONICA NA EXTREMIDADE, BICROMATIZADO. 3/8""";TECNART OU SIMILAR;"3/8""";pç 
OK-0G-J;CHUMBADOR AUTO-PERFURANTE, TIPO UR, COM ROSCA INTERNA E BUCHA CONICA NA EXTREMIDADE, BICROMATIZADO.;TECNART OU SIMILAR;"1/2""";pç 
OK-0G-L;CHUMBADOR AUTO-PERFURANTE, TIPO UR, COM ROSCA INTERNA E BUCHA CONICA NA EXTREMIDADE, BICROMATIZADO.;TECNART OU SIMILAR;"5/8""";pç 
OK-0G-N;CHUMBADOR AUTO-PERFURANTE, TIPO UR, COM ROSCA INTERNA E BUCHA CONICA NA EXTREMIDADE, BICROMATIZADO.;TECNART OU SIMILAR;"3/4""";pç 
OK-2G-FS;CHUMBADOR DE EXPANSÃO AUTO-ATARRACHANTE TIPO PARABOLT, EM AÇO GALVANIZADO.;TECNART OU SIMILAR;"1/4"" x 1 3/4""";pç 
OK-2G-FV;CHUMBADOR DE EXPANSÃO AUTO-ATARRACHANTE TIPO PARABOLT, EM AÇO GALVANIZADO.;TECNART OU SIMILAR;"1/4"" x 2 1/4""";pç 
OK-2G-FX;CHUMBADOR DE EXPANSÃO AUTO-ATARRACHANTE TIPO PARABOLT, EM AÇO GALVANIZADO.;TECNART OU SIMILAR;"1/4"" x 3 1/4""";pç 
OK-2G-HA;CHUMBADOR DE EXPANSÃO AUTO-ATARRACHANTE TIPO PARABOLT, EM AÇO GALVANIZADO.;TECNART OU SIMILAR;"3/8"" x 3 3/4""";pç 
OK-2G-HV;CHUMBADOR DE EXPANSÃO AUTO-ATARRACHANTE TIPO PARABOLT, EM AÇO GALVANIZADO.;TECNART OU SIMILAR;"3/8"" x 2 1/4""";pç 
OK-2G-HW;CHUMBADOR DE EXPANSÃO AUTO-ATARRACHANTE TIPO PARABOLT, EM AÇO GALVANIZADO.;TECNART OU SIMILAR;"3/8"" x 3""";pç 
OK-2G-JB;CHUMBADOR DE EXPANSÃO AUTO-ATARRACHANTE TIPO PARABOLT, EM AÇO GALVANIZADO.;TECNART OU SIMILAR;"1/2"" x 5 1/2""";pç 
OK-2G-JV;CHUMBADOR DE EXPANSÃO AUTO-ATARRACHANTE TIPO PARABOLT, EM AÇO GALVANIZADO.;TECNART OU SIMILAR;"1/2"" x 2 3/4""";pç 
OK-2G-JY;CHUMBADOR DE EXPANSÃO AUTO-ATARRACHANTE TIPO PARABOLT, EM AÇO GALVANIZADO.;TECNART OU SIMILAR;"1/2"" x 4""";pç 
OK-2G-LX;CHUMBADOR DE EXPANSÃO AUTO-ATARRACHANTE TIPO PARABOLT, EM AÇO GALVANIZADO.;TECNART OU SIMILAR;"5/8"" x 3 1/2""";pç 
OH-42-LL;CHUMBADOR QUÍMICO, FORNECIDO COM UMA PORCA E DUAS ARRUELAS LISAS.;HILTI OU SIMILAR;"1/2"" x 165mm";pç 
RC-18-51;CINTA PARA POSTES AJUSTAVEL, FABRICADA EM  LIGA DE ALUMÍNIO DE ALTA RESISTÊNCIA MECÂNICA, FORNECIDA COM PARAFUSOS, PORCAS E ARRUELAS..;FORJASUL OU SIMILAR;160 mm;pç 
RC-18-52;CINTA PARA POSTES AJUSTAVEL, FABRICADA EM  LIGA DE ALUMÍNIO DE ALTA RESISTÊNCIA MECÂNICA, FORNECIDA COM PARAFUSOS, PORCAS E ARRUELAS..;FORJASUL OU SIMILAR;180 mm;pç 
RC-18-53;CINTA PARA POSTES AJUSTAVEL, FABRICADA EM  LIGA DE ALUMÍNIO DE ALTA RESISTÊNCIA MECÂNICA, FORNECIDA COM PARAFUSOS, PORCAS E ARRUELAS..;FORJASUL OU SIMILAR;200 mm;pç 
RC-18-54;CINTA PARA POSTES AJUSTAVEL, FABRICADA EM  LIGA DE ALUMÍNIO DE ALTA RESISTÊNCIA MECÂNICA, FORNECIDA COM PARAFUSOS, PORCAS E ARRUELAS..;FORJASUL OU SIMILAR;220 mm;pç 
RC-18-57;CINTA PARA POSTES AJUSTAVEL, FABRICADA EM  LIGA DE ALUMÍNIO DE ALTA RESISTÊNCIA MECÂNICA, FORNECIDA COM PARAFUSOS, PORCAS E ARRUELAS..;FORJASUL OU SIMILAR;240mm;pç 
RC-18-56;CINTA PARA POSTES AJUSTAVEL, FABRICADA EM  LIGA DE ALUMÍNIO DE ALTA RESISTÊNCIA MECÂNICA, FORNECIDA COM PARAFUSOS, PORCAS E ARRUELAS..;FORJASUL OU SIMILAR;260 mm;pç 
RC-18-55;CONJUNTO GRAMPO DE SUSPENSÃO PARA CABOS MULTIPLEX OU AGRUPADOS, INJETADO EM MATERIAL POLIMÉRICO, REFORÇADO COM FIBRA DE VIDRO.;PLP BRASIL OU SIMILAR;;pç 
CD-0C-01;"CONDULETE COM FURAÇÃO EM ""C"", EM LIGA DE ALUMÍNIO FUNDIDO, A PROVA DE TEMPO, UMIDADE, GASES ,VAPORES E PO, COM JUNTA DE VEDAÇÃO EM NEOPRENE, ACABAMENTO NA COR CINZA MARTELADO. 1/2"" BSP";WETZEL OU SIMILAR;"1/2"" BSP";pç 
CD-0C-02;"CONDULETE COM FURAÇÃO EM ""C"", EM LIGA DE ALUMÍNIO FUNDIDO, A PROVA DE TEMPO, UMIDADE, GASES ,VAPORES E PO, COM JUNTA DE VEDAÇÃO EM NEOPRENE, ACABAMENTO NA COR CINZA MARTELADO.";WETZEL OU SIMILAR;"3/4"" BSP";pç 
CD-0C-03;"CONDULETE COM FURAÇÃO EM ""C"", EM LIGA DE ALUMÍNIO FUNDIDO, A PROVA DE TEMPO, UMIDADE, GASES ,VAPORES E PO, COM JUNTA DE VEDAÇÃO EM NEOPRENE, ACABAMENTO NA COR CINZA MARTELADO.";WETZEL OU SIMILAR;"1"" BSP";pç 
CD-0C-04;"CONDULETE COM FURAÇÃO EM ""C"", EM LIGA DE ALUMÍNIO FUNDIDO, A PROVA DE TEMPO, UMIDADE, GASES ,VAPORES E PO, COM JUNTA DE VEDAÇÃO EM NEOPRENE, ACABAMENTO NA COR CINZA MARTELADO.";WETZEL OU SIMILAR;"1 1/4"" BSP";pç 
CD-0C-05;"CONDULETE COM FURAÇÃO EM ""C"", EM LIGA DE ALUMÍNIO FUNDIDO, A PROVA DE TEMPO, UMIDADE, GASES ,VAPORES E PO, COM JUNTA DE VEDAÇÃO EM NEOPRENE, ACABAMENTO NA COR CINZA MARTELADO.";WETZEL OU SIMILAR;"1 1/2"" BSP";pç 
CD-0C-06;"CONDULETE COM FURAÇÃO EM ""C"", EM LIGA DE ALUMÍNIO FUNDIDO, A PROVA DE TEMPO, UMIDADE, GASES ,VAPORES E PO, COM JUNTA DE VEDAÇÃO EM NEOPRENE, ACABAMENTO NA COR CINZA MARTELADO.";WETZEL OU SIMILAR;"2"" BSP";pç 
CD-0C-07;"CONDULETE COM FURAÇÃO EM ""C"", EM LIGA DE ALUMÍNIO FUNDIDO, A PROVA DE TEMPO, UMIDADE, GASES ,VAPORES E PO, COM JUNTA DE VEDAÇÃO EM NEOPRENE, ACABAMENTO NA COR CINZA MARTELADO.";WETZEL OU SIMILAR;"2 1/2"" BSP";pç 
CD-0C-08;"CONDULETE COM FURAÇÃO EM ""C"", EM LIGA DE ALUMÍNIO FUNDIDO, A PROVA DE TEMPO, UMIDADE, GASES ,VAPORES E PO, COM JUNTA DE VEDAÇÃO EM NEOPRENE, ACABAMENTO NA COR CINZA MARTELADO.";WETZEL OU SIMILAR;"3"" BSP";pç 
CD-0C-09;"CONDULETE COM FURAÇÃO EM ""C"", EM LIGA DE ALUMÍNIO FUNDIDO, A PROVA DE TEMPO, UMIDADE, GASES ,VAPORES E PO, COM JUNTA DE VEDAÇÃO EM NEOPRENE, ACABAMENTO NA COR CINZA MARTELADO.";WETZEL OU SIMILAR;"4""      BSP";pç 
CR-0C-02;"CONDULETE COM FURAÇÃO EM ""C"", EM PVC NA COR CINZA, A PROVA DE TEMPO, UMIDADE, GASES, VAPORES E PO, COM JUNTA DE VEDAÇÃO EM NEOPRENE, ENTRADAS ROSQUEADAS BSP.";WETZEL OU SIMILAR;"3/4""  ";pç 
CR-0C-03;"CONDULETE COM FURAÇÃO EM ""C"", EM PVC NA COR CINZA, A PROVA DE TEMPO, UMIDADE, GASES, VAPORES E PO, COM JUNTA DE VEDAÇÃO EM NEOPRENE, ENTRADAS ROSQUEADAS BSP.";WETZEL OU SIMILAR;"1""  ";pç 
BL-0E-T3;"CONDULETE COM FURAÇÃO EM ""E"", EM LIGA DE ALUMÍNIO FUNDIDO, A PROVA DE T. U. G. V. P, COM JUNTA DE VEDAÇÃO EM NEOPRENE, ACABAMENTO NA COR CINZA MARTELADO, E TAMPA COM FURO 1/4"".";WETZEL OU SIMILAR;"3/4""";pç 
CD-0E-01;"CONDULETE COM FURAÇÃO EM ""E"", EM LIGA DE ALUMÍNIO FUNDIDO, A PROVA DE T. U. G. V. P, COM JUNTA DE VEDAÇÃO EM NEOPRENE, ACABAMENTO NA COR CINZA MARTELADO.";WETZEL OU SIMILAR;"1/2"" BSP";pç 
CD-0E-02;"CONDULETE COM FURAÇÃO EM ""E"", EM LIGA DE ALUMÍNIO FUNDIDO, A PROVA DE T. U. G. V. P, COM JUNTA DE VEDAÇÃO EM NEOPRENE, ACABAMENTO NA COR CINZA MARTELADO.";WETZEL OU SIMILAR;"3/4"" BSP";pç 
CD-0E-03;"CONDULETE COM FURAÇÃO EM ""E"", EM LIGA DE ALUMÍNIO FUNDIDO, A PROVA DE T. U. G. V. P, COM JUNTA DE VEDAÇÃO EM NEOPRENE, ACABAMENTO NA COR CINZA MARTELADO.";WETZEL OU SIMILAR;"1"" BSP";pç 
CD-0E-04;"CONDULETE COM FURAÇÃO EM ""E"", EM LIGA DE ALUMÍNIO FUNDIDO, A PROVA DE T. U. G. V. P, COM JUNTA DE VEDAÇÃO EM NEOPRENE, ACABAMENTO NA COR CINZA MARTELADO.";WETZEL OU SIMILAR;"1 1/4"" BSP";pç 
CD-0E-05;"CONDULETE COM FURAÇÃO EM ""E"", EM LIGA DE ALUMÍNIO FUNDIDO, A PROVA DE T. U. G. V. P, COM JUNTA DE VEDAÇÃO EM NEOPRENE, ACABAMENTO NA COR CINZA MARTELADO.";WETZEL OU SIMILAR;"1 1/2"" BSP";pç 
CD-0E-06;"CONDULETE COM FURAÇÃO EM ""E"", EM LIGA DE ALUMÍNIO FUNDIDO, A PROVA DE T. U. G. V. P, COM JUNTA DE VEDAÇÃO EM NEOPRENE, ACABAMENTO NA COR CINZA MARTELADO.";WETZEL OU SIMILAR;"2"" BSP";pç 
CD-0E-07;"CONDULETE COM FURAÇÃO EM ""E"", EM LIGA DE ALUMÍNIO FUNDIDO, A PROVA DE T. U. G. V. P, COM JUNTA DE VEDAÇÃO EM NEOPRENE, ACABAMENTO NA COR CINZA MARTELADO.";WETZEL OU SIMILAR;"3"" BSP";pç 
CD-0E-08;"CONDULETE COM FURAÇÃO EM ""E"", EM LIGA DE ALUMÍNIO FUNDIDO, A PROVA DE T. U. G. V. P, COM JUNTA DE VEDAÇÃO EM NEOPRENE, ACABAMENTO NA COR CINZA MARTELADO.";WETZEL OU SIMILAR;"3"" BSP";pç 
CD-0E-09;"CONDULETE COM FURAÇÃO EM ""E"", EM LIGA DE ALUMÍNIO FUNDIDO, A PROVA DE T. U. G. V. P, COM JUNTA DE VEDAÇÃO EM NEOPRENE, ACABAMENTO NA COR CINZA MARTELADO.";WETZEL OU SIMILAR;"4""        BSP";pç 
CD-LB-01;"CONDULETE COM FURAÇÃO EM ""LB"", EM LIGA DE ALUMINO FUNDIDO, A PROVA DE TEMPO, UMIDADE, GASES, VAPORES E PO, COM JUNTA DE VEDAÇÃO EM NEOPRENE, ACABAMENTO NA COR CINZA MARTELADO.";WETZEL OU SIMILAR;"1/2"" BSP";pç 
CD-LB-02;"CONDULETE COM FURAÇÃO EM ""LB"", EM LIGA DE ALUMINO FUNDIDO, A PROVA DE TEMPO, UMIDADE, GASES, VAPORES E PO, COM JUNTA DE VEDAÇÃO EM NEOPRENE, ACABAMENTO NA COR CINZA MARTELADO.";WETZEL OU SIMILAR;"3/4"" BSP";pç 
CD-LB-03;"CONDULETE COM FURAÇÃO EM ""LB"", EM LIGA DE ALUMINO FUNDIDO, A PROVA DE TEMPO, UMIDADE, GASES, VAPORES E PO, COM JUNTA DE VEDAÇÃO EM NEOPRENE, ACABAMENTO NA COR CINZA MARTELADO.";WETZEL OU SIMILAR;"1"" BSP";pç 
CD-LB-04;"CONDULETE COM FURAÇÃO EM ""LB"", EM LIGA DE ALUMINO FUNDIDO, A PROVA DE TEMPO, UMIDADE, GASES, VAPORES E PO, COM JUNTA DE VEDAÇÃO EM NEOPRENE, ACABAMENTO NA COR CINZA MARTELADO.";WETZEL OU SIMILAR;"1 1/4"" BSP";pç 
CD-LB-05;"CONDULETE COM FURAÇÃO EM ""LB"", EM LIGA DE ALUMINO FUNDIDO, A PROVA DE TEMPO, UMIDADE, GASES, VAPORES E PO, COM JUNTA DE VEDAÇÃO EM NEOPRENE, ACABAMENTO NA COR CINZA MARTELADO.";WETZEL OU SIMILAR;"1 1/2"" BSP";pç 
CD-LB-06;"CONDULETE COM FURAÇÃO EM ""LB"", EM LIGA DE ALUMINO FUNDIDO, A PROVA DE TEMPO, UMIDADE, GASES, VAPORES E PO, COM JUNTA DE VEDAÇÃO EM NEOPRENE, ACABAMENTO NA COR CINZA MARTELADO.";WETZEL OU SIMILAR;"2"" BSP";pç 
CD-LB-07;"CONDULETE COM FURAÇÃO EM ""LB"", EM LIGA DE ALUMINO FUNDIDO, A PROVA DE TEMPO, UMIDADE, GASES, VAPORES E PO, COM JUNTA DE VEDAÇÃO EM NEOPRENE, ACABAMENTO NA COR CINZA MARTELADO.";WETZEL OU SIMILAR;"2 1/2"" NPT";pç 
CD-LB-08;"CONDULETE COM FURAÇÃO EM ""LB"", EM LIGA DE ALUMINO FUNDIDO, A PROVA DE TEMPO, UMIDADE, GASES, VAPORES E PO, COM JUNTA DE VEDAÇÃO EM NEOPRENE, ACABAMENTO NA COR CINZA MARTELADO.";WETZEL OU SIMILAR;"3"" BSP";pç 
CD-LB-09;"CONDULETE COM FURAÇÃO EM ""LB"", EM LIGA DE ALUMINO FUNDIDO, A PROVA DE TEMPO, UMIDADE, GASES, VAPORES E PO, COM JUNTA DE VEDAÇÃO EM NEOPRENE, ACABAMENTO NA COR CINZA MARTELADO.";WETZEL OU SIMILAR;"4""      BSP";pç 
CR-LB-02;"CONDULETE COM FURAÇÃO EM ""LB"", EM PVC NA COR CINZA, A PROVA DE TEMPO, UMIDADE, GASES, VAPORES E PO, COM JUNTA DE VEDAÇÃO EM NEOPRENE, ENTRADAS ROSQUEADAS BSP.";WETZEL OU SIMILAR;"3/4""";pç 
CR-LB-03;"CONDULETE COM FURAÇÃO EM ""LB"", EM PVC NA COR CINZA, A PROVA DE TEMPO, UMIDADE, GASES, VAPORES E PO, COM JUNTA DE VEDAÇÃO EM NEOPRENE, ENTRADAS ROSQUEADAS BSP.";WETZEL OU SIMILAR;"1""";pç 
CD-LL-01;"CONDULETE COM FURAÇÃO EM ""LL"", EM LIGA DE ALUMÍNIO FUNDIDO, A PROVA DE TEMPO, UMIDADE, GASES, VAPORES, E PO, COM JUNTA DE VEDAÇÃO EM NEOPRENE, ACABAMENTO NA COR CINZA MARTELADO.";WETZEL OU SIMILAR;"1/2"" BSP";pç 
CD-LL-02;"CONDULETE COM FURAÇÃO EM ""LL"", EM LIGA DE ALUMÍNIO FUNDIDO, A PROVA DE TEMPO, UMIDADE, GASES, VAPORES, E PO, COM JUNTA DE VEDAÇÃO EM NEOPRENE, ACABAMENTO NA COR CINZA MARTELADO.";WETZEL OU SIMILAR;"3/4"" BSP";pç 
CD-LL-03;"CONDULETE COM FURAÇÃO EM ""LL"", EM LIGA DE ALUMÍNIO FUNDIDO, A PROVA DE TEMPO, UMIDADE, GASES, VAPORES, E PO, COM JUNTA DE VEDAÇÃO EM NEOPRENE, ACABAMENTO NA COR CINZA MARTELADO.";WETZEL OU SIMILAR;"1"" BSP";pç 
CD-LL-04;"CONDULETE COM FURAÇÃO EM ""LL"", EM LIGA DE ALUMÍNIO FUNDIDO, A PROVA DE TEMPO, UMIDADE, GASES, VAPORES, E PO, COM JUNTA DE VEDAÇÃO EM NEOPRENE, ACABAMENTO NA COR CINZA MARTELADO.";WETZEL OU SIMILAR;"1 1/4"" BSP";pç 
CD-LL-05;"CONDULETE COM FURAÇÃO EM ""LL"", EM LIGA DE ALUMÍNIO FUNDIDO, A PROVA DE TEMPO, UMIDADE, GASES, VAPORES, E PO, COM JUNTA DE VEDAÇÃO EM NEOPRENE, ACABAMENTO NA COR CINZA MARTELADO.";WETZEL OU SIMILAR;"1 1/2"" BSP";pç 
CD-LL-06;"CONDULETE COM FURAÇÃO EM ""LL"", EM LIGA DE ALUMÍNIO FUNDIDO, A PROVA DE TEMPO, UMIDADE, GASES, VAPORES, E PO, COM JUNTA DE VEDAÇÃO EM NEOPRENE, ACABAMENTO NA COR CINZA MARTELADO.";WETZEL OU SIMILAR;"2"" BSP";pç 
CD-LL-07;"CONDULETE COM FURAÇÃO EM ""LL"", EM LIGA DE ALUMÍNIO FUNDIDO, A PROVA DE TEMPO, UMIDADE, GASES, VAPORES, E PO, COM JUNTA DE VEDAÇÃO EM NEOPRENE, ACABAMENTO NA COR CINZA MARTELADO.";WETZEL OU SIMILAR;"2 1/2"" BSP";pç 
CD-LL-08;"CONDULETE COM FURAÇÃO EM ""LL"", EM LIGA DE ALUMÍNIO FUNDIDO, A PROVA DE TEMPO, UMIDADE, GASES, VAPORES, E PO, COM JUNTA DE VEDAÇÃO EM NEOPRENE, ACABAMENTO NA COR CINZA MARTELADO.";WETZEL OU SIMILAR;"3"" BSP";pç 
CD-LL-09;"CONDULETE COM FURAÇÃO EM ""LL"", EM LIGA DE ALUMÍNIO FUNDIDO, A PROVA DE TEMPO, UMIDADE, GASES, VAPORES, E PO, COM JUNTA DE VEDAÇÃO EM NEOPRENE, ACABAMENTO NA COR CINZA MARTELADO.";WETZEL OU SIMILAR;"4""      BSP";pç 
CR-LL-02;"CONDULETE COM FURAÇÃO EM ""LL"", EM PVC NA COR CINZA, A PROVA DE TEMPO, UMIDADE, GASES, VAPORES E PO, COM JUNTA DE VEDAÇÃO EM NEOPRENE, ENTRADAS ROSQUEADAS BSP.";WETZEL OU SIMILAR;"3/4""";pç 
CR-LL-03;"CONDULETE COM FURAÇÃO EM ""LL"", EM PVC NA COR CINZA, A PROVA DE TEMPO, UMIDADE, GASES, VAPORES E PO, COM JUNTA DE VEDAÇÃO EM NEOPRENE, ENTRADAS ROSQUEADAS BSP.";WETZEL OU SIMILAR;"1""";pç 
CD-LR-01;"CONDULETE COM FURAÇÃO EM ""LR"", EM LIGA DE ALUMÍNIO FUNDIDO, A PROVA DE TEMPO, UMIDADE, GASES, VAPORES E PO, COM JUNTA DE VEDAÇÃO EM NEOPRENE, ACABAMENTO NA COR CINZA MARTELADO.";WETZEL OU SIMILAR;"1/2"" BSP";pç 
CD-LR-02;"CONDULETE COM FURAÇÃO EM ""LR"", EM LIGA DE ALUMÍNIO FUNDIDO, A PROVA DE TEMPO, UMIDADE, GASES, VAPORES E PO, COM JUNTA DE VEDAÇÃO EM NEOPRENE, ACABAMENTO NA COR CINZA MARTELADO.";WETZEL OU SIMILAR;"3/4"" BSP";pç 
CD-LR-03;"CONDULETE COM FURAÇÃO EM ""LR"", EM LIGA DE ALUMÍNIO FUNDIDO, A PROVA DE TEMPO, UMIDADE, GASES, VAPORES E PO, COM JUNTA DE VEDAÇÃO EM NEOPRENE, ACABAMENTO NA COR CINZA MARTELADO.";WETZEL OU SIMILAR;"1"" BSP";pç 
CD-LR-04;"CONDULETE COM FURAÇÃO EM ""LR"", EM LIGA DE ALUMÍNIO FUNDIDO, A PROVA DE TEMPO, UMIDADE, GASES, VAPORES E PO, COM JUNTA DE VEDAÇÃO EM NEOPRENE, ACABAMENTO NA COR CINZA MARTELADO.";WETZEL OU SIMILAR;"1 1/4"" BSP";pç 
CD-LR-05;"CONDULETE COM FURAÇÃO EM ""LR"", EM LIGA DE ALUMÍNIO FUNDIDO, A PROVA DE TEMPO, UMIDADE, GASES, VAPORES E PO, COM JUNTA DE VEDAÇÃO EM NEOPRENE, ACABAMENTO NA COR CINZA MARTELADO.";WETZEL OU SIMILAR;"1 1/2"" BSP";pç 
CD-LR-06;"CONDULETE COM FURAÇÃO EM ""LR"", 2"" BSP, EM LIGA DE ALUMÍNIO FUNDIDO, A PROVA DE TEMPO, UMIDADE, GASES, VAPORES E PO, COM JUNTA DE VEDAÇÃO EM NEOPRENE, ACABAMENTO NA COR CINZA MARTELADO.";WETZEL OU SIMILAR;"2"" BSP";pç 
CD-LR-07;"CONDULETE COM FURAÇÃO EM ""LR"", EM LIGA DE ALUMÍNIO FUNDIDO, A PROVA DE TEMPO, UMIDADE, GASES, VAPORES E PO, COM JUNTA DE VEDAÇÃO EM NEOPRENE, ACABAMENTO NA COR CINZA MARTELADO.";WETZEL OU SIMILAR;"2 1/2"" BSP";pç 
CD-LR-08;"CONDULETE COM FURAÇÃO EM ""LR"", EM LIGA DE ALUMÍNIO FUNDIDO, A PROVA DE TEMPO, UMIDADE, GASES, VAPORES E PO, COM JUNTA DE VEDAÇÃO EM NEOPRENE, ACABAMENTO NA COR CINZA MARTELADO.";WETZEL OU SIMILAR;"3"" BSP";pç 
CD-LR-09;"CONDULETE COM FURAÇÃO EM ""LR"", EM LIGA DE ALUMÍNIO FUNDIDO, A PROVA DE TEMPO, UMIDADE, GASES, VAPORES E PO, COM JUNTA DE VEDAÇÃO EM NEOPRENE, ACABAMENTO NA COR CINZA MARTELADO.";WETZEL OU SIMILAR;"4""      BSP";pç 
CR-LR-02;"CONDULETE COM FURAÇÃO EM ""LR"", EM PVC NA COR CINZA, A PROVA DE TEMPO, UMIDADE, GASES, VAPORES E PO, COM JUNTA DE VEDAÇÃO EM NEOPRENE, ENTRADAS ROSQUEADAS BSP.";WETZEL OU SIMILAR;"3/4""";pç 
CR-LR-03;"CONDULETE COM FURAÇÃO EM ""LR"", EM PVC NA COR CINZA, A PROVA DE TEMPO, UMIDADE, GASES, VAPORES E PO, COM JUNTA DE VEDAÇÃO EM NEOPRENE, ENTRADAS ROSQUEADAS BSP.";WETZEL OU SIMILAR;"1""";pç 
CD-0T-01;"CONDULETE COM FURAÇÃO EM ""T"", EM LIGA DE ALUMÍNIO FUNDIDO, A PROVA DE TEMPO, UMIDADE, GASES, VAPORES E PO, COM JUNTA DE VEDAÇÃO EM NEOPRENE, ACABAMENTO NA COR CINZA MARTELADO.";WETZEL OU SIMILAR;"1/2"" BSP";pç 
CD-0T-02;"CONDULETE COM FURAÇÃO EM ""T"", EM LIGA DE ALUMÍNIO FUNDIDO, A PROVA DE TEMPO, UMIDADE, GASES, VAPORES E PO, COM JUNTA DE VEDAÇÃO EM NEOPRENE, ACABAMENTO NA COR CINZA MARTELADO.";WETZEL OU SIMILAR;"3/4"" BSP";pç 
CD-0T-03;"CONDULETE COM FURAÇÃO EM ""T"", EM LIGA DE ALUMÍNIO FUNDIDO, A PROVA DE TEMPO, UMIDADE, GASES, VAPORES E PO, COM JUNTA DE VEDAÇÃO EM NEOPRENE, ACABAMENTO NA COR CINZA MARTELADO.";WETZEL OU SIMILAR;"1"" BSP";pç 
CD-0T-04;"CONDULETE COM FURAÇÃO EM ""T"", EM LIGA DE ALUMÍNIO FUNDIDO, A PROVA DE TEMPO, UMIDADE, GASES, VAPORES E PO, COM JUNTA DE VEDAÇÃO EM NEOPRENE, ACABAMENTO NA COR CINZA MARTELADO.";WETZEL OU SIMILAR;"1 1/4"" BSP";pç 
CD-0T-05;"CONDULETE COM FURAÇÃO EM ""T"", EM LIGA DE ALUMÍNIO FUNDIDO, A PROVA DE TEMPO, UMIDADE, GASES, VAPORES E PO, COM JUNTA DE VEDAÇÃO EM NEOPRENE, ACABAMENTO NA COR CINZA MARTELADO.";WETZEL OU SIMILAR;"1 1/2"" BSP";pç 
CD-0T-06;"CONDULETE COM FURAÇÃO EM ""T"", EM LIGA DE ALUMÍNIO FUNDIDO, A PROVA DE TEMPO, UMIDADE, GASES, VAPORES E PO, COM JUNTA DE VEDAÇÃO EM NEOPRENE, ACABAMENTO NA COR CINZA MARTELADO.";WETZEL OU SIMILAR;"2"" BSP";pç 
CD-0T-07;"CONDULETE COM FURAÇÃO EM ""T"", EM LIGA DE ALUMÍNIO FUNDIDO, A PROVA DE TEMPO, UMIDADE, GASES, VAPORES E PO, COM JUNTA DE VEDAÇÃO EM NEOPRENE, ACABAMENTO NA COR CINZA MARTELADO.";WETZEL OU SIMILAR;"2 1/2"" BSP";pç 
CD-0T-08;"CONDULETE COM FURAÇÃO EM ""T"", EM LIGA DE ALUMÍNIO FUNDIDO, A PROVA DE TEMPO, UMIDADE, GASES, VAPORES E PO, COM JUNTA DE VEDAÇÃO EM NEOPRENE, ACABAMENTO NA COR CINZA MARTELADO.";WETZEL OU SIMILAR;"3"" BSP";pç 
CD-0T-09;"CONDULETE COM FURAÇÃO EM ""T"", EM LIGA DE ALUMÍNIO FUNDIDO, A PROVA DE TEMPO, UMIDADE, GASES, VAPORES E PO, COM JUNTA DE VEDAÇÃO EM NEOPRENE, ACABAMENTO NA COR CINZA MARTELADO.";WETZEL OU SIMILAR;"4""      BSP";pç 
CR-0T-02;"CONDULETE COM FURAÇÃO EM ""T"", EM PVC NA COR CINZA, A PROVA DE TEMPO, UMIDADE, GASES, VAPORES E PO, COM JUNTA DE VEDAÇÃO EM NEOPRENE, ENTRADAS ROSQUEADAS BSP.";WETZEL OU SIMILAR;"3/4""";pç 
CR-0T-03;"CONDULETE COM FURAÇÃO EM ""T"", EM PVC NA COR CINZA, A PROVA DE TEMPO, UMIDADE, GASES, VAPORES E PO, COM JUNTA DE VEDAÇÃO EM NEOPRENE, ENTRADAS ROSQUEADAS BSP.";WETZEL OU SIMILAR;"1""";pç 
CD-TB-01;"CONDULETE COM FURAÇÃO EM ""TB"", EM LIGA DE ALUMÍNIO FUNDIDO, A PROVA DE TEMPO, UMIDADE, GASES, VAPORES E PO, COM JUNTA DE VEDAÇÃO EM NEOPRENE, ACABAMENTO NA COR CINZA MARTELADO.";WETZEL OU SIMILAR;"1/2"" BSP";pç 
CD-TB-02;"CONDULETE COM FURAÇÃO EM ""TB"", EM LIGA DE ALUMÍNIO FUNDIDO, A PROVA DE TEMPO, UMIDADE, GASES, VAPORES E PO, COM JUNTA DE VEDAÇÃO EM NEOPRENE, ACABAMENTO NA COR CINZA MARTELADO.";WETZEL OU SIMILAR;"3/4"" BSP";pç 
CD-TB-03;"CONDULETE COM FURAÇÃO EM ""TB"", EM LIGA DE ALUMÍNIO FUNDIDO, A PROVA DE TEMPO, UMIDADE, GASES, VAPORES E PO, COM JUNTA DE VEDAÇÃO EM NEOPRENE, ACABAMENTO NA COR CINZA MARTELADO.";WETZEL OU SIMILAR;"1"" BSP";pç 
CD-TB-04;"CONDULETE COM FURAÇÃO EM ""TB"", EM LIGA DE ALUMÍNIO FUNDIDO, A PROVA DE TEMPO, UMIDADE, GASES, VAPORES E PO, COM JUNTA DE VEDAÇÃO EM NEOPRENE, ACABAMENTO NA COR CINZA MARTELADO.";WETZEL OU SIMILAR;"1 1/4"" BSP";pç 
CD-TB-05;"CONDULETE COM FURAÇÃO EM ""TB"", EM LIGA DE ALUMÍNIO FUNDIDO, A PROVA DE TEMPO, UMIDADE, GASES, VAPORES E PO, COM JUNTA DE VEDAÇÃO EM NEOPRENE, ACABAMENTO NA COR CINZA MARTELADO.";WETZEL OU SIMILAR;"1 1/2"" BSP";pç 
CD-TB-06;"CONDULETE COM FURAÇÃO EM ""TB"", EM LIGA DE ALUMÍNIO FUNDIDO, A PROVA DE TEMPO, UMIDADE, GASES, VAPORES E PO, COM JUNTA DE VEDAÇÃO EM NEOPRENE, ACABAMENTO NA COR CINZA MARTELADO.";WETZEL OU SIMILAR;"2"" BSP";pç 
CD-TB-07;"CONDULETE COM FURAÇÃO EM ""TB"", EM LIGA DE ALUMÍNIO FUNDIDO, A PROVA DE TEMPO, UMIDADE, GASES, VAPORES E PO, COM JUNTA DE VEDAÇÃO EM NEOPRENE, ACABAMENTO NA COR CINZA MARTELADO.";WETZEL OU SIMILAR;"2 1/2"" BSP";pç 
CD-TB-08;"CONDULETE COM FURAÇÃO EM ""TB"", EM LIGA DE ALUMÍNIO FUNDIDO, A PROVA DE TEMPO, UMIDADE, GASES, VAPORES E PO, COM JUNTA DE VEDAÇÃO EM NEOPRENE, ACABAMENTO NA COR CINZA MARTELADO.";WETZEL OU SIMILAR;"3"" BSP";pç 
CD-TB-09;"CONDULETE COM FURAÇÃO EM ""TB"", EM LIGA DE ALUMÍNIO FUNDIDO, A PROVA DE TEMPO, UMIDADE, GASES, VAPORES E PO, COM JUNTA DE VEDAÇÃO EM NEOPRENE, ACABAMENTO NA COR CINZA MARTELADO.";WETZEL OU SIMILAR;"4""        BSP";pç 
CD-0X-01;"CONDULETE COM FURAÇÃO EM ""X"", EM LIGA DE ALUMÍNIO FUNDIDO, A PROVA DE TEMPO, UMIDADE, GASES, VAPORES E PO, COM JUNTA DE VEDAÇÃO EM NEOPRENE. ACABAMENTO NA COR CINZA MARTELADO.";WETZEL OU SIMILAR;"1/2"" BSP";pç 
CD-0X-02;"CONDULETE COM FURAÇÃO EM ""X"", EM LIGA DE ALUMÍNIO FUNDIDO, A PROVA DE TEMPO, UMIDADE, GASES, VAPORES E PO, COM JUNTA DE VEDAÇÃO EM NEOPRENE. ACABAMENTO NA COR CINZA MARTELADO.";WETZEL OU SIMILAR;"3/4"" BSP";pç 
CD-0X-03;"CONDULETE COM FURAÇÃO EM ""X"", EM LIGA DE ALUMÍNIO FUNDIDO, A PROVA DE TEMPO, UMIDADE, GASES, VAPORES E PO, COM JUNTA DE VEDAÇÃO EM NEOPRENE. ACABAMENTO NA COR CINZA MARTELADO.";WETZEL OU SIMILAR;"1"" BSP";pç 
CD-0X-04;"CONDULETE COM FURAÇÃO EM ""X"", EM LIGA DE ALUMÍNIO FUNDIDO, A PROVA DE TEMPO, UMIDADE, GASES, VAPORES E PO, COM JUNTA DE VEDAÇÃO EM NEOPRENE. ACABAMENTO NA COR CINZA MARTELADO.";WETZEL OU SIMILAR;"1 1/4"" BSP";pç 
CD-0X-05;"CONDULETE COM FURAÇÃO EM ""X"", EM LIGA DE ALUMÍNIO FUNDIDO, A PROVA DE TEMPO, UMIDADE, GASES, VAPORES E PO, COM JUNTA DE VEDAÇÃO EM NEOPRENE. ACABAMENTO NA COR CINZA MARTELADO.";WETZEL OU SIMILAR;"1 1/2"" BSP";pç 
CD-0X-06;"CONDULETE COM FURAÇÃO EM ""X"", EM LIGA DE ALUMÍNIO FUNDIDO, A PROVA DE TEMPO, UMIDADE, GASES, VAPORES E PO, COM JUNTA DE VEDAÇÃO EM NEOPRENE. ACABAMENTO NA COR CINZA MARTELADO.";WETZEL OU SIMILAR;"2"" BSP";pç 
CD-0X-07;"CONDULETE COM FURAÇÃO EM ""X"", EM LIGA DE ALUMÍNIO FUNDIDO, A PROVA DE TEMPO, UMIDADE, GASES, VAPORES E PO, COM JUNTA DE VEDAÇÃO EM NEOPRENE. ACABAMENTO NA COR CINZA MARTELADO.";WETZEL OU SIMILAR;"2 1/2"" BSP";pç 
CD-0X-08;"CONDULETE COM FURAÇÃO EM ""X"", EM LIGA DE ALUMÍNIO FUNDIDO, A PROVA DE TEMPO, UMIDADE, GASES, VAPORES E PO, COM JUNTA DE VEDAÇÃO EM NEOPRENE. ACABAMENTO NA COR CINZA MARTELADO.";WETZEL OU SIMILAR;"3"" BSP";pç 
CD-0X-09;"CONDULETE COM FURAÇÃO EM ""X"", EM LIGA DE ALUMÍNIO FUNDIDO, A PROVA DE TEMPO, UMIDADE, GASES, VAPORES E PO, COM JUNTA DE VEDAÇÃO EM NEOPRENE. ACABAMENTO NA COR CINZA MARTELADO.";WETZEL OU SIMILAR;"4""        BSP";pç 
CR-0X-02;"CONDULETE COM FURAÇÃO EM ""X"", EM PVC NA COR CINZA, A PROVA DE TEMPO, UMIDADE, GASES, VAPORES E PO, COM JUNTA DE VEDAÇÃO EM NEOPRENE, ENTRADAS ROSQUEADAS BSP.";TIGRE OU SIMILAR;"3/4""";pç 
EG-23-04;CONE PARA DUTOS ESPIRALADOS;KANAFLEX OU SIMILAR;"1""";pç 
EG-23-06;CONE PARA DUTOS ESPIRALADOS;KANAFLEX OU SIMILAR;"2""";pç 
EG-23-08;CONE PARA DUTOS ESPIRALADOS;KANAFLEX OU SIMILAR;"3""";pç 
EG-23-09;CONE PARA DUTOS ESPIRALADOS;KANAFLEX OU SIMILAR;"4""";pç 
EG-23-51;CONE PARA DUTOS ESPIRALADOS;KANAFLEX OU SIMILAR;"5""";pç 
EG-23-52;CONE PARA DUTOS ESPIRALADOS;KANAFLEX OU SIMILAR;"6""";pç 
DC-12-51;CONECTOR DE MEDIÇÃO/EMENDA FABRICADO EM BRONZE;TERMOTÉCNICA OU SIMILAR;16 A 70 mm²;pç 
AM-01-B1;CONECTOR DE PRESSÃO BIMETÁLICO, FABRICADO EM LATÃO COM FURO, PARA CABO DE COBRE NU.;TERMOTÉCNICA OU SIMILAR;16 A 70mm2;pç 
EI-06-01;CONECTOR FÊMEA-FIXO, EM LATÃO LAMINADO, PARA ELETRODUTO FLEXIVEL.;S.P.T.F. OU SIMILAR;"1/2"" BSP";pç 
EI-06-02;CONECTOR FÊMEA-FIXO, EM LATÃO LAMINADO, PARA ELETRODUTO FLEXIVEL.;S.P.T.F. OU SIMILAR;"3/4"" BSP";pç 
EI-06-03;CONECTOR FÊMEA-FIXO, EM LATÃO LAMINADO, PARA ELETRODUTO FLEXIVEL.;S.P.T.F. OU SIMILAR;"1"" BSP";pç 
EI-06-05;"CONECTOR FÊMEA-FIXO, EM LATÃO LAMINADO, PARA ELETRODUTO FLEXIVEL. Ø1.1/2"" BSP. REF: CFZL-112";S.P.T.F. OU SIMILAR;"1 1/2"" BSP";pç 
EI-06-06;CONECTOR FÊMEA-FIXO, EM LATÃO LAMINADO, PARA ELETRODUTO FLEXIVEL.;S.P.T.F. OU SIMILAR;"2"" BSP";pç 
EI-06-07;CONECTOR FÊMEA-FIXO, EM LATÃO LAMINADO, PARA ELETRODUTO FLEXIVEL.;S.P.T.F. OU SIMILAR;"2 1/2"" BSP";pç 
EI-06-08;"CONECTOR FÊMEA-FIXO, EM LATÃO LAMINADO, PARA ELETRODUTO FLEXIVEL, 3"" BSP";S.P.T.F. OU SIMILAR;"3"" BSP";pç 
EI-06-09;CONECTOR FÊMEA-FIXO, EM LATÃO LAMINADO, PARA ELETRODUTO FLEXIVEL.;S.P.T.F. OU SIMILAR;"4""      BSP";pç 
EI-01-01;CONECTOR MACHO FIXO, EM LATÃO LAMINADO, PARA ELETRODUTO FLEXIVEL.;S.P.T.F. OU SIMILAR;"1/2"" BSP";pç 
EI-01-02;CONECTOR MACHO FIXO, EM LATÃO LAMINADO, PARA ELETRODUTO FLEXIVEL.;S.P.T.F. OU SIMILAR;"3/4"" BSP";pç 
EI-01-03;CONECTOR MACHO FIXO, EM LATÃO LAMINADO, PARA ELETRODUTO FLEXIVEL.;S.P.T.F. OU SIMILAR;"1"" BSP";pç 
EI-01-05;CONECTOR MACHO FIXO, EM LATÃO LAMINADO, PARA ELETRODUTO FLEXIVEL.;S.P.T.F. OU SIMILAR;"1 1/2"" BSP";pç 
EI-01-06;CONECTOR MACHO FIXO, EM LATÃO LAMINADO, PARA ELETRODUTO FLEXIVEL.;S.P.T.F. OU SIMILAR;"2"" BSP";pç 
EI-01-07;CONECTOR MACHO FIXO, EM LATÃO LAMINADO, PARA ELETRODUTO FLEXIVEL.;S.P.T.F. OU SIMILAR;"2 1/2"" BSP";pç 
EI-01-08;CONECTOR MACHO FIXO, EM LATÃO LAMINADO, PARA ELETRODUTO FLEXIVEL.;S.P.T.F. OU SIMILAR;"3"" BSP";pç 
EI-01-09;CONECTOR MACHO FIXO, EM LATÃO LAMINADO, PARA ELETRODUTO FLEXIVEL.;S.P.T.F. OU SIMILAR;"4""      BSP";pç 
EI-03-01;CONECTOR MACHO GIRATÓRIO,EM LATÃO LAMINADO, PARA ELETRODUTO FLEXIVEL.;S.P.T.F. OU SIMILAR;"1/2"" BSP";pç 
EI-03-02;CONECTOR MACHO GIRATÓRIO,EM LATÃO LAMINADO, PARA ELETRODUTO FLEXIVEL.;S.P.T.F. OU SIMILAR;"3/4"" BSP";pç 
EI-03-03;CONECTOR MACHO GIRATÓRIO,EM LATÃO LAMINADO, PARA ELETRODUTO FLEXIVEL.;S.P.T.F. OU SIMILAR;"1"" BSP";pç 
EI-03-05;"CONECTOR MACHO GIRATÓRIO,EM LATÃO LAMINADO, PARA ELETRODUTO FLEXIVEL. Ø1. 1/2"" BSP. REF: CMZGL-112";S.P.T.F. OU SIMILAR;"1 1/2"" BSP";pç 
EI-03-06;CONECTOR MACHO GIRATÓRIO,EM LATÃO LAMINADO, PARA ELETRODUTO FLEXIVEL.;S.P.T.F. OU SIMILAR;"2"" BSP";pç 
EI-03-07;CONECTOR MACHO GIRATÓRIO,EM LATÃO LAMINADO, PARA ELETRODUTO FLEXIVEL.;S.P.T.F. OU SIMILAR;"2 1/2"" BSP";pç 
EI-03-08;CONECTOR MACHO GIRATÓRIO,EM LATÃO LAMINADO, PARA ELETRODUTO FLEXIVEL.;S.P.T.F. OU SIMILAR;"3"" BSP";pç 
EI-03-09;CONECTOR MACHO GIRATÓRIO,EM LATÃO LAMINADO, PARA ELETRODUTO FLEXIVEL.;S.P.T.F. OU SIMILAR;"4"" BSP";pç 
DC-06-68;CONECTOR PARAFUSO FENDIDO, PARA CABOS DE COBRE, FABRICADOS EM BRONZE.;BURNDY OU SIMILAR;10 - 35 mm2;pç 
DC-06-69;CONECTOR PARAFUSO FENDIDO, PARA CABOS DE COBRE, FABRICADOS EM BRONZE.;BURNDY OU SIMILAR;25 - 50 mm2;pç 
DC-06-70;CONECTOR PARAFUSO FENDIDO, PARA CABOS DE COBRE, FABRICADOS EM BRONZE.;BURNDY OU SIMILAR;35 - 70mm2;pç 
DC-06-71;CONECTOR PARAFUSO FENDIDO, PARA CABOS DE COBRE, FABRICADOS EM BRONZE, #70 - 95mm2;BURNDY OU SIMILAR;70 - 90mm2;pç 
DC-02-51;CONECTOR PARALELO PARA 2 CABOS DE COBRE, COM GARRAS INTERCALADAS, FABRICADO EM BRONZE, COM PARAFUSOS, PORCAS E ARRUELAS DE PRESSÃO EM BRONZE SILICIOSO (DURIUM).;BURNDY OU SIMILAR;10 - 25 mm2;pç 
DC-02-52;CONECTOR PARALELO PARA 2 CABOS DE COBRE, COM GARRAS INTERCALADAS, FABRICADO EM BRONZE, COM PARAFUSOS, PORCAS E ARRUELAS DE PRESSÃO EM BRONZE SILICIOSO (DURIUM).;BURNDY OU SIMILAR;25 - 70 mm2;pç 
DC-02-53;CONECTOR PARALELO PARA 2 CABOS DE COBRE, COM GARRAS INTERCALADAS, FABRICADO EM BRONZE, COM PARAFUSOS, PORCAS E ARRUELAS DE PRESSÃO EM BRONZE SILICIOSO (DURIUM).;BURNDY OU SIMILAR;70-120mm2;pç 
AJ-15-B1;CONECTOR TERRA EM BRONZE DE ALTA RESISTÊNCIA,  COMPLETO COM ARRUELA E PORCA,PARA FIXAR CABO A SUPERFICIES PLANAS.;BURNDY OU SIMILAR;10 a 16 mm2;pç 
AJ-15-B2;CONECTOR TERRA EM BRONZE DE ALTA RESISTÊNCIA,  COMPLETO COM ARRUELA E PORCA,PARA FIXAR CABO A SUPERFICIES PLANAS.;BURNDY OU SIMILAR;16 a 70mm2;pç 
AJ-15-B3;CONECTOR TERRA EM BRONZE DE ALTA RESISTÊNCIA,  COMPLETO COM ARRUELA E PORCA,PARA FIXAR CABO A SUPERFICIES PLANAS.;BURNDY OU SIMILAR;70 a 120mm2;pç 
AJ-14-B1;"CONECTOR TERRA TIPO SPLIT BOLT, PARA FIXAR UM OU DOIS CABOS A SUPERFICIES PLANAS, COM ROSCA DE FIXAÇÃO ""WW"".";BURNDY OU SIMILAR;10 a 35 mm2;pç 
AJ-14-B2;"CONECTOR TERRA TIPO SPLIT BOLT, PARA FIXAR UM OU DOIS CABOS A SUPERFICIES PLANAS, COM ROSCA DE FIXAÇÃO ""WW"".";BURNDY OU SIMILAR;35 a 70 mm2;pç 
AJ-14-B3;"CONECTOR TERRA TIPO SPLIT BOLT, PARA FIXAR UM OU DOIS CABOS A SUPERFICIES PLANAS, COM ROSCA DE FIXAÇÃO ""WW"".";BURNDY OU SIMILAR;35 a 95 mm2;pç 
AJ-10-AA;"CONECTOR TERRA PARA LIGAR  2 CABOS A HASTE DE 1"", FABRICADO EM BRONZE, COM PARAFUSOS, PORCAS E ARRUELAS DE PRESSÃO EM BRONZE SILICIOSO (DURIUM).";BURNDY OU SIMILAR;4 - 2/0;pç 
AJ-10-AB;"CONECTOR TERRA PARA LIGAR  2 CABOS A HASTE DE 1"", FABRICADO EM BRONZE, COM PARAFUSOS, PORCAS E ARRUELAS DE PRESSÃO EM BRONZE SILICIOSO (DURIUM).";BURNDY OU SIMILAR;2/0 - 250;pç 
AJ-08-AA;CONECTOR TERRA,PARA LIGAR  CABO A TUBO, FABRICADO EM BRONZE, COM PARAFUSOS, PORCAS E ARRUELAS DE PRESSÃO EM BRONZE SILICIOSO.;BURNDY OU SIMILAR;"1.1/2""";pç 
AJ-08-AB;CONECTOR TERRA,PARA LIGAR  CABO A TUBO, FABRICADO EM BRONZE, COM PARAFUSOS, PORCAS E ARRUELAS DE PRESSÃO EM BRONZE SILICIOSO.;BURNDY OU SIMILAR;"2""";pç 
AJ-08-AC;CONECTOR TERRA,PARA LIGAR  CABO A TUBO, FABRICADO EM BRONZE, COM PARAFUSOS, PORCAS E ARRUELAS DE PRESSÃO EM BRONZE SILICIOSO.;BURNDY OU SIMILAR;"2.1/2""";pç 
AJ-08-AD;CONECTOR TERRA,PARA LIGAR  CABO A TUBO, FABRICADO EM BRONZE, COM PARAFUSOS, PORCAS E ARRUELAS DE PRESSÃO EM BRONZE SILICIOSO.;BURNDY OU SIMILAR;"3""";pç 
AJ-09-AA;"CONECTOR TERRA,PARA LIGAR 2 CABOS A HASTE DE 3/4"", FABRICADO EM BRONZE, COM PARAFUSOS, PORCAS E ARRUELAS DE PRESSÃO EM BRONZE SILICIOSO (DURIUM).";BURNDY OU SIMILAR;4 - 2/0;pç 
EG-09-06;CONEXÃO PARA EMENDA DE DUTOS ESPIRALADOS COM OUTROS TIPOS DE TUBOS FABRICADO EM POLIETILENO DE ALTA DENSIDADE.;KANAFLEX OU SIMILAR;"2""";pç 
EG-09-08;CONEXÃO PARA EMENDA DE DUTOS ESPIRALADOS COM OUTROS TIPOS DE TUBOS FABRICADO EM POLIETILENO DE ALTA DENSIDADE.;KANAFLEX OU SIMILAR;"3""";pç 
EG-09-09;CONEXÃO PARA EMENDA DE DUTOS ESPIRALADOS COM OUTROS TIPOS DE TUBOS FABRICADO EM POLIETILENO DE ALTA DENSIDADE.;KANAFLEX OU SIMILAR;"4""";pç 
EG-08-06;CONEXÃO PARA EMENDA DE DUTOS ESPIRALADOS FABRICADO EM POLIETILENO DE ALTA DENSIDADE.;KANAFLEX OU SIMILAR;"2""";pç 
EG-08-08;CONEXÃO PARA EMENDA DE DUTOS ESPIRALADOS FABRICADO EM POLIETILENO DE ALTA DENSIDADE.;KANAFLEX OU SIMILAR;"3""";pç 
EG-08-09;CONEXÃO PARA EMENDA DE DUTOS ESPIRALADOS FABRICADO EM POLIETILENO DE ALTA DENSIDADE.;KANAFLEX OU SIMILAR;"4""";pç 
EG-08-11;CONEXÃO PARA EMENDA DE DUTOS ESPIRALADOS FABRICADO EM POLIETILENO DE ALTA DENSIDADE.;KANAFLEX OU SIMILAR;"6""";pç 
AM-10-05;CONJUNTO PARA 3 ESTAIS, FORNECIDO COM BASES, BRAÇADEIRA, CORDOALHA, ESTICADOR E GRAMPO, FABRICADO EM AÇO GALVANIZADO, COMPRIMENTO DE 2 METROS POR ESTAI, PARA INSTALAÇÃO EM MASTRO;TERMOTÉCNICA OU SIMILAR;"1 1/2""";pç 
AM-10-06;CONJUNTO PARA 3 ESTAIS, FORNECIDO COM BASES, BRAÇADEIRA, CORDOALHA, ESTICADOR E GRAMPO, FABRICADO EM AÇO GALVANIZADO, COMPRIMENTO DE 2 METROS POR ESTAI, PARA INSTALAÇÃO EM MASTRO;TERMOTÉCNICA OU SIMILAR;"2""";pç 
AK-03-01;CORDOALHA FLEXIVEL, ESTANHADA, COM ENCAPAMENTO DE CHAPA DE COBRE NAS EXTREMIDADES.;BURNDY OU SIMILAR;190 A;pç 
LO-01-AA;COTOVELO RETO 90º, TIPO LEVE-E, FABRICADA EM FIBRA DE VIDRO PELO PROCESSO DE PULTRUSÃO EM RESINA ESTERVINÍLICA AUTO-EXTINGUÍVEL, COM ABAS VOLTADAS PARA DENTRO. (LARGURA=L);COGUMELO OU SIMILAR;L=200 mm R=300mm;pç 
LO-01-CC;COTOVELO RETO 90º, TIPO LEVE-E, FABRICADA EM FIBRA DE VIDRO PELO PROCESSO DE PULTRUSÃO EM RESINA ESTERVINÍLICA AUTO-EXTINGUÍVEL, COM ABAS VOLTADAS PARA DENTRO. (LARGURA=L);COGUMELO OU SIMILAR;L=300 mm;pç 
LO-01-DD;COTOVELO RETO 90º, TIPO LEVE-E, FABRICADA EM FIBRA DE VIDRO PELO PROCESSO DE PULTRUSÃO EM RESINA ESTERVINÍLICA AUTO-EXTINGUÍVEL, COM ABAS VOLTADAS PARA DENTRO. (LARGURA=L);COGUMELO OU SIMILAR;L=400 mm;pç 
LO-01-EE;COTOVELO RETO 90º, TIPO LEVE-E, FABRICADA EM FIBRA DE VIDRO PELO PROCESSO DE PULTRUSÃO EM RESINA ESTERVINÍLICA AUTO-EXTINGUÍVEL, COM ABAS VOLTADAS PARA DENTRO. (LARGURA=L);COGUMELO OU SIMILAR;L=500 mm;pç 
LO-01-FF;COTOVELO RETO 90º, TIPO LEVE-E, FABRICADA EM FIBRA DE VIDRO PELO PROCESSO DE PULTRUSÃO EM RESINA ESTERVINÍLICA AUTO-EXTINGUÍVEL, COM ABAS VOLTADAS PARA DENTRO. (LARGURA=L);COGUMELO OU SIMILAR;L=600 mm;pç 
LO-01-II;COTOVELO RETO 90º, TIPO LEVE-E, FABRICADA EM FIBRA DE VIDRO PELO PROCESSO DE PULTRUSÃO EM RESINA ESTERVINÍLICA AUTO-EXTINGUÍVEL, COM ABAS VOLTADAS PARA DENTRO. (LARGURA=L);COGUMELO OU SIMILAR;L=800 mm;pç 
LT-01-AA;COTOVELO RETO 90º, TIPO PESADO, FABRICADA EM FIBRA DE VIDRO PELO PROCESSO DE PULTRUSÃO EM RESINA ESTERVINÍLICA AUTO-EXTINGUÍVEL, COM ABAS VOLTADAS PARA DENTRO. (LARGURA=L);COGUMELO OU SIMILAR;L=200 mm;pç 
LT-01-CC;COTOVELO RETO 90º, TIPO PESADO, FABRICADA EM FIBRA DE VIDRO PELO PROCESSO DE PULTRUSÃO EM RESINA ESTERVINÍLICA AUTO-EXTINGUÍVEL, COM ABAS VOLTADAS PARA DENTRO. (LARGURA=L);COGUMELO OU SIMILAR;L=300 mm;pç 
LT-01-DD;COTOVELO RETO 90º, TIPO PESADO, FABRICADA EM FIBRA DE VIDRO PELO PROCESSO DE PULTRUSÃO EM RESINA ESTERVINÍLICA AUTO-EXTINGUÍVEL, COM ABAS VOLTADAS PARA DENTRO. (LARGURA=L);COGUMELO OU SIMILAR;L=400 mm;pç 
LT-01-EE;COTOVELO RETO 90º, TIPO PESADO, FABRICADA EM FIBRA DE VIDRO PELO PROCESSO DE PULTRUSÃO EM RESINA ESTERVINÍLICA AUTO-EXTINGUÍVEL, COM ABAS VOLTADAS PARA DENTRO. (LARGURA=L);COGUMELO OU SIMILAR;L=500 mm;pç 
LT-01-FF;COTOVELO RETO 90º, TIPO PESADO, FABRICADA EM FIBRA DE VIDRO PELO PROCESSO DE PULTRUSÃO EM RESINA ESTERVINÍLICA AUTO-EXTINGUÍVEL, COM ABAS VOLTADAS PARA DENTRO. (LARGURA=L);COGUMELO OU SIMILAR;L=600 mm;pç 
LT-01-II;COTOVELO RETO 90º, TIPO PESADO, FABRICADA EM FIBRA DE VIDRO PELO PROCESSO DE PULTRUSÃO EM RESINA ESTERVINÍLICA AUTO-EXTINGUÍVEL, COM ABAS VOLTADAS PARA DENTRO. (LARGURA=L);COGUMELO OU SIMILAR;L=800 mm;pç 
LN-06-AA;CRUZETA RETA HORIZONTAL 90º, TIPO LEVE-E, FABRICADA EM FIBRA DE VIDRO PELO PROCESSO DE PULTRUSÃO EM RESINA ESTERVINÍLICA AUTO-EXTINGUÍVEL, COM ABAS VOLTADAS PARA DENTRO. (LARGURA=L);COGUMELO OU SIMILAR;L=200 mm;pç 
LN-06-CC;CRUZETA RETA HORIZONTAL 90º, TIPO LEVE-E, FABRICADA EM FIBRA DE VIDRO PELO PROCESSO DE PULTRUSÃO EM RESINA ESTERVINÍLICA AUTO-EXTINGUÍVEL, COM ABAS VOLTADAS PARA DENTRO. (LARGURA=L);COGUMELO OU SIMILAR;L=300 mm;pç 
LN-06-DD;CRUZETA RETA HORIZONTAL 90º, TIPO LEVE-E, FABRICADA EM FIBRA DE VIDRO PELO PROCESSO DE PULTRUSÃO EM RESINA ESTERVINÍLICA AUTO-EXTINGUÍVEL, COM ABAS VOLTADAS PARA DENTRO. (LARGURA=L);COGUMELO OU SIMILAR;L=400 mm;pç 
LN-06-EE;CRUZETA RETA HORIZONTAL 90º, TIPO LEVE-E, FABRICADA EM FIBRA DE VIDRO PELO PROCESSO DE PULTRUSÃO EM RESINA ESTERVINÍLICA AUTO-EXTINGUÍVEL, COM ABAS VOLTADAS PARA DENTRO. (LARGURA=L);COGUMELO OU SIMILAR;L=500 mm;pç 
LN-06-FF;CRUZETA RETA HORIZONTAL 90º, TIPO LEVE-E, FABRICADA EM FIBRA DE VIDRO PELO PROCESSO DE PULTRUSÃO EM RESINA ESTERVINÍLICA AUTO-EXTINGUÍVEL, COM ABAS VOLTADAS PARA DENTRO. (LARGURA=L);COGUMELO OU SIMILAR;L=600 mm;pç 
LN-06-II;CRUZETA RETA HORIZONTAL 90º, TIPO LEVE-E, FABRICADA EM FIBRA DE VIDRO PELO PROCESSO DE PULTRUSÃO EM RESINA ESTERVINÍLICA AUTO-EXTINGUÍVEL, COM ABAS VOLTADAS PARA DENTRO. (LARGURA=L);COGUMELO OU SIMILAR;L=800 mm;pç 
LS-06-AA;CRUZETA RETA HORIZONTAL 90º, TIPO PESADO, FABRICADA EM FIBRA DE VIDRO PELO PROCESSO DE PULTRUSÃO EM RESINA ESTERVINÍLICA AUTO-EXTINGUÍVEL, COM ABAS VOLTADAS PARA DENTRO. (LARGURA=L);COGUMELO OU SIMILAR;L=200 mm;pç 
LS-06-CC;CRUZETA RETA HORIZONTAL 90º, TIPO PESADO, FABRICADA EM FIBRA DE VIDRO PELO PROCESSO DE PULTRUSÃO EM RESINA ESTERVINÍLICA AUTO-EXTINGUÍVEL, COM ABAS VOLTADAS PARA DENTRO. (LARGURA=L);COGUMELO OU SIMILAR;L=300 mm;pç 
LS-06-DD;CRUZETA RETA HORIZONTAL 90º, TIPO PESADO, FABRICADA EM FIBRA DE VIDRO PELO PROCESSO DE PULTRUSÃO EM RESINA ESTERVINÍLICA AUTO-EXTINGUÍVEL, COM ABAS VOLTADAS PARA DENTRO. (LARGURA=L);COGUMELO OU SIMILAR;L=400 mm;pç 
LS-06-EE;CRUZETA RETA HORIZONTAL 90º, TIPO PESADO, FABRICADA EM FIBRA DE VIDRO PELO PROCESSO DE PULTRUSÃO EM RESINA ESTERVINÍLICA AUTO-EXTINGUÍVEL, COM ABAS VOLTADAS PARA DENTRO. (LARGURA=L);COGUMELO OU SIMILAR;L=500 mm;pç 
LS-06-FF;CRUZETA RETA HORIZONTAL 90º, TIPO PESADO, FABRICADA EM FIBRA DE VIDRO PELO PROCESSO DE PULTRUSÃO EM RESINA ESTERVINÍLICA AUTO-EXTINGUÍVEL, COM ABAS VOLTADAS PARA DENTRO. (LARGURA=L);COGUMELO OU SIMILAR;L=600 mm;pç 
LS-06-II;CRUZETA RETA HORIZONTAL 90º, TIPO PESADO, FABRICADA EM FIBRA DE VIDRO PELO PROCESSO DE PULTRUSÃO EM RESINA ESTERVINÍLICA AUTO-EXTINGUÍVEL, COM ABAS VOLTADAS PARA DENTRO. (LARGURA=L);COGUMELO OU SIMILAR;L=800 mm;pç 
EB-02-01;CURVA DE 45º PARA ELETRODUTO TIPO PESADO, FABRICADA COM TUBO DE AÇO CARBONO COM COSTURA (REBARBA DE SOLDA INTERNA REMOVIDA) GALVANIZADO A FOGO, CONFORME NORMA NBR-5624, COM PROTETOR DE ROSCA NAS EXTREMIDADES .;NUTSTEEL OU SIMILAR;" 1/2"" - BSP";pç 
EB-02-02;CURVA DE 45º PARA ELETRODUTO TIPO PESADO, FABRICADA COM TUBO DE AÇO CARBONO COM COSTURA (REBARBA DE SOLDA INTERNA REMOVIDA) GALVANIZADO A FOGO, CONFORME NORMA NBR-5624, COM PROTETOR DE ROSCA NAS EXTREMIDADES .;NUTSTEEL OU SIMILAR;" 3/4"" - BSP";pç 
EB-02-03;CURVA DE 45º PARA ELETRODUTO TIPO PESADO, FABRICADA COM TUBO DE AÇO CARBONO COM COSTURA (REBARBA DE SOLDA INTERNA REMOVIDA) GALVANIZADO A FOGO, CONFORME NORMA NBR-5624, COM PROTETOR DE ROSCA NAS EXTREMIDADES .;NUTSTEEL OU SIMILAR;" 1"" - BSP";pç 
EB-02-05;CURVA DE 45º PARA ELETRODUTO TIPO PESADO, FABRICADA COM TUBO DE AÇO CARBONO COM COSTURA (REBARBA DE SOLDA INTERNA REMOVIDA) GALVANIZADO A FOGO, CONFORME NORMA NBR-5624, COM PROTETOR DE ROSCA NAS EXTREMIDADES .;NUTSTEEL OU SIMILAR;" 1 1/2"" - BSP";pç 
EB-02-06;CURVA DE 45º PARA ELETRODUTO TIPO PESADO, FABRICADA COM TUBO DE AÇO CARBONO COM COSTURA (REBARBA DE SOLDA INTERNA REMOVIDA) GALVANIZADO A FOGO, CONFORME NORMA NBR-5624, COM PROTETOR DE ROSCA NAS EXTREMIDADES .;NUTSTEEL OU SIMILAR;" 2"" - BSP";pç 
EB-02-07;CURVA DE 45º PARA ELETRODUTO TIPO PESADO, FABRICADA COM TUBO DE AÇO CARBONO COM COSTURA (REBARBA DE SOLDA INTERNA REMOVIDA) GALVANIZADO A FOGO, CONFORME NORMA NBR-5624, COM PROTETOR DE ROSCA NAS EXTREMIDADES .;NUTSTEEL OU SIMILAR;" 2 1/2"" - BSP";pç 
EB-02-08;CURVA DE 45º PARA ELETRODUTO TIPO PESADO, FABRICADA COM TUBO DE AÇO CARBONO COM COSTURA (REBARBA DE SOLDA INTERNA REMOVIDA) GALVANIZADO A FOGO, CONFORME NORMA NBR-5624, COM PROTETOR DE ROSCA NAS EXTREMIDADES .;NUTSTEEL OU SIMILAR;" 3"" - BSP";pç 
EB-02-09;CURVA DE 45º PARA ELETRODUTO TIPO PESADO, FABRICADA COM TUBO DE AÇO CARBONO COM COSTURA (REBARBA DE SOLDA INTERNA REMOVIDA) GALVANIZADO A FOGO, CONFORME NORMA NBR-5624, COM PROTETOR DE ROSCA NAS EXTREMIDADES .;NUTSTEEL OU SIMILAR;" 4"" - BSP";pç 
EB-04-01;CURVA DE 90º PARA ELETRODUTO TIPO PESADO, FABRICADA COM TUBO DE AÇO CARBONO COM COSTURA (REBARBA DE SOLDA INTERNA REMOVIDA) GALVANIZADO A FOGO, CONFORME NORMA NBR-5624, COM PROTETOR DE ROSCA NAS EXTREMIDADES .;NUTSTEEL OU SIMILAR;" 1/2"" - BSP";pç 
EB-04-02;CURVA DE 90º PARA ELETRODUTO TIPO PESADO, FABRICADA COM TUBO DE AÇO CARBONO COM COSTURA (REBARBA DE SOLDA INTERNA REMOVIDA) GALVANIZADO A FOGO, CONFORME NORMA NBR-5624, COM PROTETOR DE ROSCA NAS EXTREMIDADES .;NUTSTEEL OU SIMILAR;" 3/4"" - BSP";pç 
EB-04-03;CURVA DE 90º PARA ELETRODUTO TIPO PESADO, FABRICADA COM TUBO DE AÇO CARBONO COM COSTURA (REBARBA DE SOLDA INTERNA REMOVIDA) GALVANIZADO A FOGO, CONFORME NORMA NBR-5624, COM PROTETOR DE ROSCA NAS EXTREMIDADES .;NUTSTEEL OU SIMILAR;" 1"" - BSP";pç 
EB-04-04;CURVA DE 90º PARA ELETRODUTO TIPO PESADO, FABRICADA COM TUBO DE AÇO CARBONO COM COSTURA (REBARBA DE SOLDA INTERNA REMOVIDA) GALVANIZADO A FOGO, CONFORME NORMA NBR-5624, COM PROTETOR DE ROSCA NAS EXTREMIDADES .;NUTSTEEL OU SIMILAR;" 1 1/2"" - BSP";pç 
EB-04-06;CURVA DE 90º PARA ELETRODUTO TIPO PESADO, FABRICADA COM TUBO DE AÇO CARBONO COM COSTURA (REBARBA DE SOLDA INTERNA REMOVIDA) GALVANIZADO A FOGO, CONFORME NORMA NBR-5624, COM PROTETOR DE ROSCA NAS EXTREMIDADES .;NUTSTEEL OU SIMILAR;" 2"" - BSP";pç 
EB-04-07;"CURVA DE 90º PARA ELETRODUTO TIPO PESADO,  2 1/2"" - BSP FABRICADA COM TUBO DE AÇO CARBONO COM COSTURA (REBARBA DE SOLDA INTERNA REMOVIDA) GALVANIZADO A FOGO, CONFORME NORMA NBR-5624, COM PROTETOR DE ROSCA NAS EXTREMIDADES.";NUTSTEEL OU SIMILAR;" 2 1/2"" - BSP";pç 
EB-04-08;CURVA DE 90º PARA ELETRODUTO TIPO PESADO, FABRICADA COM TUBO DE AÇO CARBONO COM COSTURA (REBARBA DE SOLDA INTERNA REMOVIDA) GALVANIZADO A FOGO, CONFORME NORMA NBR-5624, COM PROTETOR DE ROSCA NAS EXTREMIDADES .;NUTSTEEL OU SIMILAR;" 3"" - BSP";pç 
EB-04-09;CURVA DE 90º PARA ELETRODUTO TIPO PESADO, FABRICADA COM TUBO DE AÇO CARBONO COM COSTURA (REBARBA DE SOLDA INTERNA REMOVIDA) GALVANIZADO A FOGO, CONFORME NORMA NBR-5624, COM PROTETOR DE ROSCA NAS EXTREMIDADES .;NUTSTEEL OU SIMILAR;" 4"" - BSP";pç 
LM-04-AA;CURVA HORIZONTAL 45º, TIPO LEVE-E, FABRICADA EM FIBRA DE VIDRO PELO PROCESSO DE PULTRUSÃO EM RESINA ESTERVINÍLICA AUTO-EXTINGUÍVEL, COM ABAS VOLTADAS PARA DENTRO. (LARGURA=L);COGUMELO OU SIMILAR;L=200 mm R=300mm;pç 
LM-04-CC;CURVA HORIZONTAL 45º, TIPO LEVE-E, FABRICADA EM FIBRA DE VIDRO PELO PROCESSO DE PULTRUSÃO EM RESINA ESTERVINÍLICA AUTO-EXTINGUÍVEL, COM ABAS VOLTADAS PARA DENTRO. (LARGURA=L);COGUMELO OU SIMILAR;L=300 mm R=300mm;pç 
LM-04-DD;CURVA HORIZONTAL 45º, TIPO LEVE-E, FABRICADA EM FIBRA DE VIDRO PELO PROCESSO DE PULTRUSÃO EM RESINA ESTERVINÍLICA AUTO-EXTINGUÍVEL, COM ABAS VOLTADAS PARA DENTRO. (LARGURA=L);COGUMELO OU SIMILAR;L=400 mm R=300mm;pç 
LM-04-EE;CURVA HORIZONTAL 45º, TIPO LEVE-E, FABRICADA EM FIBRA DE VIDRO PELO PROCESSO DE PULTRUSÃO EM RESINA ESTERVINÍLICA AUTO-EXTINGUÍVEL, COM ABAS VOLTADAS PARA DENTRO. (LARGURA=L);COGUMELO OU SIMILAR;L=500 mm R=300mm;pç 
LM-04-FF;CURVA HORIZONTAL 45º, TIPO LEVE-E, FABRICADA EM FIBRA DE VIDRO PELO PROCESSO DE PULTRUSÃO EM RESINA ESTERVINÍLICA AUTO-EXTINGUÍVEL, COM ABAS VOLTADAS PARA DENTRO. (LARGURA=L);COGUMELO OU SIMILAR;L=600 mm R=300mm;pç 
LM-04-II;CURVA HORIZONTAL 45º, TIPO LEVE-E, FABRICADA EM FIBRA DE VIDRO PELO PROCESSO DE PULTRUSÃO EM RESINA ESTERVINÍLICA AUTO-EXTINGUÍVEL, COM ABAS VOLTADAS PARA DENTRO. (LARGURA=L);COGUMELO OU SIMILAR;L=800 mm R=300mm;pç 
LM-14-AA;CURVA HORIZONTAL 45º, TIPO LEVE-E, FABRICADA EM FIBRA DE VIDRO PELO PROCESSO DE PULTRUSÃO EM RESINA ESTERVINÍLICA AUTO-EXTINGUÍVEL, COM ABAS VOLTADAS PARA DENTRO. (LARGURA=L);COGUMELO OU SIMILAR;L=200 mm R=600mm;pç 
LM-14-CC;CURVA HORIZONTAL 45º, TIPO LEVE-E, FABRICADA EM FIBRA DE VIDRO PELO PROCESSO DE PULTRUSÃO EM RESINA ESTERVINÍLICA AUTO-EXTINGUÍVEL, COM ABAS VOLTADAS PARA DENTRO. (LARGURA=L);COGUMELO OU SIMILAR;L=300 mm R=600mm;pç 
LM-14-DD;CURVA HORIZONTAL 45º, TIPO LEVE-E, FABRICADA EM FIBRA DE VIDRO PELO PROCESSO DE PULTRUSÃO EM RESINA ESTERVINÍLICA AUTO-EXTINGUÍVEL, COM ABAS VOLTADAS PARA DENTRO. (LARGURA=L);COGUMELO OU SIMILAR;L=400 mm R=600mm;pç 
LM-14-EE;CURVA HORIZONTAL 45º, TIPO LEVE-E, FABRICADA EM FIBRA DE VIDRO PELO PROCESSO DE PULTRUSÃO EM RESINA ESTERVINÍLICA AUTO-EXTINGUÍVEL, COM ABAS VOLTADAS PARA DENTRO. (LARGURA=L);COGUMELO OU SIMILAR;L=500 mm R=600mm;pç 
LM-14-FF;CURVA HORIZONTAL 45º, TIPO LEVE-E, FABRICADA EM FIBRA DE VIDRO PELO PROCESSO DE PULTRUSÃO EM RESINA ESTERVINÍLICA AUTO-EXTINGUÍVEL, COM ABAS VOLTADAS PARA DENTRO. (LARGURA=L);COGUMELO OU SIMILAR;L=600 mm R=600mm;pç 
LM-14-II;CURVA HORIZONTAL 45º, TIPO LEVE-E, FABRICADA EM FIBRA DE VIDRO PELO PROCESSO DE PULTRUSÃO EM RESINA ESTERVINÍLICA AUTO-EXTINGUÍVEL, COM ABAS VOLTADAS PARA DENTRO. (LARGURA=L);COGUMELO OU SIMILAR;L=800 mm R=600mm;pç 
LR-04-AA;CURVA HORIZONTAL 45º, TIPO PESADO, FABRICADA EM FIBRA DE VIDRO PELO PROCESSO DE PULTRUSÃO EM RESINA ESTERVINÍLICA AUTO-EXTINGUÍVEL, COM ABAS VOLTADAS PARA DENTRO. (LARGURA=L);COGUMELO OU SIMILAR;L=200 mm;pç 
LR-04-CC;CURVA HORIZONTAL 45º, TIPO PESADO, FABRICADA EM FIBRA DE VIDRO PELO PROCESSO DE PULTRUSÃO EM RESINA ESTERVINÍLICA AUTO-EXTINGUÍVEL, COM ABAS VOLTADAS PARA DENTRO. (LARGURA=L);COGUMELO OU SIMILAR;L=300 mm;pç 
LR-04-DD;CURVA HORIZONTAL 45º, TIPO PESADO, FABRICADA EM FIBRA DE VIDRO PELO PROCESSO DE PULTRUSÃO EM RESINA ESTERVINÍLICA AUTO-EXTINGUÍVEL, COM ABAS VOLTADAS PARA DENTRO. (LARGURA=L);COGUMELO OU SIMILAR;L=400 mm;pç 
LR-04-EE;CURVA HORIZONTAL 45º, TIPO PESADO, FABRICADA EM FIBRA DE VIDRO PELO PROCESSO DE PULTRUSÃO EM RESINA ESTERVINÍLICA AUTO-EXTINGUÍVEL, COM ABAS VOLTADAS PARA DENTRO. (LARGURA=L);COGUMELO OU SIMILAR;L=500 mm;pç 
LR-04-FF;CURVA HORIZONTAL 45º, TIPO PESADO, FABRICADA EM FIBRA DE VIDRO PELO PROCESSO DE PULTRUSÃO EM RESINA ESTERVINÍLICA AUTO-EXTINGUÍVEL, COM ABAS VOLTADAS PARA DENTRO. (LARGURA=L);COGUMELO OU SIMILAR;L=600 mm;pç 
LR-04-II;CURVA HORIZONTAL 45º, TIPO PESADO, FABRICADA EM FIBRA DE VIDRO PELO PROCESSO DE PULTRUSÃO EM RESINA ESTERVINÍLICA AUTO-EXTINGUÍVEL, COM ABAS VOLTADAS PARA DENTRO. (LARGURA=L);COGUMELO OU SIMILAR;L=800 mm;pç 
LM-07-AA;CURVA HORIZONTAL 90º, TIPO LEVE-E, FABRICADA EM FIBRA DE VIDRO PELO PROCESSO DE PULTRUSÃO EM RESINA ESTERVINÍLICA AUTO-EXTINGUÍVEL, COM ABAS VOLTADAS PARA DENTRO. (LARGURA=L);COGUMELO OU SIMILAR;L=200 mm R=300mm;pç 
LM-07-CC;CURVA HORIZONTAL 90º, TIPO LEVE-E, FABRICADA EM FIBRA DE VIDRO PELO PROCESSO DE PULTRUSÃO EM RESINA ESTERVINÍLICA AUTO-EXTINGUÍVEL, COM ABAS VOLTADAS PARA DENTRO. (LARGURA=L);COGUMELO OU SIMILAR;L=300 mm R=300mm;pç 
LM-07-DD;CURVA HORIZONTAL 90º, TIPO LEVE-E, FABRICADA EM FIBRA DE VIDRO PELO PROCESSO DE PULTRUSÃO EM RESINA ESTERVINÍLICA AUTO-EXTINGUÍVEL, COM ABAS VOLTADAS PARA DENTRO. (LARGURA=L);COGUMELO OU SIMILAR;L=400 mm R=300mm;pç 
LM-07-EE;CURVA HORIZONTAL 90º, TIPO LEVE-E, FABRICADA EM FIBRA DE VIDRO PELO PROCESSO DE PULTRUSÃO EM RESINA ESTERVINÍLICA AUTO-EXTINGUÍVEL, COM ABAS VOLTADAS PARA DENTRO. (LARGURA=L);COGUMELO OU SIMILAR;L=500 mm R=300mm;pç 
LM-07-FF;CURVA HORIZONTAL 90º, TIPO LEVE-E, FABRICADA EM FIBRA DE VIDRO PELO PROCESSO DE PULTRUSÃO EM RESINA ESTERVINÍLICA AUTO-EXTINGUÍVEL, COM ABAS VOLTADAS PARA DENTRO. (LARGURA=L);COGUMELO OU SIMILAR;L=600 mm R=300mm;pç 
LM-07-II;CURVA HORIZONTAL 90º, TIPO LEVE-E, FABRICADA EM FIBRA DE VIDRO PELO PROCESSO DE PULTRUSÃO EM RESINA ESTERVINÍLICA AUTO-EXTINGUÍVEL, COM ABAS VOLTADAS PARA DENTRO. (LARGURA=L);COGUMELO OU SIMILAR;L=800 mm R=300mm;pç 
LM-17-AA;CURVA HORIZONTAL 90º, TIPO LEVE-E, FABRICADA EM FIBRA DE VIDRO PELO PROCESSO DE PULTRUSÃO EM RESINA ESTERVINÍLICA AUTO-EXTINGUÍVEL, COM ABAS VOLTADAS PARA DENTRO. (LARGURA=L);COGUMELO OU SIMILAR;L=200 mm R=600mm;pç 
LM-17-CC;CURVA HORIZONTAL 90º, TIPO LEVE-E, FABRICADA EM FIBRA DE VIDRO PELO PROCESSO DE PULTRUSÃO EM RESINA ESTERVINÍLICA AUTO-EXTINGUÍVEL, COM ABAS VOLTADAS PARA DENTRO. (LARGURA=L);COGUMELO OU SIMILAR;L=300 mm R=600mm;pç 
LM-17-DD;CURVA HORIZONTAL 90º, TIPO LEVE-E, FABRICADA EM FIBRA DE VIDRO PELO PROCESSO DE PULTRUSÃO EM RESINA ESTERVINÍLICA AUTO-EXTINGUÍVEL, COM ABAS VOLTADAS PARA DENTRO. (LARGURA=L);COGUMELO OU SIMILAR;L=400 mm R=600mm;pç 
LM-17-EE;CURVA HORIZONTAL 90º, TIPO LEVE-E, FABRICADA EM FIBRA DE VIDRO PELO PROCESSO DE PULTRUSÃO EM RESINA ESTERVINÍLICA AUTO-EXTINGUÍVEL, COM ABAS VOLTADAS PARA DENTRO. (LARGURA=L);COGUMELO OU SIMILAR;L=500 mm R=600mm;pç 
LM-17-FF;CURVA HORIZONTAL 90º, TIPO LEVE-E, FABRICADA EM FIBRA DE VIDRO PELO PROCESSO DE PULTRUSÃO EM RESINA ESTERVINÍLICA AUTO-EXTINGUÍVEL, COM ABAS VOLTADAS PARA DENTRO. (LARGURA=L);COGUMELO OU SIMILAR;L=600 mm R=600mm;pç 
LM-17-II;CURVA HORIZONTAL 90º, TIPO LEVE-E, FABRICADA EM FIBRA DE VIDRO PELO PROCESSO DE PULTRUSÃO EM RESINA ESTERVINÍLICA AUTO-EXTINGUÍVEL, COM ABAS VOLTADAS PARA DENTRO. (LARGURA=L);COGUMELO OU SIMILAR;L=800 mm R=600mm;pç 
LR-07-AA;CURVA HORIZONTAL 90º, TIPO PESADO, FABRICADA EM FIBRA DE VIDRO PELO PROCESSO DE PULTRUSÃO EM RESINA ESTERVINÍLICA AUTO-EXTINGUÍVEL, COM ABAS VOLTADAS PARA DENTRO. (LARGURA=L);COGUMELO OU SIMILAR;L=200 mm;pç 
LR-07-CC;CURVA HORIZONTAL 90º, TIPO PESADO, FABRICADA EM FIBRA DE VIDRO PELO PROCESSO DE PULTRUSÃO EM RESINA ESTERVINÍLICA AUTO-EXTINGUÍVEL, COM ABAS VOLTADAS PARA DENTRO. (LARGURA=L);COGUMELO OU SIMILAR;L=300 mm;pç 
LR-07-DD;CURVA HORIZONTAL 90º, TIPO PESADO, FABRICADA EM FIBRA DE VIDRO PELO PROCESSO DE PULTRUSÃO EM RESINA ESTERVINÍLICA AUTO-EXTINGUÍVEL, COM ABAS VOLTADAS PARA DENTRO. (LARGURA=L);COGUMELO OU SIMILAR;L=400 mm;pç 
LR-07-EE;CURVA HORIZONTAL 90º, TIPO PESADO, FABRICADA EM FIBRA DE VIDRO PELO PROCESSO DE PULTRUSÃO EM RESINA ESTERVINÍLICA AUTO-EXTINGUÍVEL, COM ABAS VOLTADAS PARA DENTRO. (LARGURA=L);COGUMELO OU SIMILAR;L=500 mm;pç 
LR-07-FF;CURVA HORIZONTAL 90º, TIPO PESADO, FABRICADA EM FIBRA DE VIDRO PELO PROCESSO DE PULTRUSÃO EM RESINA ESTERVINÍLICA AUTO-EXTINGUÍVEL, COM ABAS VOLTADAS PARA DENTRO. (LARGURA=L);COGUMELO OU SIMILAR;L=600 mm;pç 
LR-07-II;CURVA HORIZONTAL 90º, TIPO PESADO, FABRICADA EM FIBRA DE VIDRO PELO PROCESSO DE PULTRUSÃO EM RESINA ESTERVINÍLICA AUTO-EXTINGUÍVEL, COM ABAS VOLTADAS PARA DENTRO. (LARGURA=L);COGUMELO OU SIMILAR;L=800 mm;pç 
NA-RJ-21;CURVA HORIZONTAL INTERNA PARA RODAPE FALSO COM TAMPA DE ENCAIXE, EM CHAPA AÇO CARBONO GALVANIZADO, 120x30 TRIPLO;VALEMAM OU SIMILAR;;pç 
LM-20-AA;CURVA VERTICAL DE INVERSÃO 90º, TIPO LEVE-E, FABRICADA EM FIBRA DE VIDRO PELO PROCESSO DE PULTRUSÃO EM RESINA ESTERVINÍLICA AUTO-EXTINGUÍVEL, COM ABAS VOLTADAS PARA DENTRO. (LARGURA=L);COGUMELO OU SIMILAR;L=200 mm R=300mm;pç 
LM-20-CC;CURVA VERTICAL DE INVERSÃO 90º, TIPO LEVE-E, FABRICADA EM FIBRA DE VIDRO PELO PROCESSO DE PULTRUSÃO EM RESINA ESTERVINÍLICA AUTO-EXTINGUÍVEL, COM ABAS VOLTADAS PARA DENTRO. (LARGURA=L);COGUMELO OU SIMILAR;L=300 mm R=300mm;pç 
LM-20-DD;CURVA VERTICAL DE INVERSÃO 90º, TIPO LEVE-E, FABRICADA EM FIBRA DE VIDRO PELO PROCESSO DE PULTRUSÃO EM RESINA ESTERVINÍLICA AUTO-EXTINGUÍVEL, COM ABAS VOLTADAS PARA DENTRO. (LARGURA=L);COGUMELO OU SIMILAR;L=400 mm R=300mm;pç 
LM-20-EE;CURVA VERTICAL DE INVERSÃO 90º, TIPO LEVE-E, FABRICADA EM FIBRA DE VIDRO PELO PROCESSO DE PULTRUSÃO EM RESINA ESTERVINÍLICA AUTO-EXTINGUÍVEL, COM ABAS VOLTADAS PARA DENTRO. (LARGURA=L);COGUMELO OU SIMILAR;L=500 mm R=300mm;pç 
LM-20-FF;CURVA VERTICAL DE INVERSÃO 90º, TIPO LEVE-E, FABRICADA EM FIBRA DE VIDRO PELO PROCESSO DE PULTRUSÃO EM RESINA ESTERVINÍLICA AUTO-EXTINGUÍVEL, COM ABAS VOLTADAS PARA DENTRO. (LARGURA=L);COGUMELO OU SIMILAR;L=600 mm R=300mm;pç 
LM-20-II;CURVA VERTICAL DE INVERSÃO 90º, TIPO LEVE-E, FABRICADA EM FIBRA DE VIDRO PELO PROCESSO DE PULTRUSÃO EM RESINA ESTERVINÍLICA AUTO-EXTINGUÍVEL, COM ABAS VOLTADAS PARA DENTRO. (LARGURA=L);COGUMELO OU SIMILAR;L=800 mm R=300mm;pç 
LM-30-AA;CURVA VERTICAL DE INVERSÃO 90º, TIPO LEVE-E, FABRICADA EM FIBRA DE VIDRO PELO PROCESSO DE PULTRUSÃO EM RESINA ESTERVINÍLICA AUTO-EXTINGUÍVEL, COM ABAS VOLTADAS PARA DENTRO. (LARGURA=L);COGUMELO OU SIMILAR;L=200 mm R=600mm;pç 
LM-30-CC;CURVA VERTICAL DE INVERSÃO 90º, TIPO LEVE-E, FABRICADA EM FIBRA DE VIDRO PELO PROCESSO DE PULTRUSÃO EM RESINA ESTERVINÍLICA AUTO-EXTINGUÍVEL, COM ABAS VOLTADAS PARA DENTRO. (LARGURA=L);COGUMELO OU SIMILAR;L=300 mm R=600mm;pç 
LM-30-DD;CURVA VERTICAL DE INVERSÃO 90º, TIPO LEVE-E, FABRICADA EM FIBRA DE VIDRO PELO PROCESSO DE PULTRUSÃO EM RESINA ESTERVINÍLICA AUTO-EXTINGUÍVEL, COM ABAS VOLTADAS PARA DENTRO. (LARGURA=L);COGUMELO OU SIMILAR;L=400 mm R=600mm;pç 
LM-30-EE;CURVA VERTICAL DE INVERSÃO 90º, TIPO LEVE-E, FABRICADA EM FIBRA DE VIDRO PELO PROCESSO DE PULTRUSÃO EM RESINA ESTERVINÍLICA AUTO-EXTINGUÍVEL, COM ABAS VOLTADAS PARA DENTRO. (LARGURA=L);COGUMELO OU SIMILAR;L=500 mm R=600mm;pç 
LM-30-FF;CURVA VERTICAL DE INVERSÃO 90º, TIPO LEVE-E, FABRICADA EM FIBRA DE VIDRO PELO PROCESSO DE PULTRUSÃO EM RESINA ESTERVINÍLICA AUTO-EXTINGUÍVEL, COM ABAS VOLTADAS PARA DENTRO. (LARGURA=L);COGUMELO OU SIMILAR;L=600 mm R=600mm;pç 
LM-30-II;CURVA VERTICAL DE INVERSÃO 90º, TIPO LEVE-E, FABRICADA EM FIBRA DE VIDRO PELO PROCESSO DE PULTRUSÃO EM RESINA ESTERVINÍLICA AUTO-EXTINGUÍVEL, COM ABAS VOLTADAS PARA DENTRO. (LARGURA=L);COGUMELO OU SIMILAR;L=800 mm R=600mm;pç 
LR-20-AA;CURVA VERTICAL DE INVERSÃO 90º, TIPO PESADO, FABRICADA EM FIBRA DE VIDRO PELO PROCESSO DE PULTRUSÃO EM RESINA ESTERVINÍLICA AUTO-EXTINGUÍVEL, COM ABAS VOLTADAS PARA DENTRO. (LARGURA=L);COGUMELO OU SIMILAR;L=200 mm;pç 
LR-20-CC;CURVA VERTICAL DE INVERSÃO 90º, TIPO PESADO, FABRICADA EM FIBRA DE VIDRO PELO PROCESSO DE PULTRUSÃO EM RESINA ESTERVINÍLICA AUTO-EXTINGUÍVEL, COM ABAS VOLTADAS PARA DENTRO. (LARGURA=L);COGUMELO OU SIMILAR;L=300 mm;pç 
LR-20-DD;CURVA VERTICAL DE INVERSÃO 90º, TIPO PESADO, FABRICADA EM FIBRA DE VIDRO PELO PROCESSO DE PULTRUSÃO EM RESINA ESTERVINÍLICA AUTO-EXTINGUÍVEL, COM ABAS VOLTADAS PARA DENTRO. (LARGURA=L);COGUMELO OU SIMILAR;L=400 mm;pç 
LR-20-EE;CURVA VERTICAL DE INVERSÃO 90º, TIPO PESADO, FABRICADA EM FIBRA DE VIDRO PELO PROCESSO DE PULTRUSÃO EM RESINA ESTERVINÍLICA AUTO-EXTINGUÍVEL, COM ABAS VOLTADAS PARA DENTRO. (LARGURA=L);COGUMELO OU SIMILAR;L=500 mm;pç 
LR-20-FF;CURVA VERTICAL DE INVERSÃO 90º, TIPO PESADO, FABRICADA EM FIBRA DE VIDRO PELO PROCESSO DE PULTRUSÃO EM RESINA ESTERVINÍLICA AUTO-EXTINGUÍVEL, COM ABAS VOLTADAS PARA DENTRO. (LARGURA=L);COGUMELO OU SIMILAR;L=600 mm;pç 
LR-20-II;CURVA VERTICAL DE INVERSÃO 90º, TIPO PESADO, FABRICADA EM FIBRA DE VIDRO PELO PROCESSO DE PULTRUSÃO EM RESINA ESTERVINÍLICA AUTO-EXTINGUÍVEL, COM ABAS VOLTADAS PARA DENTRO. (LARGURA=L);COGUMELO OU SIMILAR;L=800 mm;pç 
LM-10-AA;CURVA VERTICAL EXTERNA 45º, TIPO LEVE-E, FABRICADA EM FIBRA DE VIDRO PELO PROCESSO DE PULTRUSÃO EM RESINA ESTERVINÍLICA AUTO-EXTINGUÍVEL, COM ABAS VOLTADAS PARA DENTRO. (LARGURA=L);COGUMELO OU SIMILAR;L=200 mm R=300mm;pç 
LM-10-CC;CURVA VERTICAL EXTERNA 45º, TIPO LEVE-E, FABRICADA EM FIBRA DE VIDRO PELO PROCESSO DE PULTRUSÃO EM RESINA ESTERVINÍLICA AUTO-EXTINGUÍVEL, COM ABAS VOLTADAS PARA DENTRO. (LARGURA=L);COGUMELO OU SIMILAR;L=300 mm R=300mm;pç 
LM-10-DD;CURVA VERTICAL EXTERNA 45º, TIPO LEVE-E, FABRICADA EM FIBRA DE VIDRO PELO PROCESSO DE PULTRUSÃO EM RESINA ESTERVINÍLICA AUTO-EXTINGUÍVEL, COM ABAS VOLTADAS PARA DENTRO. (LARGURA=L);COGUMELO OU SIMILAR;L=400 mm R=300mm;pç 
LM-10-EE;CURVA VERTICAL EXTERNA 45º, TIPO LEVE-E, FABRICADA EM FIBRA DE VIDRO PELO PROCESSO DE PULTRUSÃO EM RESINA ESTERVINÍLICA AUTO-EXTINGUÍVEL, COM ABAS VOLTADAS PARA DENTRO. (LARGURA=L);COGUMELO OU SIMILAR;L=500 mm R=300mm;pç 
LM-10-FF;CURVA VERTICAL EXTERNA 45º, TIPO LEVE-E, FABRICADA EM FIBRA DE VIDRO PELO PROCESSO DE PULTRUSÃO EM RESINA ESTERVINÍLICA AUTO-EXTINGUÍVEL, COM ABAS VOLTADAS PARA DENTRO. (LARGURA=L);COGUMELO OU SIMILAR;L=600 mm R=300mm;pç 
LM-10-II;CURVA VERTICAL EXTERNA 45º, TIPO LEVE-E, FABRICADA EM FIBRA DE VIDRO PELO PROCESSO DE PULTRUSÃO EM RESINA ESTERVINÍLICA AUTO-EXTINGUÍVEL, COM ABAS VOLTADAS PARA DENTRO. (LARGURA=L);COGUMELO OU SIMILAR;L=800 mm R=300mm;pç 
LM-40-AA;CURVA VERTICAL EXTERNA 45º, TIPO LEVE-E, FABRICADA EM FIBRA DE VIDRO PELO PROCESSO DE PULTRUSÃO EM RESINA ESTERVINÍLICA AUTO-EXTINGUÍVEL, COM ABAS VOLTADAS PARA DENTRO. (LARGURA=L);COGUMELO OU SIMILAR;L=200 mm R=600mm;pç 
LM-40-CC;CURVA VERTICAL EXTERNA 45º, TIPO LEVE-E, FABRICADA EM FIBRA DE VIDRO PELO PROCESSO DE PULTRUSÃO EM RESINA ESTERVINÍLICA AUTO-EXTINGUÍVEL, COM ABAS VOLTADAS PARA DENTRO. (LARGURA=L);COGUMELO OU SIMILAR;L=300 mm R=600mm;pç 
LM-40-DD;CURVA VERTICAL EXTERNA 45º, TIPO LEVE-E, FABRICADA EM FIBRA DE VIDRO PELO PROCESSO DE PULTRUSÃO EM RESINA ESTERVINÍLICA AUTO-EXTINGUÍVEL, COM ABAS VOLTADAS PARA DENTRO. (LARGURA=L);COGUMELO OU SIMILAR;L=400 mm R=600mm;pç 
LM-40-EE;CURVA VERTICAL EXTERNA 45º, TIPO LEVE-E, FABRICADA EM FIBRA DE VIDRO PELO PROCESSO DE PULTRUSÃO EM RESINA ESTERVINÍLICA AUTO-EXTINGUÍVEL, COM ABAS VOLTADAS PARA DENTRO. (LARGURA=L);COGUMELO OU SIMILAR;L=500 mm R=600mm;pç 
LM-40-FF;CURVA VERTICAL EXTERNA 45º, TIPO LEVE-E, FABRICADA EM FIBRA DE VIDRO PELO PROCESSO DE PULTRUSÃO EM RESINA ESTERVINÍLICA AUTO-EXTINGUÍVEL, COM ABAS VOLTADAS PARA DENTRO. (LARGURA=L);COGUMELO OU SIMILAR;L=600 mm R=600mm;pç 
LM-40-II;CURVA VERTICAL EXTERNA 45º, TIPO LEVE-E, FABRICADA EM FIBRA DE VIDRO PELO PROCESSO DE PULTRUSÃO EM RESINA ESTERVINÍLICA AUTO-EXTINGUÍVEL, COM ABAS VOLTADAS PARA DENTRO. (LARGURA=L);COGUMELO OU SIMILAR;L=800 mm R=600mm;pç 
LR-10-AA;CURVA VERTICAL EXTERNA 45º, TIPO PESADO, FABRICADA EM FIBRA DE VIDRO PELO PROCESSO DE PULTRUSÃO EM RESINA ESTERVINÍLICA AUTO-EXTINGUÍVEL, COM ABAS VOLTADAS PARA DENTRO. (LARGURA=L);COGUMELO OU SIMILAR;L=200 mm;pç 
LR-10-CC;CURVA VERTICAL EXTERNA 45º, TIPO PESADO, FABRICADA EM FIBRA DE VIDRO PELO PROCESSO DE PULTRUSÃO EM RESINA ESTERVINÍLICA AUTO-EXTINGUÍVEL, COM ABAS VOLTADAS PARA DENTRO. (LARGURA=L);COGUMELO OU SIMILAR;L=300 mm;pç 
LR-10-DD;CURVA VERTICAL EXTERNA 45º, TIPO PESADO, FABRICADA EM FIBRA DE VIDRO PELO PROCESSO DE PULTRUSÃO EM RESINA ESTERVINÍLICA AUTO-EXTINGUÍVEL, COM ABAS VOLTADAS PARA DENTRO. (LARGURA=L);COGUMELO OU SIMILAR;L=400 mm;pç 
LR-10-EE;CURVA VERTICAL EXTERNA 45º, TIPO PESADO, FABRICADA EM FIBRA DE VIDRO PELO PROCESSO DE PULTRUSÃO EM RESINA ESTERVINÍLICA AUTO-EXTINGUÍVEL, COM ABAS VOLTADAS PARA DENTRO. (LARGURA=L);COGUMELO OU SIMILAR;L=500 mm;pç 
LR-10-FF;CURVA VERTICAL EXTERNA 45º, TIPO PESADO, FABRICADA EM FIBRA DE VIDRO PELO PROCESSO DE PULTRUSÃO EM RESINA ESTERVINÍLICA AUTO-EXTINGUÍVEL, COM ABAS VOLTADAS PARA DENTRO. (LARGURA=L);COGUMELO OU SIMILAR;L=600 mm;pç 
LR-10-II;CURVA VERTICAL EXTERNA 45º, TIPO PESADO, FABRICADA EM FIBRA DE VIDRO PELO PROCESSO DE PULTRUSÃO EM RESINA ESTERVINÍLICA AUTO-EXTINGUÍVEL, COM ABAS VOLTADAS PARA DENTRO. (LARGURA=L);COGUMELO OU SIMILAR;L=800 mm;pç 
LM-13-AA;CURVA VERTICAL EXTERNA 90º, TIPO LEVE-E, FABRICADA EM FIBRA DE VIDRO PELO PROCESSO DE PULTRUSÃO EM RESINA ESTERVINÍLICA AUTO-EXTINGUÍVEL, COM ABAS VOLTADAS PARA DENTRO. (LARGURA=L);COGUMELO OU SIMILAR;L=200 mm R=300mm;pç 
LM-13-CC;CURVA VERTICAL EXTERNA 90º, TIPO LEVE-E, FABRICADA EM FIBRA DE VIDRO PELO PROCESSO DE PULTRUSÃO EM RESINA ESTERVINÍLICA AUTO-EXTINGUÍVEL, COM ABAS VOLTADAS PARA DENTRO. (LARGURA=L);COGUMELO OU SIMILAR;L=300 mm R=300mm;pç 
LM-13-DD;CURVA VERTICAL EXTERNA 90º, TIPO LEVE-E, FABRICADA EM FIBRA DE VIDRO PELO PROCESSO DE PULTRUSÃO EM RESINA ESTERVINÍLICA AUTO-EXTINGUÍVEL, COM ABAS VOLTADAS PARA DENTRO. (LARGURA=L);COGUMELO OU SIMILAR;L=400 mm R=300mm;pç 
LM-13-EE;CURVA VERTICAL EXTERNA 90º, TIPO LEVE-E, FABRICADA EM FIBRA DE VIDRO PELO PROCESSO DE PULTRUSÃO EM RESINA ESTERVINÍLICA AUTO-EXTINGUÍVEL, COM ABAS VOLTADAS PARA DENTRO. (LARGURA=L);COGUMELO OU SIMILAR;L=500 mm R=300mm;pç 
LM-13-FF;CURVA VERTICAL EXTERNA 90º, TIPO LEVE-E, FABRICADA EM FIBRA DE VIDRO PELO PROCESSO DE PULTRUSÃO EM RESINA ESTERVINÍLICA AUTO-EXTINGUÍVEL, COM ABAS VOLTADAS PARA DENTRO. (LARGURA=L);COGUMELO OU SIMILAR;L=600 mm R=300mm;pç 
LM-13-II;CURVA VERTICAL EXTERNA 90º, TIPO LEVE-E, FABRICADA EM FIBRA DE VIDRO PELO PROCESSO DE PULTRUSÃO EM RESINA ESTERVINÍLICA AUTO-EXTINGUÍVEL, COM ABAS VOLTADAS PARA DENTRO. (LARGURA=L);COGUMELO OU SIMILAR;L=800 mm R=300mm;pç 
LM-23-AA;CURVA VERTICAL EXTERNA 90º, TIPO LEVE-E, FABRICADA EM FIBRA DE VIDRO PELO PROCESSO DE PULTRUSÃO EM RESINA ESTERVINÍLICA AUTO-EXTINGUÍVEL, COM ABAS VOLTADAS PARA DENTRO. (LARGURA=L);COGUMELO OU SIMILAR;L=200 mm R=600mm;pç 
LM-23-CC;CURVA VERTICAL EXTERNA 90º, TIPO LEVE-E, FABRICADA EM FIBRA DE VIDRO PELO PROCESSO DE PULTRUSÃO EM RESINA ESTERVINÍLICA AUTO-EXTINGUÍVEL, COM ABAS VOLTADAS PARA DENTRO. (LARGURA=L);COGUMELO OU SIMILAR;L=300 mm R=600mm;pç 
LM-23-DD;CURVA VERTICAL EXTERNA 90º, TIPO LEVE-E, FABRICADA EM FIBRA DE VIDRO PELO PROCESSO DE PULTRUSÃO EM RESINA ESTERVINÍLICA AUTO-EXTINGUÍVEL, COM ABAS VOLTADAS PARA DENTRO. (LARGURA=L);COGUMELO OU SIMILAR;L=400 mm R=600mm;pç 
LM-23-EE;CURVA VERTICAL EXTERNA 90º, TIPO LEVE-E, FABRICADA EM FIBRA DE VIDRO PELO PROCESSO DE PULTRUSÃO EM RESINA ESTERVINÍLICA AUTO-EXTINGUÍVEL, COM ABAS VOLTADAS PARA DENTRO. (LARGURA=L);COGUMELO OU SIMILAR;L=500 mm R=600mm;pç 
LM-23-FF;CURVA VERTICAL EXTERNA 90º, TIPO LEVE-E, FABRICADA EM FIBRA DE VIDRO PELO PROCESSO DE PULTRUSÃO EM RESINA ESTERVINÍLICA AUTO-EXTINGUÍVEL, COM ABAS VOLTADAS PARA DENTRO. (LARGURA=L);COGUMELO OU SIMILAR;L=600 mm R=600mm;pç 
LM-23-II;CURVA VERTICAL EXTERNA 90º, TIPO LEVE-E, FABRICADA EM FIBRA DE VIDRO PELO PROCESSO DE PULTRUSÃO EM RESINA ESTERVINÍLICA AUTO-EXTINGUÍVEL, COM ABAS VOLTADAS PARA DENTRO. (LARGURA=L);COGUMELO OU SIMILAR;L=800 mm R=600mm;pç 
LR-13-AA;CURVA VERTICAL EXTERNA 90º, TIPO PESADO, FABRICADA EM FIBRA DE VIDRO PELO PROCESSO DE PULTRUSÃO EM RESINA ESTERVINÍLICA AUTO-EXTINGUÍVEL, COM ABAS VOLTADAS PARA DENTRO. (LARGURA=L);COGUMELO OU SIMILAR;L=200 mm;pç 
LR-13-CC;CURVA VERTICAL EXTERNA 90º, TIPO PESADO, FABRICADA EM FIBRA DE VIDRO PELO PROCESSO DE PULTRUSÃO EM RESINA ESTERVINÍLICA AUTO-EXTINGUÍVEL, COM ABAS VOLTADAS PARA DENTRO. (LARGURA=L);COGUMELO OU SIMILAR;L=300 mm;pç 
LR-13-DD;CURVA VERTICAL EXTERNA 90º, TIPO PESADO, FABRICADA EM FIBRA DE VIDRO PELO PROCESSO DE PULTRUSÃO EM RESINA ESTERVINÍLICA AUTO-EXTINGUÍVEL, COM ABAS VOLTADAS PARA DENTRO. (LARGURA=L);COGUMELO OU SIMILAR;L=400 mm;pç 
LR-13-EE;CURVA VERTICAL EXTERNA 90º, TIPO PESADO, FABRICADA EM FIBRA DE VIDRO PELO PROCESSO DE PULTRUSÃO EM RESINA ESTERVINÍLICA AUTO-EXTINGUÍVEL, COM ABAS VOLTADAS PARA DENTRO. (LARGURA=L);COGUMELO OU SIMILAR;L=500 mm;pç 
LR-13-FF;CURVA VERTICAL EXTERNA 90º, TIPO PESADO, FABRICADA EM FIBRA DE VIDRO PELO PROCESSO DE PULTRUSÃO EM RESINA ESTERVINÍLICA AUTO-EXTINGUÍVEL, COM ABAS VOLTADAS PARA DENTRO. (LARGURA=L);COGUMELO OU SIMILAR;L=600 mm;pç 
LR-13-II;CURVA VERTICAL EXTERNA 90º, TIPO PESADO, FABRICADA EM FIBRA DE VIDRO PELO PROCESSO DE PULTRUSÃO EM RESINA ESTERVINÍLICA AUTO-EXTINGUÍVEL, COM ABAS VOLTADAS PARA DENTRO. (LARGURA=L);COGUMELO OU SIMILAR;L=800 mm;pç 
LM-16-AA;CURVA VERTICAL INTERNA 45º, TIPO LEVE-E, FABRICADA EM FIBRA DE VIDRO PELO PROCESSO DE PULTRUSÃO EM RESINA ESTERVINÍLICA AUTO-EXTINGUÍVEL, COM ABAS VOLTADAS PARA DENTRO. (LARGURA=L);COGUMELO OU SIMILAR;L=200 mm R=300mm;pç 
LM-16-CC;CURVA VERTICAL INTERNA 45º, TIPO LEVE-E, FABRICADA EM FIBRA DE VIDRO PELO PROCESSO DE PULTRUSÃO EM RESINA ESTERVINÍLICA AUTO-EXTINGUÍVEL, COM ABAS VOLTADAS PARA DENTRO. (LARGURA=L);COGUMELO OU SIMILAR;L=300 mm R=300mm;pç 
LM-16-DD;CURVA VERTICAL INTERNA 45º, TIPO LEVE-E, FABRICADA EM FIBRA DE VIDRO PELO PROCESSO DE PULTRUSÃO EM RESINA ESTERVINÍLICA AUTO-EXTINGUÍVEL, COM ABAS VOLTADAS PARA DENTRO. (LARGURA=L);COGUMELO OU SIMILAR;L=400 mm R=300mm;pç 
LM-16-EE;CURVA VERTICAL INTERNA 45º, TIPO LEVE-E, FABRICADA EM FIBRA DE VIDRO PELO PROCESSO DE PULTRUSÃO EM RESINA ESTERVINÍLICA AUTO-EXTINGUÍVEL, COM ABAS VOLTADAS PARA DENTRO. (LARGURA=L);COGUMELO OU SIMILAR;L=500 mm R=300mm;pç 
LM-16-FF;CURVA VERTICAL INTERNA 45º, TIPO LEVE-E, FABRICADA EM FIBRA DE VIDRO PELO PROCESSO DE PULTRUSÃO EM RESINA ESTERVINÍLICA AUTO-EXTINGUÍVEL, COM ABAS VOLTADAS PARA DENTRO. (LARGURA=L);COGUMELO OU SIMILAR;L=600 mm R=300mm;pç 
LM-16-II;CURVA VERTICAL INTERNA 45º, TIPO LEVE-E, FABRICADA EM FIBRA DE VIDRO PELO PROCESSO DE PULTRUSÃO EM RESINA ESTERVINÍLICA AUTO-EXTINGUÍVEL, COM ABAS VOLTADAS PARA DENTRO. (LARGURA=L);COGUMELO OU SIMILAR;L=800 mm R=300mm;pç 
LM-26-AA;CURVA VERTICAL INTERNA 45º, TIPO LEVE-E, FABRICADA EM FIBRA DE VIDRO PELO PROCESSO DE PULTRUSÃO EM RESINA ESTERVINÍLICA AUTO-EXTINGUÍVEL, COM ABAS VOLTADAS PARA DENTRO. (LARGURA=L);COGUMELO OU SIMILAR;L=200 mm R=600mm;pç 
LM-26-CC;CURVA VERTICAL INTERNA 45º, TIPO LEVE-E, FABRICADA EM FIBRA DE VIDRO PELO PROCESSO DE PULTRUSÃO EM RESINA ESTERVINÍLICA AUTO-EXTINGUÍVEL, COM ABAS VOLTADAS PARA DENTRO. (LARGURA=L);COGUMELO OU SIMILAR;L=300 mm R=600mm;pç 
LM-26-DD;CURVA VERTICAL INTERNA 45º, TIPO LEVE-E, FABRICADA EM FIBRA DE VIDRO PELO PROCESSO DE PULTRUSÃO EM RESINA ESTERVINÍLICA AUTO-EXTINGUÍVEL, COM ABAS VOLTADAS PARA DENTRO. (LARGURA=L);COGUMELO OU SIMILAR;L=400 mm R=600mm;pç 
LM-26-EE;CURVA VERTICAL INTERNA 45º, TIPO LEVE-E, FABRICADA EM FIBRA DE VIDRO PELO PROCESSO DE PULTRUSÃO EM RESINA ESTERVINÍLICA AUTO-EXTINGUÍVEL, COM ABAS VOLTADAS PARA DENTRO. (LARGURA=L);COGUMELO OU SIMILAR;L=500 mm R=600mm;pç 
LM-26-FF;CURVA VERTICAL INTERNA 45º, TIPO LEVE-E, FABRICADA EM FIBRA DE VIDRO PELO PROCESSO DE PULTRUSÃO EM RESINA ESTERVINÍLICA AUTO-EXTINGUÍVEL, COM ABAS VOLTADAS PARA DENTRO. (LARGURA=L);COGUMELO OU SIMILAR;L=600 mm R=600mm;pç 
LM-26-II;CURVA VERTICAL INTERNA 45º, TIPO LEVE-E, FABRICADA EM FIBRA DE VIDRO PELO PROCESSO DE PULTRUSÃO EM RESINA ESTERVINÍLICA AUTO-EXTINGUÍVEL, COM ABAS VOLTADAS PARA DENTRO. (LARGURA=L);COGUMELO OU SIMILAR;L=800 mm R=600mm;pç 
LR-16-AA;CURVA VERTICAL INTERNA 45º, TIPO PESADO, FABRICADA EM FIBRA DE VIDRO PELO PROCESSO DE PULTRUSÃO EM RESINA ESTERVINÍLICA AUTO-EXTINGUÍVEL, COM ABAS VOLTADAS PARA DENTRO. (LARGURA=L);COGUMELO OU SIMILAR;L=200 mm;pç 
LR-16-CC;CURVA VERTICAL INTERNA 45º, TIPO PESADO, FABRICADA EM FIBRA DE VIDRO PELO PROCESSO DE PULTRUSÃO EM RESINA ESTERVINÍLICA AUTO-EXTINGUÍVEL, COM ABAS VOLTADAS PARA DENTRO. (LARGURA=L);COGUMELO OU SIMILAR;L=300 mm;pç 
LR-16-DD;CURVA VERTICAL INTERNA 45º, TIPO PESADO, FABRICADA EM FIBRA DE VIDRO PELO PROCESSO DE PULTRUSÃO EM RESINA ESTERVINÍLICA AUTO-EXTINGUÍVEL, COM ABAS VOLTADAS PARA DENTRO. (LARGURA=L);COGUMELO OU SIMILAR;L=400 mm;pç 
LR-16-EE;CURVA VERTICAL INTERNA 45º, TIPO PESADO, FABRICADA EM FIBRA DE VIDRO PELO PROCESSO DE PULTRUSÃO EM RESINA ESTERVINÍLICA AUTO-EXTINGUÍVEL, COM ABAS VOLTADAS PARA DENTRO. (LARGURA=L);COGUMELO OU SIMILAR;L=500 mm;pç 
LR-16-FF;CURVA VERTICAL INTERNA 45º, TIPO PESADO, FABRICADA EM FIBRA DE VIDRO PELO PROCESSO DE PULTRUSÃO EM RESINA ESTERVINÍLICA AUTO-EXTINGUÍVEL, COM ABAS VOLTADAS PARA DENTRO. (LARGURA=L);COGUMELO OU SIMILAR;L=600 mm;pç 
LR-16-II;CURVA VERTICAL INTERNA 45º, TIPO PESADO, FABRICADA EM FIBRA DE VIDRO PELO PROCESSO DE PULTRUSÃO EM RESINA ESTERVINÍLICA AUTO-EXTINGUÍVEL, COM ABAS VOLTADAS PARA DENTRO. (LARGURA=L);COGUMELO OU SIMILAR;L=800 mm;pç 
LM-19-AA;CURVA VERTICAL INTERNA 90º, TIPO LEVE-E, FABRICADA EM FIBRA DE VIDRO PELO PROCESSO DE PULTRUSÃO EM RESINA ESTERVINÍLICA AUTO-EXTINGUÍVEL, COM ABAS VOLTADAS PARA DENTRO. (LARGURA=L);COGUMELO OU SIMILAR;L=200 mm R=300mm;pç 
LM-19-CC;CURVA VERTICAL INTERNA 90º, TIPO LEVE-E, FABRICADA EM FIBRA DE VIDRO PELO PROCESSO DE PULTRUSÃO EM RESINA ESTERVINÍLICA AUTO-EXTINGUÍVEL, COM ABAS VOLTADAS PARA DENTRO. (LARGURA=L);COGUMELO OU SIMILAR;L=300 mm R=300mm;pç 
LM-19-DD;CURVA VERTICAL INTERNA 90º, TIPO LEVE-E, FABRICADA EM FIBRA DE VIDRO PELO PROCESSO DE PULTRUSÃO EM RESINA ESTERVINÍLICA AUTO-EXTINGUÍVEL, COM ABAS VOLTADAS PARA DENTRO. (LARGURA=L);COGUMELO OU SIMILAR;L=400 mm R=300mm;pç 
LM-19-EE;CURVA VERTICAL INTERNA 90º, TIPO LEVE-E, FABRICADA EM FIBRA DE VIDRO PELO PROCESSO DE PULTRUSÃO EM RESINA ESTERVINÍLICA AUTO-EXTINGUÍVEL, COM ABAS VOLTADAS PARA DENTRO. (LARGURA=L);COGUMELO OU SIMILAR;L=500 mm R=300mm;pç 
LM-19-FF;CURVA VERTICAL INTERNA 90º, TIPO LEVE-E, FABRICADA EM FIBRA DE VIDRO PELO PROCESSO DE PULTRUSÃO EM RESINA ESTERVINÍLICA AUTO-EXTINGUÍVEL, COM ABAS VOLTADAS PARA DENTRO. (LARGURA=L);COGUMELO OU SIMILAR;L=600 mm R=300mm;pç 
LM-19-II;CURVA VERTICAL INTERNA 90º, TIPO LEVE-E, FABRICADA EM FIBRA DE VIDRO PELO PROCESSO DE PULTRUSÃO EM RESINA ESTERVINÍLICA AUTO-EXTINGUÍVEL, COM ABAS VOLTADAS PARA DENTRO. (LARGURA=L);COGUMELO OU SIMILAR;L=800 mm R=300mm;pç 
LM-29-AA;CURVA VERTICAL INTERNA 90º, TIPO LEVE-E, FABRICADA EM FIBRA DE VIDRO PELO PROCESSO DE PULTRUSÃO EM RESINA ESTERVINÍLICA AUTO-EXTINGUÍVEL, COM ABAS VOLTADAS PARA DENTRO. (LARGURA=L);COGUMELO OU SIMILAR;L=200 mm R=600mm;pç 
LM-29-CC;CURVA VERTICAL INTERNA 90º, TIPO LEVE-E, FABRICADA EM FIBRA DE VIDRO PELO PROCESSO DE PULTRUSÃO EM RESINA ESTERVINÍLICA AUTO-EXTINGUÍVEL, COM ABAS VOLTADAS PARA DENTRO. (LARGURA=L);COGUMELO OU SIMILAR;L=300 mm R=600mm;pç 
LM-29-DD;CURVA VERTICAL INTERNA 90º, TIPO LEVE-E, FABRICADA EM FIBRA DE VIDRO PELO PROCESSO DE PULTRUSÃO EM RESINA ESTERVINÍLICA AUTO-EXTINGUÍVEL, COM ABAS VOLTADAS PARA DENTRO. (LARGURA=L);COGUMELO OU SIMILAR;L=400 mm R=600mm;pç 
LM-29-EE;CURVA VERTICAL INTERNA 90º, TIPO LEVE-E, FABRICADA EM FIBRA DE VIDRO PELO PROCESSO DE PULTRUSÃO EM RESINA ESTERVINÍLICA AUTO-EXTINGUÍVEL, COM ABAS VOLTADAS PARA DENTRO. (LARGURA=L);COGUMELO OU SIMILAR;L=500 mm R=600mm;pç 
LM-29-FF;CURVA VERTICAL INTERNA 90º, TIPO LEVE-E, FABRICADA EM FIBRA DE VIDRO PELO PROCESSO DE PULTRUSÃO EM RESINA ESTERVINÍLICA AUTO-EXTINGUÍVEL, COM ABAS VOLTADAS PARA DENTRO. (LARGURA=L);COGUMELO OU SIMILAR;L=600 mm R=600mm;pç 
LM-29-II;CURVA VERTICAL INTERNA 90º, TIPO LEVE-E, FABRICADA EM FIBRA DE VIDRO PELO PROCESSO DE PULTRUSÃO EM RESINA ESTERVINÍLICA AUTO-EXTINGUÍVEL, COM ABAS VOLTADAS PARA DENTRO. (LARGURA=L);COGUMELO OU SIMILAR;L=800 mm R=600mm;pç 
LR-19-AA;CURVA VERTICAL INTERNA 90º, TIPO PESADO, FABRICADA EM FIBRA DE VIDRO PELO PROCESSO DE PULTRUSÃO EM RESINA ESTERVINÍLICA AUTO-EXTINGUÍVEL, COM ABAS VOLTADAS PARA DENTRO. (LARGURA=L);COGUMELO OU SIMILAR;L=200 mm;pç 
LR-19-CC;CURVA VERTICAL INTERNA 90º, TIPO PESADO, FABRICADA EM FIBRA DE VIDRO PELO PROCESSO DE PULTRUSÃO EM RESINA ESTERVINÍLICA AUTO-EXTINGUÍVEL, COM ABAS VOLTADAS PARA DENTRO. (LARGURA=L);COGUMELO OU SIMILAR;L=300 mm;pç 
LR-19-DD;CURVA VERTICAL INTERNA 90º, TIPO PESADO, FABRICADA EM FIBRA DE VIDRO PELO PROCESSO DE PULTRUSÃO EM RESINA ESTERVINÍLICA AUTO-EXTINGUÍVEL, COM ABAS VOLTADAS PARA DENTRO. (LARGURA=L);COGUMELO OU SIMILAR;L=400 mm;pç 
LR-19-EE;CURVA VERTICAL INTERNA 90º, TIPO PESADO, FABRICADA EM FIBRA DE VIDRO PELO PROCESSO DE PULTRUSÃO EM RESINA ESTERVINÍLICA AUTO-EXTINGUÍVEL, COM ABAS VOLTADAS PARA DENTRO. (LARGURA=L);COGUMELO OU SIMILAR;L=500 mm;pç 
LR-19-FF;CURVA VERTICAL INTERNA 90º, TIPO PESADO, FABRICADA EM FIBRA DE VIDRO PELO PROCESSO DE PULTRUSÃO EM RESINA ESTERVINÍLICA AUTO-EXTINGUÍVEL, COM ABAS VOLTADAS PARA DENTRO. (LARGURA=L);COGUMELO OU SIMILAR;L=600 mm;pç 
LR-19-II;CURVA VERTICAL INTERNA 90º, TIPO PESADO, FABRICADA EM FIBRA DE VIDRO PELO PROCESSO DE PULTRUSÃO EM RESINA ESTERVINÍLICA AUTO-EXTINGUÍVEL, COM ABAS VOLTADAS PARA DENTRO. (LARGURA=L);COGUMELO OU SIMILAR;L=800 mm;pç 
EF-09-06;"DUTO NA COR PRETA COM CORRUGAÇÃO HELICOIDAL, PARA PROTEÇÃO DE CABOS SUBTERRÂNEOS, FABRICADO EM POLIETILENO DE ALTA DENSIDADE. FORNECIDO COM ARAME GUIA E FITA DE AVISO ""ELÉTRICO/TELEFONIA"".";KANAFLEX OU SIMILAR;"2""";m 
EF-09-08;"DUTO NA COR PRETA COM CORRUGAÇÃO ELICOIDAL, PARA PROTEÇÃO DE CABOS SUBTERRÂNEOS, FABRICADO EM POLIETILENO DE ALTA DENSIDADE. FORNECIDO COM ARAME GUIA E FITA DE AVISO ""ELÉTRICO/TELEFONIA"".";KANAFLEX OU SIMILAR;"3""";m 
EF-09-09;"DUTO NA COR PRETA COM CORRUGAÇÃO ELICOIDAL, PARA PROTEÇÃO DE CABOS SUBTERRÂNEOS, FABRICADO EM POLIETILENO DE ALTA DENSIDADE. FORNECIDO COM ARAME GUIA E FITA DE AVISO ""ELÉTRICO/TELEFONIA"".";KANAFLEX OU SIMILAR;"4""";m 
EF-09-10;"DUTO NA COR PRETA COM CORRUGAÇÃO ELICOIDAL, PARA PROTEÇÃO DE CABOS SUBTERRÂNEOS, FABRICADO EM POLIETILENO DE ALTA DENSIDADE. FORNECIDO COM ARAME GUIA E FITA DE AVISO ""ELÉTRICO/TELEFONIA"".";KANAFLEX OU SIMILAR;"5""";m 
EF-09-11;"DUTO NA COR PRETA COM CORRUGAÇÃO ELICOIDAL, PARA PROTEÇÃO DE CABOS SUBTERRÂNEOS, FABRICADO EM POLIETILENO DE ALTA DENSIDADE. FORNECIDO COM ARAME GUIA E FITA DE AVISO ""ELÉTRICO/TELEFONIA"".";KANAFLEX OU SIMILAR;"6""";m 
MC-PB-C;ELETROCALHA LISA, COM TAMPA, FABRICADA EM FIBRA DE VIDRO,  COTOVELO RETO  90'.;COGUMELO OU SIMILAR;100x50mm;pç 
MC-PB-G;ELETROCALHA LISA, COM TAMPA, FABRICADA EM FIBRA DE VIDRO,  COTOVELO RETO  90'.;COGUMELO OU SIMILAR;150x100mm;pç 
MC-PB-H;ELETROCALHA LISA, COM TAMPA, FABRICADA EM FIBRA DE VIDRO,  COTOVELO RETO  90'.;COGUMELO OU SIMILAR;200x100mm;pç 
MC-QB-C;ELETROCALHA LISA, COM TAMPA, FABRICADA EM FIBRA DE VIDRO,  CRUZETA HORIZONTAL  90'.;COGUMELO OU SIMILAR;100x50mm;pç 
MC-QB-G;ELETROCALHA LISA, COM TAMPA, FABRICADA EM FIBRA DE VIDRO,  CRUZETA HORIZONTAL  90'.;COGUMELO OU SIMILAR;150x100mm;pç 
MC-QB-H;ELETROCALHA LISA, COM TAMPA, FABRICADA EM FIBRA DE VIDRO,  CRUZETA HORIZONTAL  90'.;COGUMELO OU SIMILAR;200x100mm;pç 
MC-BB-C;ELETROCALHA LISA, COM TAMPA, FABRICADA EM FIBRA DE VIDRO,  CURVA HORIZONTAL 90'.;COGUMELO OU SIMILAR;100x50mm;pç 
MC-BB-G;ELETROCALHA LISA, COM TAMPA, FABRICADA EM FIBRA DE VIDRO,  CURVA HORIZONTAL 90'.;COGUMELO OU SIMILAR;150x100mm;pç 
MC-BB-H;ELETROCALHA LISA, COM TAMPA, FABRICADA EM FIBRA DE VIDRO,  CURVA HORIZONTAL 90'.;COGUMELO OU SIMILAR;200x100mm;pç 
MC-FB-C;ELETROCALHA LISA, COM TAMPA, FABRICADA EM FIBRA DE VIDRO,  CURVA VERTICAL EXTERNA 90'.;COGUMELO OU SIMILAR;100x50mm;pç 
MC-FB-G;ELETROCALHA LISA, COM TAMPA, FABRICADA EM FIBRA DE VIDRO,  CURVA VERTICAL EXTERNA 90'.;COGUMELO OU SIMILAR;150x100mm;pç 
MC-FB-H;ELETROCALHA LISA, COM TAMPA, FABRICADA EM FIBRA DE VIDRO,  CURVA VERTICAL EXTERNA 90'.;COGUMELO OU SIMILAR;200x100mm;pç 
MC-DB-C;ELETROCALHA LISA, COM TAMPA, FABRICADA EM FIBRA DE VIDRO,  CURVA VERTICAL INTERNA 90'.;COGUMELO OU SIMILAR;100x50mm;pç 
MC-DB-G;ELETROCALHA LISA, COM TAMPA, FABRICADA EM FIBRA DE VIDRO,  CURVA VERTICAL INTERNA 90'.;COGUMELO OU SIMILAR;150x100mm;pç 
MC-DB-H;ELETROCALHA LISA, COM TAMPA, FABRICADA EM FIBRA DE VIDRO,  CURVA VERTICAL INTERNA 90'.;COGUMELO OU SIMILAR;200x100mm;pç 
MC-IB-C;ELETROCALHA LISA, COM TAMPA, FABRICADA EM FIBRA DE VIDRO,  TE HORIZONTAL  90'.;COGUMELO OU SIMILAR;100x50mm;pç 
MC-IB-G;ELETROCALHA LISA, COM TAMPA, FABRICADA EM FIBRA DE VIDRO,  TE HORIZONTAL  90'.;COGUMELO OU SIMILAR;150x100mm;pç 
MC-IB-H;ELETROCALHA LISA, COM TAMPA, FABRICADA EM FIBRA DE VIDRO,  TE HORIZONTAL  90'.;COGUMELO OU SIMILAR;200x100mm;pç 
MC-AA-C3;ELETROCALHA LISA, COM TAMPA, FABRICADA EM FIBRA DE VIDRO,  TRECHO RETO 3000mm.;COGUMELO OU SIMILAR;100x50mm;pç 
MC-AA-G3;ELETROCALHA LISA, COM TAMPA, FABRICADA EM FIBRA DE VIDRO,  TRECHO RETO 3000mm.;COGUMELO OU SIMILAR;150x100mm;pç 
MC-AA-H3;ELETROCALHA LISA, COM TAMPA, FABRICADA EM FIBRA DE VIDRO,  TRECHO RETO 3000mm.;COGUMELO OU SIMILAR;200x100mm;pç 
MD-PB-C;ELETROCALHA LISA, SEM TAMPA, FABRICADA EM FIBRA DE VIDRO,  COTOVELO RETO  90'.;COGUMELO OU SIMILAR;100x50mm;pç 
MD-PB-G;ELETROCALHA LISA, SEM TAMPA, FABRICADA EM FIBRA DE VIDRO,  COTOVELO RETO  90'.;COGUMELO OU SIMILAR;150x100mm;pç 
MD-PB-H;ELETROCALHA LISA, SEM TAMPA, FABRICADA EM FIBRA DE VIDRO,  COTOVELO RETO  90'.;COGUMELO OU SIMILAR;200x100mm;pç 
MD-QB-C;ELETROCALHA LISA, SEM TAMPA, FABRICADA EM FIBRA DE VIDRO,  CRUZETA HORIZONTAL  90'.;COGUMELO OU SIMILAR;100x50mm;pç 
MD-QB-G;ELETROCALHA LISA, SEM TAMPA, FABRICADA EM FIBRA DE VIDRO,  CRUZETA HORIZONTAL  90'.;COGUMELO OU SIMILAR;150x100mm;pç 
MD-QB-H;ELETROCALHA LISA, SEM TAMPA, FABRICADA EM FIBRA DE VIDRO,  CRUZETA HORIZONTAL  90'.;COGUMELO OU SIMILAR;200x100mm;pç 
MD-BB-C;ELETROCALHA LISA, SEM TAMPA, FABRICADA EM FIBRA DE VIDRO,  CURVA HORIZONTAL 90'.;COGUMELO OU SIMILAR;100x50mm;pç 
MD-BB-G;ELETROCALHA LISA, SEM TAMPA, FABRICADA EM FIBRA DE VIDRO,  CURVA HORIZONTAL 90'.;COGUMELO OU SIMILAR;150x100mm;pç 
MD-BB-H;ELETROCALHA LISA, SEM TAMPA, FABRICADA EM FIBRA DE VIDRO,  CURVA HORIZONTAL 90'.;COGUMELO OU SIMILAR;200x100mm;pç 
MD-FB-C;ELETROCALHA LISA, SEM TAMPA, FABRICADA EM FIBRA DE VIDRO,  CURVA VERTICAL EXTERNA 90'.;COGUMELO OU SIMILAR;100x50mm;pç 
MD-FB-G;ELETROCALHA LISA, SEM TAMPA, FABRICADA EM FIBRA DE VIDRO,  CURVA VERTICAL EXTERNA 90'.;COGUMELO OU SIMILAR;150x100mm;pç 
MD-FB-H;ELETROCALHA LISA, SEM TAMPA, FABRICADA EM FIBRA DE VIDRO,  CURVA VERTICAL EXTERNA 90'.;COGUMELO OU SIMILAR;200x100mm;pç 
MD-DB-C;ELETROCALHA LISA, SEM TAMPA, FABRICADA EM FIBRA DE VIDRO,  CURVA VERTICAL INTERNA 90'.;COGUMELO OU SIMILAR;100x50mm;pç 
MD-DB-G;ELETROCALHA LISA, SEM TAMPA, FABRICADA EM FIBRA DE VIDRO,  CURVA VERTICAL INTERNA 90'.;COGUMELO OU SIMILAR;150x100mm;pç 
MD-DB-H;ELETROCALHA LISA, SEM TAMPA, FABRICADA EM FIBRA DE VIDRO,  CURVA VERTICAL INTERNA 90'.;COGUMELO OU SIMILAR;200x100mm;pç 
MD-IB-C;ELETROCALHA LISA, SEM TAMPA, FABRICADA EM FIBRA DE VIDRO,  TE HORIZONTAL  90'.;COGUMELO OU SIMILAR;100x50mm;pç 
MD-IB-G;ELETROCALHA LISA, SEM TAMPA, FABRICADA EM FIBRA DE VIDRO,  TE HORIZONTAL  90'.;COGUMELO OU SIMILAR;150x100mm;pç 
MD-IB-H;ELETROCALHA LISA, SEM TAMPA, FABRICADA EM FIBRA DE VIDRO,  TE HORIZONTAL  90'.;COGUMELO OU SIMILAR;200x100mm;pç 
MD-AA-C3;ELETROCALHA LISA, SEM TAMPA, FABRICADA EM FIBRA DE VIDRO,  TRECHO RETO 3000mm.;COGUMELO OU SIMILAR;100x50mm;pç 
MD-AA-G3;ELETROCALHA LISA, SEM TAMPA, FABRICADA EM FIBRA DE VIDRO,  TRECHO RETO 3000mm.;COGUMELO OU SIMILAR;150x100mm;pç 
MD-AA-H3;ELETROCALHA LISA, SEM TAMPA, FABRICADA EM FIBRA DE VIDRO,  TRECHO RETO 3000mm.;COGUMELO OU SIMILAR;200x100mm;pç 
MB-PA-C;ELETROCALHA, FABRICADA EM CHAPA DE AÇO LISA SEM VIROLA, GALVANIZAÇÃO ELETROLÍTICA,  COTOVELO RETO 90'.;POLEODUTO OU SIMILAR;100x50mm;pç 
MB-PA-G;ELETROCALHA, FABRICADA EM CHAPA DE AÇO LISA SEM VIROLA, GALVANIZAÇÃO ELETROLÍTICA,  COTOVELO RETO 90'.;POLEODUTO OU SIMILAR;150x100mm;pç 
MB-PA-H;ELETROCALHA, FABRICADA EM CHAPA DE AÇO LISA SEM VIROLA, GALVANIZAÇÃO ELETROLÍTICA,  COTOVELO RETO 90'.;POLEODUTO OU SIMILAR;200x100mm;pç 
MB-QA-C;ELETROCALHA, FABRICADA EM CHAPA DE AÇO LISA SEM VIROLA, GALVANIZAÇÃO ELETROLÍTICA,  CRUZETA HORIZONTAL 90'.;POLEODUTO OU SIMILAR;100x50mm;pç 
MB-QA-G;ELETROCALHA, FABRICADA EM CHAPA DE AÇO LISA SEM VIROLA, GALVANIZAÇÃO ELETROLÍTICA,  CRUZETA HORIZONTAL 90'.;POLEODUTO OU SIMILAR;150x100mm;pç 
MB-QA-H;ELETROCALHA, FABRICADA EM CHAPA DE AÇO LISA SEM VIROLA, GALVANIZAÇÃO ELETROLÍTICA,  CRUZETA HORIZONTAL 90'.;POLEODUTO OU SIMILAR;200x100mm;pç 
MB-BA-C;ELETROCALHA, FABRICADA EM CHAPA DE AÇO LISA SEM VIROLA, GALVANIZAÇÃO ELETROLÍTICA,  CURVA HORIZONTAL 90'.;POLEODUTO OU SIMILAR;100x50mm;pç 
MB-BA-G;ELETROCALHA, FABRICADA EM CHAPA DE AÇO LISA SEM VIROLA, GALVANIZAÇÃO ELETROLÍTICA,  CURVA HORIZONTAL 90'.;POLEODUTO OU SIMILAR;150x100mm;pç 
MB-BA-H;ELETROCALHA, FABRICADA EM CHAPA DE AÇO LISA SEM VIROLA, GALVANIZAÇÃO ELETROLÍTICA,  CURVA HORIZONTAL 90'.;POLEODUTO OU SIMILAR;200x100mm;pç 
MB-BC-C;ELETROCALHA, FABRICADA EM CHAPA DE AÇO LISA SEM VIROLA, GALVANIZAÇÃO ELETROLÍTICA,  CURVA HORIZONTAL 45'.;POLEODUTO OU SIMILAR;100x50mm;pç 
MB-BC-G;ELETROCALHA, FABRICADA EM CHAPA DE AÇO LISA SEM VIROLA, GALVANIZAÇÃO ELETROLÍTICA,  CURVA HORIZONTAL 45'.;POLEODUTO OU SIMILAR;150x100mm;pç 
MB-BC-H;ELETROCALHA, FABRICADA EM CHAPA DE AÇO LISA SEM VIROLA, GALVANIZAÇÃO ELETROLÍTICA,  CURVA HORIZONTAL 45'.;POLEODUTO OU SIMILAR;200x100mm;pç 
MB-FA-C;ELETROCALHA, FABRICADA EM CHAPA DE AÇO LISA SEM VIROLA, GALVANIZAÇÃO ELETROLÍTICA,  CURVA VERTICAL EXTERNA 90'.;POLEODUTO OU SIMILAR;100x50mm;pç 
MB-FA-G;ELETROCALHA, FABRICADA EM CHAPA DE AÇO LISA SEM VIROLA, GALVANIZAÇÃO ELETROLÍTICA,  CURVA VERTICAL EXTERNA 90'.;POLEODUTO OU SIMILAR;150x100mm;pç 
MB-FA-H;ELETROCALHA, FABRICADA EM CHAPA DE AÇO LISA SEM VIROLA, GALVANIZAÇÃO ELETROLÍTICA,  CURVA VERTICAL EXTERNA 90'.;POLEODUTO OU SIMILAR;200x100mm;pç 
MB-DA-C;ELETROCALHA, FABRICADA EM CHAPA DE AÇO LISA SEM VIROLA, GALVANIZAÇÃO ELETROLÍTICA,  CURVA VERTICAL INTERNA 90'.;POLEODUTO OU SIMILAR;100x50mm;pç 
MB-DA-G;ELETROCALHA, FABRICADA EM CHAPA DE AÇO LISA SEM VIROLA, GALVANIZAÇÃO ELETROLÍTICA,  CURVA VERTICAL INTERNA 90'.;POLEODUTO OU SIMILAR;150x100mm;pç 
MB-DA-H;ELETROCALHA, FABRICADA EM CHAPA DE AÇO LISA SEM VIROLA, GALVANIZAÇÃO ELETROLÍTICA,  CURVA VERTICAL INTERNA 90'.;POLEODUTO OU SIMILAR;200x100mm;pç 
MB-IA-C;ELETROCALHA, FABRICADA EM CHAPA DE AÇO LISA SEM VIROLA, GALVANIZAÇÃO ELETROLÍTICA,  TE HORIZONTAL 90'.;POLEODUTO OU SIMILAR;100x50mm;pç 
MB-IA-G;ELETROCALHA, FABRICADA EM CHAPA DE AÇO LISA SEM VIROLA, GALVANIZAÇÃO ELETROLÍTICA,  TE HORIZONTAL 90'.;POLEODUTO OU SIMILAR;150x100mm;pç 
MB-IA-H;ELETROCALHA, FABRICADA EM CHAPA DE AÇO LISA SEM VIROLA, GALVANIZAÇÃO ELETROLÍTICA,  TE HORIZONTAL 90'.;POLEODUTO OU SIMILAR;200x100mm;pç 
MB-AA-C3;ELETROCALHA, FABRICADA EM CHAPA DE AÇO LISA SEM VIROLA, GALVANIZAÇÃO ELETROLÍTICA,  TRECHO RETO 3000mm.;POLEODUTO OU SIMILAR;100x50mm;pç 
MB-AA-G3;ELETROCALHA, FABRICADA EM CHAPA DE AÇO LISA SEM VIROLA, GALVANIZAÇÃO ELETROLÍTICA,  TRECHO RETO 3000mm.;POLEODUTO OU SIMILAR;150x100mm;pç 
MB-AA-H3;ELETROCALHA, FABRICADA EM CHAPA DE AÇO LISA SEM VIROLA, GALVANIZAÇÃO ELETROLÍTICA,  TRECHO RETO 3000mm.;POLEODUTO OU SIMILAR;200x100mm;pç 
MB-PB-C;ELETROCALHA, FABRICADA EM CHAPA DE AÇO LISA SEM VIROLA, GALVANIZADA A FOGO,  COTOVELO RETO 90'.;POLEODUTO OU SIMILAR;100x50mm;pç 
MB-PB-G;ELETROCALHA, FABRICADA EM CHAPA DE AÇO LISA SEM VIROLA, GALVANIZADA A FOGO,  COTOVELO RETO 90'.;POLEODUTO OU SIMILAR;150x100mm;pç 
MB-PB-H;ELETROCALHA, FABRICADA EM CHAPA DE AÇO LISA SEM VIROLA, GALVANIZADA A FOGO,  COTOVELO RETO 90'.;POLEODUTO OU SIMILAR;200x100mm;pç 
MB-QB-C;ELETROCALHA, FABRICADA EM CHAPA DE AÇO LISA SEM VIROLA, GALVANIZADA A FOGO,  CRUZETA HORIZONTAL 90'.;POLEODUTO OU SIMILAR;100x50mm;pç 
MB-QB-G;ELETROCALHA, FABRICADA EM CHAPA DE AÇO LISA SEM VIROLA, GALVANIZADA A FOGO,  CRUZETA HORIZONTAL 90'.;POLEODUTO OU SIMILAR;150x100mm;pç 
MB-QB-H;ELETROCALHA, FABRICADA EM CHAPA DE AÇO LISA SEM VIROLA, GALVANIZADA A FOGO,  CRUZETA HORIZONTAL 90'.;POLEODUTO OU SIMILAR;200x100mm;pç 
MB-BB-C;ELETROCALHA, FABRICADA EM CHAPA DE AÇO LISA SEM VIROLA, GALVANIZADA A FOGO,  CURVA HORIZONTAL 90'.;POLEODUTO OU SIMILAR;100x50mm;pç 
MB-BB-G;ELETROCALHA, FABRICADA EM CHAPA DE AÇO LISA SEM VIROLA, GALVANIZADA A FOGO,  CURVA HORIZONTAL 90'.;POLEODUTO OU SIMILAR;150x100mm;pç 
MB-BB-H;ELETROCALHA, FABRICADA EM CHAPA DE AÇO LISA SEM VIROLA, GALVANIZADA A FOGO,  CURVA HORIZONTAL 90'.;POLEODUTO OU SIMILAR;200x100mm;pç 
MB-FB-C;ELETROCALHA, FABRICADA EM CHAPA DE AÇO LISA SEM VIROLA, GALVANIZADA A FOGO,  CURVA VERTICAL EXTERNA 90'.;POLEODUTO OU SIMILAR;100x50mm;pç 
MB-FB-G;ELETROCALHA, FABRICADA EM CHAPA DE AÇO LISA SEM VIROLA, GALVANIZADA A FOGO,  CURVA VERTICAL EXTERNA 90'.;POLEODUTO OU SIMILAR;150x100mm;pç 
MB-FB-H;ELETROCALHA, FABRICADA EM CHAPA DE AÇO LISA SEM VIROLA, GALVANIZADA A FOGO,  CURVA VERTICAL EXTERNA 90'.;POLEODUTO OU SIMILAR;200x100mm;pç 
MB-DB-C;ELETROCALHA, FABRICADA EM CHAPA DE AÇO LISA SEM VIROLA, GALVANIZADA A FOGO,  CURVA VERTICAL INTERNA 90'.;POLEODUTO OU SIMILAR;100x50mm;pç 
MB-DB-G;ELETROCALHA, FABRICADA EM CHAPA DE AÇO LISA SEM VIROLA, GALVANIZADA A FOGO,  CURVA VERTICAL INTERNA 90'.;POLEODUTO OU SIMILAR;150x100mm;pç 
MB-DB-H;ELETROCALHA, FABRICADA EM CHAPA DE AÇO LISA SEM VIROLA, GALVANIZADA A FOGO,  CURVA VERTICAL INTERNA 90'.;POLEODUTO OU SIMILAR;200x100mm;pç 
MB-IB-C;ELETROCALHA, FABRICADA EM CHAPA DE AÇO LISA SEM VIROLA, GALVANIZADA A FOGO,  TE HORIZONTAL 90'.;POLEODUTO OU SIMILAR;100x50mm;pç 
MB-IB-G;ELETROCALHA, FABRICADA EM CHAPA DE AÇO LISA SEM VIROLA, GALVANIZADA A FOGO,  TE HORIZONTAL 90'.;POLEODUTO OU SIMILAR;150x100mm;pç 
MB-IB-H;ELETROCALHA, FABRICADA EM CHAPA DE AÇO LISA SEM VIROLA, GALVANIZADA A FOGO,  TE HORIZONTAL 90'.;POLEODUTO OU SIMILAR;200x100mm;pç 
MB-AB-C3;ELETROCALHA, FABRICADA EM CHAPA DE AÇO LISA SEM VIROLA, GALVANIZADA A FOGO,  TRECHO RETO 3000mm.;POLEODUTO OU SIMILAR;100x50mm;pç 
MB-AB-G3;ELETROCALHA, FABRICADA EM CHAPA DE AÇO LISA SEM VIROLA, GALVANIZADA A FOGO,  TRECHO RETO 3000mm.;POLEODUTO OU SIMILAR;150x100mm;pç 
MB-AB-H3;ELETROCALHA, FABRICADA EM CHAPA DE AÇO LISA SEM VIROLA, GALVANIZADA A FOGO,  TRECHO RETO 3000mm.;POLEODUTO OU SIMILAR;200x100mm;pç 
MH-PA-C;ELETROCALHA, FABRICADA EM CHAPA DE AÇO PERFURADA SEM VIROLA, GALVANIZAÇÃO ELETROLÍTICA,  COTOVELO RETO.;POLEODUTO OU SIMILAR;100x50mm;pç 
MH-PA-G;ELETROCALHA, FABRICADA EM CHAPA DE AÇO PERFURADA SEM VIROLA, GALVANIZAÇÃO ELETROLÍTICA,  COTOVELO RETO.;POLEODUTO OU SIMILAR;150x100mm;pç 
MH-PA-H;ELETROCALHA, FABRICADA EM CHAPA DE AÇO PERFURADA SEM VIROLA, GALVANIZAÇÃO ELETROLÍTICA,  COTOVELO RETO.;POLEODUTO OU SIMILAR;200x100mm;pç 
MH-PB-C;ELETROCALHA, FABRICADA EM CHAPA DE AÇO PERFURADA SEM VIROLA, GALVANIZAÇÃO ELETROLÍTICA,  COTOVELO RETO.;POLEODUTO OU SIMILAR;100x50mm;pç 
MH-PB-G;ELETROCALHA, FABRICADA EM CHAPA DE AÇO PERFURADA SEM VIROLA, GALVANIZAÇÃO ELETROLÍTICA,  COTOVELO RETO.;POLEODUTO OU SIMILAR;150x100mm;pç 
MH-PB-H;ELETROCALHA, FABRICADA EM CHAPA DE AÇO PERFURADA SEM VIROLA, GALVANIZAÇÃO ELETROLÍTICA,  COTOVELO RETO.;POLEODUTO OU SIMILAR;200x100mm;pç 
MH-QA-C;ELETROCALHA, FABRICADA EM CHAPA DE AÇO PERFURADA SEM VIROLA, GALVANIZAÇÃO ELETROLÍTICA,  CRUZETA HORIZONTAL 90'.;POLEODUTO OU SIMILAR;100x50mm;pç 
MH-QA-G;ELETROCALHA, FABRICADA EM CHAPA DE AÇO PERFURADA SEM VIROLA, GALVANIZAÇÃO ELETROLÍTICA,  CRUZETA HORIZONTAL 90'.;POLEODUTO OU SIMILAR;150x100mm;pç 
MH-QA-H;ELETROCALHA, FABRICADA EM CHAPA DE AÇO PERFURADA SEM VIROLA, GALVANIZAÇÃO ELETROLÍTICA,  CRUZETA HORIZONTAL 90'.;POLEODUTO OU SIMILAR;200x100mm;pç 
MH-BA-C;ELETROCALHA, FABRICADA EM CHAPA DE AÇO PERFURADA SEM VIROLA, GALVANIZAÇÃO ELETROLÍTICA,  CURVA HORIZONTAL 90'.;POLEODUTO OU SIMILAR;100x50mm;pç 
MH-BA-G;ELETROCALHA, FABRICADA EM CHAPA DE AÇO PERFURADA SEM VIROLA, GALVANIZAÇÃO ELETROLÍTICA,  CURVA HORIZONTAL 90'.;POLEODUTO OU SIMILAR;150x100mm;pç 
MH-BA-H;ELETROCALHA, FABRICADA EM CHAPA DE AÇO PERFURADA SEM VIROLA, GALVANIZAÇÃO ELETROLÍTICA,  CURVA HORIZONTAL 90'.;POLEODUTO OU SIMILAR;200x100mm;pç 
MH-FA-C;ELETROCALHA, FABRICADA EM CHAPA DE AÇO PERFURADA SEM VIROLA, GALVANIZAÇÃO ELETROLÍTICA,  CURVA VERTICAL EXTERNA 90'.;POLEODUTO OU SIMILAR;100x50mm;pç 
MH-FA-G;ELETROCALHA, FABRICADA EM CHAPA DE AÇO PERFURADA SEM VIROLA, GALVANIZAÇÃO ELETROLÍTICA,  CURVA VERTICAL EXTERNA 90'.;POLEODUTO OU SIMILAR;150x100mm;pç 
MH-FA-H;ELETROCALHA, FABRICADA EM CHAPA DE AÇO PERFURADA SEM VIROLA, GALVANIZAÇÃO ELETROLÍTICA,  CURVA VERTICAL EXTERNA 90'.;POLEODUTO OU SIMILAR;200x100mm;pç 
MH-DA-C;ELETROCALHA, FABRICADA EM CHAPA DE AÇO PERFURADA SEM VIROLA, GALVANIZAÇÃO ELETROLÍTICA,  CURVA VERTICAL INTERNA 90'.;POLEODUTO OU SIMILAR;100x50mm;pç 
MH-DA-G;ELETROCALHA, FABRICADA EM CHAPA DE AÇO PERFURADA SEM VIROLA, GALVANIZAÇÃO ELETROLÍTICA,  CURVA VERTICAL INTERNA 90'.;POLEODUTO OU SIMILAR;150x100mm;pç 
MH-DA-H;ELETROCALHA, FABRICADA EM CHAPA DE AÇO PERFURADA SEM VIROLA, GALVANIZAÇÃO ELETROLÍTICA,  CURVA VERTICAL INTERNA 90'.;POLEODUTO OU SIMILAR;200x100mm;pç 
MH-IA-C;ELETROCALHA, FABRICADA EM CHAPA DE AÇO PERFURADA SEM VIROLA, GALVANIZAÇÃO ELETROLÍTICA,  TE HORIZONTAL  90'.;POLEODUTO OU SIMILAR;100x50mm;pç 
MH-IA-G;ELETROCALHA, FABRICADA EM CHAPA DE AÇO PERFURADA SEM VIROLA, GALVANIZAÇÃO ELETROLÍTICA,  TE HORIZONTAL  90'.;POLEODUTO OU SIMILAR;150x100mm;pç 
MH-IA-H;ELETROCALHA, FABRICADA EM CHAPA DE AÇO PERFURADA SEM VIROLA, GALVANIZAÇÃO ELETROLÍTICA,  TE HORIZONTAL  90'.;POLEODUTO OU SIMILAR;200x100mm;pç 
MH-AA-C3;ELETROCALHA, FABRICADA EM CHAPA DE AÇO PERFURADA SEM VIROLA, GALVANIZAÇÃO ELETROLÍTICA,  TRECHO RETO 3000mm.;POLEODUTO OU SIMILAR;100x50mm;pç 
MH-AA-D3;ELETROCALHA, FABRICADA EM CHAPA DE AÇO PERFURADA SEM VIROLA, GALVANIZAÇÃO ELETROLÍTICA,  TRECHO RETO 3000mm.;POLEODUTO OU SIMILAR;150x50mm;pç 
MH-AA-G3;ELETROCALHA, FABRICADA EM CHAPA DE AÇO PERFURADA SEM VIROLA, GALVANIZAÇÃO ELETROLÍTICA,  TRECHO RETO 3000mm.;POLEODUTO OU SIMILAR;150x100mm;pç 
MH-AA-H3;ELETROCALHA, FABRICADA EM CHAPA DE AÇO PERFURADA SEM VIROLA, GALVANIZAÇÃO ELETROLÍTICA,  TRECHO RETO 3000mm.;POLEODUTO OU SIMILAR;200x100mm;pç 
MH-QB-C;ELETROCALHA, FABRICADA EM CHAPA DE AÇO PERFURADA SEM VIROLA, GALVANIZADA A FOGO,  CRUZETA HORIZONTAL  90'.;POLEODUTO OU SIMILAR;100x50mm;pç 
MH-QB-G;ELETROCALHA, FABRICADA EM CHAPA DE AÇO PERFURADA SEM VIROLA, GALVANIZADA A FOGO,  CRUZETA HORIZONTAL  90'.;POLEODUTO OU SIMILAR;150x100mm;pç 
MH-QB-H;ELETROCALHA, FABRICADA EM CHAPA DE AÇO PERFURADA SEM VIROLA, GALVANIZADA A FOGO,  CRUZETA HORIZONTAL  90'.;POLEODUTO OU SIMILAR;200x100mm;pç 
MH-BB-C;ELETROCALHA, FABRICADA EM CHAPA DE AÇO PERFURADA SEM VIROLA, GALVANIZADA A FOGO,  CURVA HORIZONTAL 90'.;POLEODUTO OU SIMILAR;100x50mm;pç 
MH-BB-G;ELETROCALHA, FABRICADA EM CHAPA DE AÇO PERFURADA SEM VIROLA, GALVANIZADA A FOGO,  CURVA HORIZONTAL 90'.;POLEODUTO OU SIMILAR;150x100mm;pç 
MH-BB-H;ELETROCALHA, FABRICADA EM CHAPA DE AÇO PERFURADA SEM VIROLA, GALVANIZADA A FOGO,  CURVA HORIZONTAL 90'.;POLEODUTO OU SIMILAR;200x100mm;pç 
MH-FB-C;ELETROCALHA, FABRICADA EM CHAPA DE AÇO PERFURADA SEM VIROLA, GALVANIZADA A FOGO,  CURVA VERTICAL EXTERNA 90'.;POLEODUTO OU SIMILAR;100x50mm;pç 
MH-FB-G;ELETROCALHA, FABRICADA EM CHAPA DE AÇO PERFURADA SEM VIROLA, GALVANIZADA A FOGO,  CURVA VERTICAL EXTERNA 90'.;POLEODUTO OU SIMILAR;150x100mm;pç 
MH-FB-H;ELETROCALHA, FABRICADA EM CHAPA DE AÇO PERFURADA SEM VIROLA, GALVANIZADA A FOGO,  CURVA VERTICAL EXTERNA 90'.;POLEODUTO OU SIMILAR;200x100mm;pç 
MH-DB-C;ELETROCALHA, FABRICADA EM CHAPA DE AÇO PERFURADA SEM VIROLA, GALVANIZADA A FOGO,  CURVA VERTICAL INTERNA 90'.;POLEODUTO OU SIMILAR;100x50mm;pç 
MH-DB-G;ELETROCALHA, FABRICADA EM CHAPA DE AÇO PERFURADA SEM VIROLA, GALVANIZADA A FOGO,  CURVA VERTICAL INTERNA 90'.;POLEODUTO OU SIMILAR;150x100mm;pç 
MH-DB-H;ELETROCALHA, FABRICADA EM CHAPA DE AÇO PERFURADA SEM VIROLA, GALVANIZADA A FOGO,  CURVA VERTICAL INTERNA 90'.;POLEODUTO OU SIMILAR;200x100mm;pç 
MH-IB-C;ELETROCALHA, FABRICADA EM CHAPA DE AÇO PERFURADA SEM VIROLA, GALVANIZADA A FOGO,  TE HORIZONTAL  90'.;POLEODUTO OU SIMILAR;100x50mm;pç 
MH-IB-G;ELETROCALHA, FABRICADA EM CHAPA DE AÇO PERFURADA SEM VIROLA, GALVANIZADA A FOGO,  TE HORIZONTAL  90'.;POLEODUTO OU SIMILAR;150x100mm;pç 
MH-IB-H;ELETROCALHA, FABRICADA EM CHAPA DE AÇO PERFURADA SEM VIROLA, GALVANIZADA A FOGO,  TE HORIZONTAL  90'.;POLEODUTO OU SIMILAR;200x100mm;pç 
MH-IC-C;ELETROCALHA, FABRICADA EM CHAPA DE AÇO PERFURADA SEM VIROLA, GALVANIZADA A FOGO,  TE VERTICAL DE DESCIDA.;POLEODUTO OU SIMILAR;100x50mm;pç 
MH-IC-G;ELETROCALHA, FABRICADA EM CHAPA DE AÇO PERFURADA SEM VIROLA, GALVANIZADA A FOGO,  TE VERTICAL DE DESCIDA.;POLEODUTO OU SIMILAR;150x100mm;pç 
MH-IC-H;ELETROCALHA, FABRICADA EM CHAPA DE AÇO PERFURADA SEM VIROLA, GALVANIZADA A FOGO,  TE VERTICAL DE DESCIDA.;POLEODUTO OU SIMILAR;200x100mm;pç 
MH-ID-H;ELETROCALHA, FABRICADA EM CHAPA DE AÇO PERFURADA SEM VIROLA, GALVANIZADA A FOGO,  TE VERTICAL LATERAL.;POLEODUTO OU SIMILAR;200x100mm;pç 
MH-AB-C3;ELETROCALHA, FABRICADA EM CHAPA DE AÇO PERFURADA SEM VIROLA, GALVANIZADA A FOGO,  TRECHO RETO 3000mm.;POLEODUTO OU SIMILAR;100x50mm;pç 
MH-AB-G3;ELETROCALHA, FABRICADA EM CHAPA DE AÇO PERFURADA SEM VIROLA, GALVANIZADA A FOGO,  TRECHO RETO 3000mm.;POLEODUTO OU SIMILAR;150x100mm;pç 
MH-AB-H3;ELETROCALHA, FABRICADA EM CHAPA DE AÇO PERFURADA SEM VIROLA, GALVANIZADA A FOGO,  TRECHO RETO 3000mm.;POLEODUTO OU SIMILAR;200x100mm;pç 
MH-19-C;ELETROCALHA, GANCHO VERTICAL, EM CHAPA DE AÇO GALVANIZAÇÃO ELETROLÍTICA;POLEODUTO OU SIMILAR;100x50mm;pç 
MH-19-D;ELETROCALHA, GANCHO VERTICAL, EM CHAPA DE AÇO GALVANIZAÇÃO ELETROLÍTICA;POLEODUTO OU SIMILAR;150x50mm;pç 
MH-19-G;ELETROCALHA, GANCHO VERTICAL, EM CHAPA DE AÇO GALVANIZAÇÃO ELETROLÍTICA;POLEODUTO OU SIMILAR;150x100mm;pç 
MH-19-H;ELETROCALHA, GANCHO VERTICAL, EM CHAPA DE AÇO GALVANIZAÇÃO ELETROLÍTICA;POLEODUTO OU SIMILAR;200x100mm;pç 
MH-09-C;ELETROCALHA, GANCHO VERTICAL, EM CHAPA DE AÇO GALVANIZADO A FOGO;POLEODUTO OU SIMILAR;100x50mm;pç 
MH-09-D;ELETROCALHA, GANCHO VERTICAL, EM CHAPA DE AÇO GALVANIZADO A FOGO;POLEODUTO OU SIMILAR;150x50mm;pç 
MH-09-G;ELETROCALHA, GANCHO VERTICAL, EM CHAPA DE AÇO GALVANIZADO A FOGO;POLEODUTO OU SIMILAR;150x100mm;pç 
MH-09-H;ELETROCALHA, GANCHO VERTICAL, EM CHAPA DE AÇO GALVANIZADO A FOGO;POLEODUTO OU SIMILAR;200x100mm;pç 
MH-10-82;ELETROCALHA, TALA LISA, FABRICADA EM AÇO GALVANIZAÇÃO ELETROLÍTICA. ;POLEODUTO OU SIMILAR;100(L)x100(A)mm.;pç 
MH-10-84;ELETROCALHA, TALA LISA, FABRICADA EM AÇO GALVANIZAÇÃO ELETROLÍTICA. ;POLEODUTO OU SIMILAR;100(L)x50(A)mm.;pç 
MH-10-81;ELETROCALHA, TALA LISA, FABRICADA EM AÇO GALVANIZADO A FOGO. ;POLEODUTO OU SIMILAR;100(L)x100(A)mm.;pç 
MH-10-83;ELETROCALHA, TALA LISA, FABRICADA EM AÇO GALVANIZADO A FOGO. ;POLEODUTO OU SIMILAR;100(L)x50(A)mm.;pç 
MH-11-82;ELETROCALHA, TALA PERFURADA, FABRICADA EM AÇO GALVANIZAÇÃO ELETROLÍTICA. ;POLEODUTO OU SIMILAR;160(L)x100(A)mm.;pç 
MH-11-84;ELETROCALHA, TALA PERFURADA, FABRICADA EM AÇO GALVANIZAÇÃO ELETROLÍTICA. 160(L)x50(A)mm.;POLEODUTO OU SIMILAR;160(L)x50(A)mm.;pç 
MH-11-81;ELETROCALHA, TALA PERFURADA, FABRICADA EM AÇO GALVANIZADO A FOGO. ;POLEODUTO OU SIMILAR;160(L)x100(A)mm.;pç 
MH-11-83;ELETROCALHA, TALA PERFURADA, FABRICADA EM AÇO GALVANIZADO A FOGO. ;POLEODUTO OU SIMILAR;160(L)x50(A)mm.;pç 
EH-04-01;ELETRODUTO METÁLICO FLEXÍVEL NORMAL, FABRICADO EM ESPIRAL COM FITA DE AÇO ZINCADO COMTÍNUO DE EMERSÃO A QUENTE, E REVESTIDO EXTERNAMENTE COM PVC.;S.P.T.F. OU SIMILAR;"1/2""";m 
EH-04-02;ELETRODUTO METÁLICO FLEXÍVEL NORMAL, FABRICADO EM ESPIRAL COM FITA DE AÇO ZINCADO COMTÍNUO DE EMERSÃO A QUENTE, E REVESTIDO EXTERNAMENTE COM PVC.;S.P.T.F. OU SIMILAR;"3/4""";m 
EH-04-03;ELETRODUTO METÁLICO FLEXÍVEL NORMAL, FABRICADO EM ESPIRAL COM FITA DE AÇO ZINCADO COMTÍNUO DE EMERSÃO A QUENTE, E REVESTIDO EXTERNAMENTE COM PVC.;S.P.T.F. OU SIMILAR;"1""";m 
EH-04-05;"ELETRODUTO METÁLICO FLEXÍVEL NORMAL, FABRICADO EM ESPIRAL COM FITA DE AÇO ZINCADO COMTÍNUO DE EMERSÃO A QUENTE, E REVESTIDO EXTERNAMENTE COM PVC. Ø1 1/2"". REF: SNPZ-60112";S.P.T.F. OU SIMILAR;"1 1/2""";m 
EH-04-06;ELETRODUTO METÁLICO FLEXÍVEL NORMAL, FABRICADO EM ESPIRAL COM FITA DE AÇO ZINCADO COMTÍNUO DE EMERSÃO A QUENTE, E REVESTIDO EXTERNAMENTE COM PVC.;S.P.T.F. OU SIMILAR;"2""";m 
EH-04-07;ELETRODUTO METÁLICO FLEXÍVEL NORMAL, FABRICADO EM ESPIRAL COM FITA DE AÇO ZINCADO COMTÍNUO DE EMERSÃO A QUENTE, E REVESTIDO EXTERNAMENTE COM PVC.;S.P.T.F. OU SIMILAR;"2 1/2""";m 
EH-04-08;ELETRODUTO METÁLICO FLEXÍVEL NORMAL, FABRICADO EM ESPIRAL COM FITA DE AÇO ZINCADO COMTÍNUO DE EMERSÃO A QUENTE, E REVESTIDO EXTERNAMENTE COM PVC.;S.P.T.F. OU SIMILAR;"3""";m 
EH-04-09;ELETRODUTO METÁLICO FLEXÍVEL NORMAL, FABRICADO EM ESPIRAL COM FITA DE AÇO ZINCADO COMTÍNUO DE EMERSÃO A QUENTE, E REVESTIDO EXTERNAMENTE COM PVC.;S.P.T.F. OU SIMILAR;"4""";m 
EF-01-01;"ELETRODUTO TIPO PESADO DE PVC RÍGIDO, ROSCA NAS DUAS EXTREMIDADES, EM VARAS DE 3m, NA COR PRETA. 1/2"" - BSP";TIGRE OU SIMILAR;"1/2"" - BSP";pç 
EF-01-02;ELETRODUTO TIPO PESADO DE PVC RÍGIDO, ROSCA NAS DUAS EXTREMIDADES, EM VARAS DE 3m, NA COR PRETA.;TIGRE OU SIMILAR;"3/4"" - BSP";pç 
EF-01-03;ELETRODUTO TIPO PESADO DE PVC RÍGIDO, ROSCA NAS DUAS EXTREMIDADES, EM VARAS DE 3m, NA COR PRETA.;TIGRE OU SIMILAR;"1"" - BSP";pç 
EF-01-04;ELETRODUTO TIPO PESADO DE PVC RÍGIDO, ROSCA NAS DUAS EXTREMIDADES, EM VARAS DE 3m, NA COR PRETA.;TIGRE OU SIMILAR;"1 1/4"" - BSP";pç 
EF-01-05;ELETRODUTO TIPO PESADO DE PVC RÍGIDO, ROSCA NAS DUAS EXTREMIDADES, EM VARAS DE 3m, NA COR PRETA.;TIGRE OU SIMILAR;"1 1/2"" - BSP";pç 
EF-01-06;ELETRODUTO TIPO PESADO DE PVC RÍGIDO, ROSCA NAS DUAS EXTREMIDADES, EM VARAS DE 3m, NA COR PRETA.;TIGRE OU SIMILAR;"2"" - BSP";pç 
EF-01-07;ELETRODUTO TIPO PESADO DE PVC RÍGIDO, ROSCA NAS DUAS EXTREMIDADES, EM VARAS DE 3m, NA COR PRETA.;TIGRE OU SIMILAR;"2 1/2"" - BSP";pç 
EF-01-08;ELETRODUTO TIPO PESADO DE PVC RÍGIDO, ROSCA NAS DUAS EXTREMIDADES, EM VARAS DE 3m, NA COR PRETA.;TIGRE OU SIMILAR;"3"" - BSP";pç 
EF-01-09;ELETRODUTO TIPO PESADO DE PVC RÍGIDO, ROSCA NAS DUAS EXTREMIDADES, EM VARAS DE 3m, NA COR PRETA.;TIGRE OU SIMILAR;"4"" - BSP";pç 
EA-05-01;ELETRODUTO TIPO PESADO, FABRICADO COM TUBO DE AÇO CARBONO COM COSTURA (REBARBA DE SOLDA INTERNA REMOVIDA) GALVANIZADO A FOGO, CONFORME NORMA NBR-5624, FORNECIDO EM BARRAS COM 3 METROS DE COMPRIMENTO, COM UMA LUVA EM UMA DAS EXTREMIDADES E UM PROTETOR DE ROSCA NA OUTRA.;ELECOM OU SIMILAR;"1/2"" BSP";pç 
EA-05-02;"ELETRODUTO TIPO PESADO, FABRICADO COM TUBO DE AÇO CARBONO COM COSTURA (REBARBA DE SOLDA INTERNA REMOVIDA) GALVANIZADO A FOGO, CONFORME NORMA NBR-5624, FORNECIDO EM BARRAS COM 3 METROS DE COMPRIMENTO, COM UMA LUVA EM UMA DAS EXTREMIDADES E UM PROTETOR DE ROSCA NA OUTRA. 3/4"" BSP";ELECOM OU SIMILAR;"3/4"" BSP";pç 
EA-05-03;ELETRODUTO TIPO PESADO, FABRICADO COM TUBO DE AÇO CARBONO COM COSTURA (REBARBA DE SOLDA INTERNA REMOVIDA) GALVANIZADO A FOGO, CONFORME NORMA NBR-5624, FORNECIDO EM BARRAS COM 3 METROS DE COMPRIMENTO, COM UMA LUVA EM UMA DAS EXTREMIDADES E UM PROTETOR DE ROSCA NA OUTRA.;ELECOM OU SIMILAR;"1"" BSP";pç 
EA-05-05;ELETRODUTO TIPO PESADO, FABRICADO COM TUBO DE AÇO CARBONO COM COSTURA (REBARBA DE SOLDA INTERNA REMOVIDA) GALVANIZADO A FOGO, CONFORME NORMA NBR-5624, FORNECIDO EM BARRAS COM 3 METROS DE COMPRIMENTO, COM UMA LUVA EM UMA DAS EXTREMIDADES E UM PROTETOR DE ROSCA NA OUTRA.;ELECOM OU SIMILAR;"1 1/2"" BSP";pç 
EA-05-06;ELETRODUTO TIPO PESADO, FABRICADO COM TUBO DE AÇO CARBONO COM COSTURA (REBARBA DE SOLDA INTERNA REMOVIDA) GALVANIZADO A FOGO, CONFORME NORMA NBR-5624, FORNECIDO EM BARRAS COM 3 METROS DE COMPRIMENTO, COM UMA LUVA EM UMA DAS EXTREMIDADES E UM PROTETOR DE ROSCA NA OUTRA.;ELECOM OU SIMILAR;"2"" BSP";pç 
EA-05-07;ELETRODUTO TIPO PESADO, FABRICADO COM TUBO DE AÇO CARBONO COM COSTURA (REBARBA DE SOLDA INTERNA REMOVIDA) GALVANIZADO A FOGO, CONFORME NORMA NBR-5624, FORNECIDO EM BARRAS COM 3 METROS DE COMPRIMENTO, COM UMA LUVA EM UMA DAS EXTREMIDADES E UM PROTETOR DE ROSCA NA OUTRA.;ELECOM OU SIMILAR;"2 1/2"" BSP";pç 
EA-05-08;ELETRODUTO TIPO PESADO, FABRICADO COM TUBO DE AÇO CARBONO COM COSTURA (REBARBA DE SOLDA INTERNA REMOVIDA) GALVANIZADO A FOGO, CONFORME NORMA NBR-5624, FORNECIDO EM BARRAS COM 3 METROS DE COMPRIMENTO, COM UMA LUVA EM UMA DAS EXTREMIDADES E UM PROTETOR DE ROSCA NA OUTRA.;ELECOM OU SIMILAR;"3"" BSP";pç 
EA-05-09;ELETRODUTO TIPO PESADO, FABRICADO COM TUBO DE AÇO CARBONO COM COSTURA (REBARBA DE SOLDA INTERNA REMOVIDA) GALVANIZADO A FOGO, CONFORME NORMA NBR-5624, FORNECIDO EM BARRAS COM 3 METROS DE COMPRIMENTO, COM UMA LUVA EM UMA DAS EXTREMIDADES E UM PROTETOR DE ROSCA NA OUTRA.;ELECOM OU SIMILAR;"4""      BSP";pç 
EA-02-01;"ELETRODUTO TIPO PESADO, FABRICADO COM TUBO DE AÇO CARBONO COM COSTURA (REBARBA DE SOLDA INTERNA REMOVIDA) GALVANIZAÇÃO ELETROLÍTICA, FORNECIDO EM BARRAS COM 3 METROS DE COMPRIMENTO, COM UMA LUVA EM UMA DAS EXTREMIDADES E UM PROTETOR DE ROSCA NA OUTRA. 1/2"" BSP";ELECOM OU SIMILAR;"1/2"" BSP";pç 
EA-02-02;ELETRODUTO TIPO PESADO, FABRICADO COM TUBO DE AÇO CARBONO COM COSTURA (REBARBA DE SOLDA INTERNA REMOVIDA) GALVANIZANIZAÇÃO ELETROLÍTICA, FORNECIDO EM BARRAS COM 3 METROS DE COMPRIMENTO, COM UMA LUVA EM UMA DAS EXTREMIDADES E UM PROTETOR DE ROSCA NA OUTRA.;ELECOM OU SIMILAR;"3/4"" BSP";pç 
EA-02-03;ELETRODUTO TIPO PESADO, FABRICADO COM TUBO DE AÇO CARBONO COM COSTURA (REBARBA DE SOLDA INTERNA REMOVIDA) GALVANIZANIZAÇÃO ELETROLÍTICA, FORNECIDO EM BARRAS COM 3 METROS DE COMPRIMENTO, COM UMA LUVA EM UMA DAS EXTREMIDADES E UM PROTETOR DE ROSCA NA OUTRA.;ELECOM OU SIMILAR;"1"" BSP";pç 
EA-02-04;ELETRODUTO TIPO PESADO, FABRICADO COM TUBO DE AÇO CARBONO COM COSTURA (REBARBA DE SOLDA INTERNA REMOVIDA) GALVANIZANIZAÇÃO ELETROLÍTICA, FORNECIDO EM BARRAS COM 3 METROS DE COMPRIMENTO, COM UMA LUVA EM UMA DAS EXTREMIDADES E UM PROTETOR DE ROSCA NA OUTRA.;ELECOM OU SIMILAR;"1 1/4"" BSP";pç 
EA-02-05;ELETRODUTO TIPO PESADO, FABRICADO COM TUBO DE AÇO CARBONO COM COSTURA (REBARBA DE SOLDA INTERNA REMOVIDA) GALVANIZANIZAÇÃO ELETROLÍTICA, FORNECIDO EM BARRAS COM 3 METROS DE COMPRIMENTO, COM UMA LUVA EM UMA DAS EXTREMIDADES E UM PROTETOR DE ROSCA NA OUTRA.;ELECOM OU SIMILAR;"1 1/2"" BSP";pç 
EA-02-06;ELETRODUTO TIPO PESADO, FABRICADO COM TUBO DE AÇO CARBONO COM COSTURA (REBARBA DE SOLDA INTERNA REMOVIDA) GALVANIZANIZAÇÃO ELETROLÍTICA, FORNECIDO EM BARRAS COM 3 METROS DE COMPRIMENTO, COM UMA LUVA EM UMA DAS EXTREMIDADES E UM PROTETOR DE ROSCA NA OUTRA.;ELECOM OU SIMILAR;"2"" BSP";pç 
EA-02-07;ELETRODUTO TIPO PESADO, FABRICADO COM TUBO DE AÇO CARBONO COM COSTURA (REBARBA DE SOLDA INTERNA REMOVIDA) GALVANIZANIZAÇÃO ELETROLÍTICA, FORNECIDO EM BARRAS COM 3 METROS DE COMPRIMENTO, COM UMA LUVA EM UMA DAS EXTREMIDADES E UM PROTETOR DE ROSCA NA OUTRA.;ELECOM OU SIMILAR;"2 1/2"" BSP";pç 
EA-02-08;ELETRODUTO TIPO PESADO, FABRICADO COM TUBO DE AÇO CARBONO COM COSTURA (REBARBA DE SOLDA INTERNA REMOVIDA) GALVANIZANIZAÇÃO ELETROLÍTICA, FORNECIDO EM BARRAS COM 3 METROS DE COMPRIMENTO, COM UMA LUVA EM UMA DAS EXTREMIDADES E UM PROTETOR DE ROSCA NA OUTRA.;ELECOM OU SIMILAR;"3"" BSP";pç 
EA-02-09;ELETRODUTO TIPO PESADO, FABRICADO COM TUBO DE AÇO CARBONO COM COSTURA (REBARBA DE SOLDA INTERNA REMOVIDA) GALVANIZANIZAÇÃO ELETROLÍTICA, FORNECIDO EM BARRAS COM 3 METROS DE COMPRIMENTO, COM UMA LUVA EM UMA DAS EXTREMIDADES E UM PROTETOR DE ROSCA NA OUTRA.;ELECOM OU SIMILAR;"4""      BSP";pç 
EA-02-01;"ELETRODUTO TIPO PESADO, FABRICADO COM TUBO DE AÇO CARBONO COM COSTURA (REBARBA DE SOLDA INTERNA REMOVIDA) GALVANIZAÇÃO ELETROLÍTICA, FORNECIDO EM BARRAS COM 3 METROS DE COMPRIMENTO, COM UMA LUVA EM UMA DAS EXTREMIDADES E UM PROTETOR DE ROSCA NA OUTRA. 1/2"" BSP";ELECOM OU SIMILAR;"1/2"" BSP";pç 
EA-02-02;ELETRODUTO TIPO PESADO, FABRICADO COM TUBO DE AÇO CARBONO COM COSTURA (REBARBA DE SOLDA INTERNA REMOVIDA) GALVANIZANIZAÇÃO ELETROLÍTICA, FORNECIDO EM BARRAS COM 3 METROS DE COMPRIMENTO, COM UMA LUVA EM UMA DAS EXTREMIDADES E UM PROTETOR DE ROSCA NA OUTRA.;ELECOM OU SIMILAR;"3/4"" BSP";pç 
EA-02-03;ELETRODUTO TIPO PESADO, FABRICADO COM TUBO DE AÇO CARBONO COM COSTURA (REBARBA DE SOLDA INTERNA REMOVIDA) GALVANIZANIZAÇÃO ELETROLÍTICA, FORNECIDO EM BARRAS COM 3 METROS DE COMPRIMENTO, COM UMA LUVA EM UMA DAS EXTREMIDADES E UM PROTETOR DE ROSCA NA OUTRA.;ELECOM OU SIMILAR;"1"" BSP";pç 
EA-02-04;ELETRODUTO TIPO PESADO, FABRICADO COM TUBO DE AÇO CARBONO COM COSTURA (REBARBA DE SOLDA INTERNA REMOVIDA) GALVANIZANIZAÇÃO ELETROLÍTICA, FORNECIDO EM BARRAS COM 3 METROS DE COMPRIMENTO, COM UMA LUVA EM UMA DAS EXTREMIDADES E UM PROTETOR DE ROSCA NA OUTRA.;ELECOM OU SIMILAR;"1 1/4"" BSP";pç 
EA-02-05;ELETRODUTO TIPO PESADO, FABRICADO COM TUBO DE AÇO CARBONO COM COSTURA (REBARBA DE SOLDA INTERNA REMOVIDA) GALVANIZANIZAÇÃO ELETROLÍTICA, FORNECIDO EM BARRAS COM 3 METROS DE COMPRIMENTO, COM UMA LUVA EM UMA DAS EXTREMIDADES E UM PROTETOR DE ROSCA NA OUTRA.;ELECOM OU SIMILAR;"1 1/2"" BSP";pç 
EA-02-06;ELETRODUTO TIPO PESADO, FABRICADO COM TUBO DE AÇO CARBONO COM COSTURA (REBARBA DE SOLDA INTERNA REMOVIDA) GALVANIZANIZAÇÃO ELETROLÍTICA, FORNECIDO EM BARRAS COM 3 METROS DE COMPRIMENTO, COM UMA LUVA EM UMA DAS EXTREMIDADES E UM PROTETOR DE ROSCA NA OUTRA.;ELECOM OU SIMILAR;"2"" BSP";pç 
EA-02-07;ELETRODUTO TIPO PESADO, FABRICADO COM TUBO DE AÇO CARBONO COM COSTURA (REBARBA DE SOLDA INTERNA REMOVIDA) GALVANIZANIZAÇÃO ELETROLÍTICA, FORNECIDO EM BARRAS COM 3 METROS DE COMPRIMENTO, COM UMA LUVA EM UMA DAS EXTREMIDADES E UM PROTETOR DE ROSCA NA OUTRA.;ELECOM OU SIMILAR;"2 1/2"" BSP";pç 
EA-02-08;ELETRODUTO TIPO PESADO, FABRICADO COM TUBO DE AÇO CARBONO COM COSTURA (REBARBA DE SOLDA INTERNA REMOVIDA) GALVANIZANIZAÇÃO ELETROLÍTICA, FORNECIDO EM BARRAS COM 3 METROS DE COMPRIMENTO, COM UMA LUVA EM UMA DAS EXTREMIDADES E UM PROTETOR DE ROSCA NA OUTRA.;ELECOM OU SIMILAR;"3"" BSP";pç 
EA-02-09;ELETRODUTO TIPO PESADO, FABRICADO COM TUBO DE AÇO CARBONO COM COSTURA (REBARBA DE SOLDA INTERNA REMOVIDA) GALVANIZANIZAÇÃO ELETROLÍTICA, FORNECIDO EM BARRAS COM 3 METROS DE COMPRIMENTO, COM UMA LUVA EM UMA DAS EXTREMIDADES E UM PROTETOR DE ROSCA NA OUTRA.;ELECOM OU SIMILAR;"4""      BSP";pç 
EA-02-01;"ELETRODUTO TIPO PESADO, FABRICADO COM TUBO DE AÇO CARBONO COM COSTURA (REBARBA DE SOLDA INTERNA REMOVIDA) GALVANIZAÇÃO ELETROLÍTICA, FORNECIDO EM BARRAS COM 3 METROS DE COMPRIMENTO, COM UMA LUVA EM UMA DAS EXTREMIDADES E UM PROTETOR DE ROSCA NA OUTRA. 1/2"" BSP";ELECOM OU SIMILAR;"1/2"" BSP";pç 
EA-02-02;ELETRODUTO TIPO PESADO, FABRICADO COM TUBO DE AÇO CARBONO COM COSTURA (REBARBA DE SOLDA INTERNA REMOVIDA) GALVANIZANIZAÇÃO ELETROLÍTICA, FORNECIDO EM BARRAS COM 3 METROS DE COMPRIMENTO, COM UMA LUVA EM UMA DAS EXTREMIDADES E UM PROTETOR DE ROSCA NA OUTRA.;ELECOM OU SIMILAR;"3/4"" BSP";pç 
EA-02-03;ELETRODUTO TIPO PESADO, FABRICADO COM TUBO DE AÇO CARBONO COM COSTURA (REBARBA DE SOLDA INTERNA REMOVIDA) GALVANIZANIZAÇÃO ELETROLÍTICA, FORNECIDO EM BARRAS COM 3 METROS DE COMPRIMENTO, COM UMA LUVA EM UMA DAS EXTREMIDADES E UM PROTETOR DE ROSCA NA OUTRA.;ELECOM OU SIMILAR;"1"" BSP";pç 
EA-02-04;ELETRODUTO TIPO PESADO, FABRICADO COM TUBO DE AÇO CARBONO COM COSTURA (REBARBA DE SOLDA INTERNA REMOVIDA) GALVANIZANIZAÇÃO ELETROLÍTICA, FORNECIDO EM BARRAS COM 3 METROS DE COMPRIMENTO, COM UMA LUVA EM UMA DAS EXTREMIDADES E UM PROTETOR DE ROSCA NA OUTRA.;ELECOM OU SIMILAR;"1 1/4"" BSP";pç 
EA-02-05;ELETRODUTO TIPO PESADO, FABRICADO COM TUBO DE AÇO CARBONO COM COSTURA (REBARBA DE SOLDA INTERNA REMOVIDA) GALVANIZANIZAÇÃO ELETROLÍTICA, FORNECIDO EM BARRAS COM 3 METROS DE COMPRIMENTO, COM UMA LUVA EM UMA DAS EXTREMIDADES E UM PROTETOR DE ROSCA NA OUTRA.;ELECOM OU SIMILAR;"1 1/2"" BSP";pç 
EA-02-06;ELETRODUTO TIPO PESADO, FABRICADO COM TUBO DE AÇO CARBONO COM COSTURA (REBARBA DE SOLDA INTERNA REMOVIDA) GALVANIZANIZAÇÃO ELETROLÍTICA, FORNECIDO EM BARRAS COM 3 METROS DE COMPRIMENTO, COM UMA LUVA EM UMA DAS EXTREMIDADES E UM PROTETOR DE ROSCA NA OUTRA.;ELECOM OU SIMILAR;"2"" BSP";pç 
EA-02-07;ELETRODUTO TIPO PESADO, FABRICADO COM TUBO DE AÇO CARBONO COM COSTURA (REBARBA DE SOLDA INTERNA REMOVIDA) GALVANIZANIZAÇÃO ELETROLÍTICA, FORNECIDO EM BARRAS COM 3 METROS DE COMPRIMENTO, COM UMA LUVA EM UMA DAS EXTREMIDADES E UM PROTETOR DE ROSCA NA OUTRA.;ELECOM OU SIMILAR;"2 1/2"" BSP";pç 
EA-02-08;ELETRODUTO TIPO PESADO, FABRICADO COM TUBO DE AÇO CARBONO COM COSTURA (REBARBA DE SOLDA INTERNA REMOVIDA) GALVANIZANIZAÇÃO ELETROLÍTICA, FORNECIDO EM BARRAS COM 3 METROS DE COMPRIMENTO, COM UMA LUVA EM UMA DAS EXTREMIDADES E UM PROTETOR DE ROSCA NA OUTRA.;ELECOM OU SIMILAR;"3"" BSP";pç 
EA-02-09;ELETRODUTO TIPO PESADO, FABRICADO COM TUBO DE AÇO CARBONO COM COSTURA (REBARBA DE SOLDA INTERNA REMOVIDA) GALVANIZANIZAÇÃO ELETROLÍTICA, FORNECIDO EM BARRAS COM 3 METROS DE COMPRIMENTO, COM UMA LUVA EM UMA DAS EXTREMIDADES E UM PROTETOR DE ROSCA NA OUTRA.;ELECOM OU SIMILAR;"4""      BSP";pç 
RC-16-07;FECHO DENTADO PARA FITA DE AÇO INOX AISI 304 PARA CINTAR POSTE.;FECHOMETAL OU SIMILAR;"1/2""";pç 
AN-01-A4;FIO DE COBRE NU, CLASSE 1B, E PESO LÍQUIDO NOMINAL 56,34 kg/km.;CONDUSPAR OU SIMILAR;6 mm²;m 
RC-16-01;FITA DE AÇO INOX AISI 304 PARA CINTAR POSTE;FECHOMETAL OU SIMILAR;"0,5 mm x 1/4""";m 
RC-16-02;FITA DE AÇO INOX AISI 304 PARA CINTAR POSTE;FECHOMETAL OU SIMILAR;"0,5 mm x 3/8""";m 
RC-16-03;FITA DE AÇO INOX AISI 304 PARA CINTAR POSTE;FECHOMETAL OU SIMILAR;"0,5 mm x 1/2""";m 
LP-11-CC;FIXAÇÃO PARA TAMPA DE LEITO DE CABOS EM FIBRA DE VIDRO, FABRICADA EM AÇO INOX,;COGUMELO OU SIMILAR;ALT=100mm;pç 
GA-08-01;"GRAMPO ""C"",  FABRICADO EM AÇO GALVANIZADO A FRIO, FORNECIDO COM PORCAS, PARAFUSO.";POLEODUTO OU SIMILAR;"3/8""";pç 
GA-07-01;"GRAMPO ""U"" TIPO PESADO, FABRICADO COM VERGALHÃO DE AÇO SAE1010/1020 COM GALVANIZAÇÃO ELETROLITICA, FORNECIDO COM DUAS PORCAS SEXTAVADAS E DUAS ARRUELAS DE PRESSÃO DO MESMO MATERIAL.";NUTSTEEL OU SIMILAR;"1/2""";pç 
GA-07-02;"GRAMPO ""U"" TIPO PESADO, FABRICADO COM VERGALHÃO DE AÇO SAE1010/1020 COM GALVANIZAÇÃO ELETROLITICA, FORNECIDO COM DUAS PORCAS SEXTAVADAS E DUAS ARRUELAS DE PRESSÃO DO MESMO MATERIAL.";NUTSTEEL OU SIMILAR;"3/4""";pç 
GA-07-03;"GRAMPO ""U"" TIPO PESADO, FABRICADO COM VERGALHÃO DE AÇO SAE1010/1020 COM GALVANIZAÇÃO ELETROLITICA, FORNECIDO COM DUAS PORCAS SEXTAVADAS E DUAS ARRUELAS DE PRESSÃO DO MESMO MATERIAL.";NUTSTEEL OU SIMILAR;"1""";pç 
GA-07-05;"GRAMPO ""U"" TIPO PESADO, FABRICADO COM VERGALHÃO DE AÇO SAE1010/1020 COM GALVANIZAÇÃO ELETROLITICA, FORNECIDO COM DUAS PORCAS SEXTAVADAS E DUAS ARRUELAS DE PRESSÃO DO MESMO MATERIAL.";NUTSTEEL OU SIMILAR;"1 1/2""";pç 
GA-07-06;"GRAMPO ""U"" TIPO PESADO, FABRICADO COM VERGALHÃO DE AÇO SAE1010/1020 COM GALVANIZAÇÃO ELETROLITICA, FORNECIDO COM DUAS PORCAS SEXTAVADAS E DUAS ARRUELAS DE PRESSÃO DO MESMO MATERIAL, 2""";NUTSTEEL OU SIMILAR;"2""";pç 
GA-07-07;"GRAMPO ""U"" TIPO PESADO, FABRICADO COM VERGALHÃO DE AÇO SAE1010/1020 COM GALVANIZAÇÃO ELETROLITICA, FORNECIDO COM DUAS PORCAS SEXTAVADAS E DUAS ARRUELAS DE PRESSÃO DO MESMO MATERIAL.";NUTSTEEL OU SIMILAR;"2 1/2""";pç 
GA-07-08;"GRAMPO ""U"" TIPO PESADO, FABRICADO COM VERGALHÃO DE AÇO SAE1010/1020 COM GALVANIZAÇÃO ELETROLITICA, FORNECIDO COM DUAS PORCAS SEXTAVADAS E DUAS ARRUELAS DE PRESSÃO DO MESMO MATERIAL.";NUTSTEEL OU SIMILAR;"3""";pç 
GA-07-09;"GRAMPO ""U"" TIPO PESADO, FABRICADO COM VERGALHÃO DE AÇO SAE1010/1020 COM GALVANIZAÇÃO ELETROLITICA, FORNECIDO COM DUAS PORCAS SEXTAVADAS E DUAS ARRUELAS DE PRESSÃO DO MESMO MATERIAL.";NUTSTEEL OU SIMILAR;"4""";pç 
GA-27-09;"GRAMPO ""U"" TIPO PESADO, FABRICADO COM VERGALHÃO DE AÇO SAE1010/1020 COM GALVANIZAÇÃO ELETROLITICA, FORNECIDO COM DUAS PORCAS SEXTAVADAS E DUAS ARRUELAS DE PRESSÃO DO MESMO MATERIAL.";NUTSTEEL OU SIMILAR;"4""";pç 
GA-27-01;"GRAMPO ""U"" TIPO PESADO, FABRICADO COM VERGALHÃO DE AÇO SAE1010/1020 COM GALVANIZADO A FOGO, FORNECIDO COM DUAS PORCAS SEXTAVADAS E DUAS ARRUELAS DE PRESSÃO DO MESMO MATERIAL.";NUTSTEEL OU SIMILAR;"1/2""";pç 
GA-27-02;"GRAMPO ""U"" TIPO PESADO, FABRICADO COM VERGALHÃO DE AÇO SAE1010/1020 COM GALVANIZADO A FOGO, FORNECIDO COM DUAS PORCAS SEXTAVADAS E DUAS ARRUELAS DE PRESSÃO DO MESMO MATERIAL.";NUTSTEEL OU SIMILAR;"3/4""";pç 
GA-27-03;"GRAMPO ""U"" TIPO PESADO, FABRICADO COM VERGALHÃO DE AÇO SAE1010/1020 COM GALVANIZADO A FOGO, FORNECIDO COM DUAS PORCAS SEXTAVADAS E DUAS ARRUELAS DE PRESSÃO DO MESMO MATERIAL.";NUTSTEEL OU SIMILAR;"1""";pç 
GA-27-05;"GRAMPO ""U"" TIPO PESADO, FABRICADO COM VERGALHÃO DE AÇO SAE1010/1020 COM GALVANIZADO A FOGO, FORNECIDO COM DUAS PORCAS SEXTAVADAS E DUAS ARRUELAS DE PRESSÃO DO MESMO MATERIAL.";NUTSTEEL OU SIMILAR;"1 1/2""";pç 
GA-27-06;"GRAMPO ""U"" TIPO PESADO, FABRICADO COM VERGALHÃO DE AÇO SAE1010/1020 COM GALVANIZADO A FOGO, FORNECIDO COM DUAS PORCAS SEXTAVADAS E DUAS ARRUELAS DE PRESSÃO DO MESMO MATERIAL.";NUTSTEEL OU SIMILAR;"2""";pç 
GA-27-07;"GRAMPO ""U"" TIPO PESADO, FABRICADO COM VERGALHÃO DE AÇO SAE1010/1020 COM GALVANIZADO A FOGO, FORNECIDO COM DUAS PORCAS SEXTAVADAS E DUAS ARRUELAS DE PRESSÃO DO MESMO MATERIAL.";NUTSTEEL OU SIMILAR;"2 1/2""";pç 
GA-27-08;"GRAMPO ""U"" TIPO PESADO, FABRICADO COM VERGALHÃO DE AÇO SAE1010/1020 COM GALVANIZADO A FOGO, FORNECIDO COM DUAS PORCAS SEXTAVADAS E DUAS ARRUELAS DE PRESSÃO DO MESMO MATERIAL.";NUTSTEEL OU SIMILAR;"3""";pç 
AJ-01-3A;"GRAMPO DE ATERRAMENTO - PARA LIGAÇOES DE CABO EM HASTE E/OU TUBO, EM BRONZE C/ PARAFUSO EM ""U"", PORCAS E ARRUELAS DE PRESSÃO, EM BRONZE SILICIOSO ""DURIUM"".";BURNDY OU SIMILAR;25mm  10 - 25 mm2;pç 
AJ-01-3B;"GRAMPO DE ATERRAMENTO - PARA LIGAÇOES DE CABO EM HASTE E/OU TUBO, EM BRONZE C/ PARAFUSO EM ""U"", PORCAS E ARRUELAS DE PRESSÃO, EM BRONZE SILICIOSO ""DURIUM"".";BURNDY OU SIMILAR;25mm  25 - 70 mm2;pç 
AJ-01-3C;"GRAMPO DE ATERRAMENTO - PARA LIGAÇOES DE CABO EM HASTE E/OU TUBO, EM BRONZE C/ PARAFUSO EM ""U"", PORCAS E ARRUELAS DE PRESSÃO, EM BRONZE SILICIOSO ""DURIUM"".";BURNDY OU SIMILAR;25mm  70 - 120 mm2;pç 
AJ-05-2A;GRAMPO DE ATERRAMENTO - PARA LIGAÇOES DE CABOS PARALELOS EM HASTE, EM BRONZE C/ PARAFUSOS, PORCAS E ARRUELAS DE PRESSÃO EM BRONZE SILICIOSO DURIUM OU AÇO.;BURNDY OU SIMILAR;19 mm 25 - 70 mm2;pç 
AJ-05-2B;GRAMPO DE ATERRAMENTO - PARA LIGAÇOES DE CABOS PARALELOS EM HASTE, EM BRONZE C/ PARAFUSOS, PORCAS E ARRUELAS DE PRESSÃO EM BRONZE SILICIOSO DURIUM OU AÇO.;BURNDY OU SIMILAR;19 mm 70 - 120 mm2;pç 
AJ-01-2A;"GRAMPO DE ATERRAMENTO, PARA LIGAÇOES DE CABO EM HASTE, FABRICADO EM BRONZE COM PARAFUSO EM ""U"", FORNECIDO COM PORCAS E ARRUELAS DE PRESSÃO, EM BRONZE SILICIOSO ""DURIUM"".";BURNDY OU SIMILAR;19 mm  10 - 25 mm2;pç 
AJ-01-2B;"GRAMPO DE ATERRAMENTO, PARA LIGAÇOES DE CABO EM HASTE, FABRICADO EM BRONZE COM PARAFUSO EM ""U"", FORNECIDO COM PORCAS E ARRUELAS DE PRESSÃO, EM BRONZE SILICIOSO ""DURIUM"".";BURNDY OU SIMILAR;19 mm 25 - 70 mm2;pç 
AJ-01-2C;"GRAMPO DE ATERRAMENTO, PARA LIGAÇOES DE CABO EM HASTE, FABRICADO EM BRONZE COM PARAFUSO EM ""U"", FORNECIDO COM PORCAS E ARRUELAS DE PRESSÃO, EM BRONZE SILICIOSO ""DURIUM"".";BURNDY OU SIMILAR;19 mm 70 - 150 mm2;pç 
AJ-01-2D;"GRAMPO DE ATERRAMENTO, PARA LIGAÇOES DE CABO EM HASTE, FABRICADO EM BRONZE COM PARAFUSO EM ""U"", FORNECIDO COM PORCAS E ARRUELAS DE PRESSÃO, EM BRONZE SILICIOSO ""DURIUM"".";BURNDY OU SIMILAR;19 mm 150 - 300 mm2;pç 
AJ-05-1B;GRAMPO DE ATERRAMENTO, PARA LIGAÇOES DE CABOS PARALELOS EM HASTE, FABRICADO EM BRONZE, FORNECIDO COM PARAFUSOS, PORCAS E ARRUELAS DE PRESSÃO EM BRONZE SILICIOSO DURIUM.;BURNDY OU SIMILAR;19mm 10 - 25mm2;pç 
DC-01-51;GRAMPO PARALELO PARA 2 CABOS DE COBRE, FABRICADO EM BRONZE, COM PARAFUSOS, PORCAS E ARRUELAS DE PRESSÃO EM BRONZE SILICIOSO (DURIUM).;BURNDY OU SIMILAR;8-8;pç 
DC-01-52;GRAMPO PARALELO PARA 2 CABOS DE COBRE, FABRICADO EM BRONZE, COM PARAFUSOS, PORCAS E ARRUELAS DE PRESSÃO EM BRONZE SILICIOSO (DURIUM).;BURNDY OU SIMILAR;6-8;pç 
DC-01-53;GRAMPO PARALELO PARA 2 CABOS DE COBRE, FABRICADO EM BRONZE, COM PARAFUSOS, PORCAS E ARRUELAS DE PRESSÃO EM BRONZE SILICIOSO (DURIUM).;BURNDY OU SIMILAR;6-6;pç 
DC-01-54;GRAMPO PARALELO PARA 2 CABOS DE COBRE, FABRICADO EM BRONZE, COM PARAFUSOS, PORCAS E ARRUELAS DE PRESSÃO EM BRONZE SILICIOSO (DURIUM).;BURNDY OU SIMILAR;4-8;pç 
DC-01-55;GRAMPO PARALELO PARA 2 CABOS DE COBRE, FABRICADO EM BRONZE, COM PARAFUSOS, PORCAS E ARRUELAS DE PRESSÃO EM BRONZE SILICIOSO (DURIUM).;BURNDY OU SIMILAR;4-6;pç 
DC-01-56;GRAMPO PARALELO PARA 2 CABOS DE COBRE, FABRICADO EM BRONZE, COM PARAFUSOS, PORCAS E ARRUELAS DE PRESSÃO EM BRONZE SILICIOSO (DURIUM).;BURNDY OU SIMILAR;4-4;pç 
DC-01-57;GRAMPO PARALELO PARA 2 CABOS DE COBRE, FABRICADO EM BRONZE, COM PARAFUSOS, PORCAS E ARRUELAS DE PRESSÃO EM BRONZE SILICIOSO (DURIUM).;BURNDY OU SIMILAR;2 - 8;pç 
DC-01-58;GRAMPO PARALELO PARA 2 CABOS DE COBRE, FABRICADO EM BRONZE, COM PARAFUSOS, PORCAS E ARRUELAS DE PRESSÃO EM BRONZE SILICIOSO (DURIUM).;BURNDY OU SIMILAR;2 - 6;pç 
DC-01-59;GRAMPO PARALELO PARA 2 CABOS DE COBRE, FABRICADO EM BRONZE, COM PARAFUSOS, PORCAS E ARRUELAS DE PRESSÃO EM BRONZE SILICIOSO (DURIUM).;BURNDY OU SIMILAR;2 - 4;pç 
DC-01-60;GRAMPO PARALELO PARA 2 CABOS DE COBRE, FABRICADO EM BRONZE, COM PARAFUSOS, PORCAS E ARRUELAS DE PRESSÃO EM BRONZE SILICIOSO (DURIUM).;BURNDY OU SIMILAR;2 - 2;pç 
DC-01-61;GRAMPO PARALELO PARA 2 CABOS DE COBRE, FABRICADO EM BRONZE, COM PARAFUSOS, PORCAS E ARRUELAS DE PRESSÃO EM BRONZE SILICIOSO (DURIUM).;BURNDY OU SIMILAR;1/0 - 8;pç 
DC-01-62;GRAMPO PARALELO PARA 2 CABOS DE COBRE, FABRICADO EM BRONZE, COM PARAFUSOS, PORCAS E ARRUELAS DE PRESSÃO EM BRONZE SILICIOSO (DURIUM).;BURNDY OU SIMILAR;1/0 - 6;pç 
DC-01-63;GRAMPO PARALELO PARA 2 CABOS DE COBRE, FABRICADO EM BRONZE, COM PARAFUSOS, PORCAS E ARRUELAS DE PRESSÃO EM BRONZE SILICIOSO (DURIUM).;BURNDY OU SIMILAR;1/0 - 4;pç 
DC-01-64;GRAMPO PARALELO PARA 2 CABOS DE COBRE, FABRICADO EM BRONZE, COM PARAFUSOS, PORCAS E ARRUELAS DE PRESSÃO EM BRONZE SILICIOSO (DURIUM).;BURNDY OU SIMILAR;1/0 - 2;pç 
DC-01-65;GRAMPO PARALELO PARA 2 CABOS DE COBRE, FABRICADO EM BRONZE, COM PARAFUSOS, PORCAS E ARRUELAS DE PRESSÃO EM BRONZE SILICIOSO (DURIUM).;BURNDY OU SIMILAR;1/0 - 1/0;pç 
DC-01-66;GRAMPO PARALELO PARA 2 CABOS DE COBRE, FABRICADO EM BRONZE, COM PARAFUSOS, PORCAS E ARRUELAS DE PRESSÃO EM BRONZE SILICIOSO (DURIUM).;BURNDY OU SIMILAR;2/0 - 8;pç 
DC-01-67;GRAMPO PARALELO PARA 2 CABOS DE COBRE, FABRICADO EM BRONZE, COM PARAFUSOS, PORCAS E ARRUELAS DE PRESSÃO EM BRONZE SILICIOSO (DURIUM).;BURNDY OU SIMILAR;2/0 - 6;pç 
DC-01-68;GRAMPO PARALELO PARA 2 CABOS DE COBRE, FABRICADO EM BRONZE, COM PARAFUSOS, PORCAS E ARRUELAS DE PRESSÃO EM BRONZE SILICIOSO (DURIUM).;BURNDY OU SIMILAR;2/0 - 4;pç 
DC-01-69;GRAMPO PARALELO PARA 2 CABOS DE COBRE, FABRICADO EM BRONZE, COM PARAFUSOS, PORCAS E ARRUELAS DE PRESSÃO EM BRONZE SILICIOSO (DURIUM).;BURNDY OU SIMILAR;2/0 - 2;pç 
DC-01-70;GRAMPO PARALELO PARA 2 CABOS DE COBRE, FABRICADO EM BRONZE, COM PARAFUSOS, PORCAS E ARRUELAS DE PRESSÃO EM BRONZE SILICIOSO (DURIUM).;BURNDY OU SIMILAR;2/0 - 1/0;pç 
DC-01-71;GRAMPO PARALELO PARA 2 CABOS DE COBRE, FABRICADO EM BRONZE, COM PARAFUSOS, PORCAS E ARRUELAS DE PRESSÃO EM BRONZE SILICIOSO (DURIUM).;BURNDY OU SIMILAR;2/0 - 2/0;pç 
DC-01-72;GRAMPO PARALELO PARA 2 CABOS DE COBRE, FABRICADO EM BRONZE, COM PARAFUSOS, PORCAS E ARRUELAS DE PRESSÃO EM BRONZE SILICIOSO (DURIUM).;BURNDY OU SIMILAR;3/0 - 6;pç 
DC-01-73;GRAMPO PARALELO PARA 2 CABOS DE COBRE, FABRICADO EM BRONZE, COM PARAFUSOS, PORCAS E ARRUELAS DE PRESSÃO EM BRONZE SILICIOSO (DURIUM).;BURNDY OU SIMILAR;3/0 - 2;pç 
DC-01-75;GRAMPO PARALELO PARA 2 CABOS DE COBRE, FABRICADO EM BRONZE, COM PARAFUSOS, PORCAS E ARRUELAS DE PRESSÃO EM BRONZE SILICIOSO (DURIUM).;BURNDY OU SIMILAR;3/0 - 1/0;pç 
DC-01-76;GRAMPO PARALELO PARA 2 CABOS DE COBRE, FABRICADO EM BRONZE, COM PARAFUSOS, PORCAS E ARRUELAS DE PRESSÃO EM BRONZE SILICIOSO (DURIUM).;BURNDY OU SIMILAR;3/0 - 2/0;pç 
DC-01-77;GRAMPO PARALELO PARA 2 CABOS DE COBRE, FABRICADO EM BRONZE, COM PARAFUSOS, PORCAS E ARRUELAS DE PRESSÃO EM BRONZE SILICIOSO (DURIUM).;BURNDY OU SIMILAR;3/0 - 3/0;pç 
DC-01-78;GRAMPO PARALELO PARA 2 CABOS DE COBRE, FABRICADO EM BRONZE, COM PARAFUSOS, PORCAS E ARRUELAS DE PRESSÃO EM BRONZE SILICIOSO (DURIUM).;BURNDY OU SIMILAR;4/0-4;pç 
DC-01-79;GRAMPO PARALELO PARA 2 CABOS DE COBRE, FABRICADO EM BRONZE, COM PARAFUSOS, PORCAS E ARRUELAS DE PRESSÃO EM BRONZE SILICIOSO (DURIUM).;BURNDY OU SIMILAR;4/0-2;pç 
DC-01-80;GRAMPO PARALELO PARA 2 CABOS DE COBRE, FABRICADO EM BRONZE, COM PARAFUSOS, PORCAS E ARRUELAS DE PRESSÃO EM BRONZE SILICIOSO (DURIUM).;BURNDY OU SIMILAR;4/0-1/0;pç 
DC-01-81;GRAMPO PARALELO PARA 2 CABOS DE COBRE, FABRICADO EM BRONZE, COM PARAFUSOS, PORCAS E ARRUELAS DE PRESSÃO EM BRONZE SILICIOSO (DURIUM).;BURNDY OU SIMILAR;4/0-2/0;pç 
DC-01-82;GRAMPO PARALELO PARA 2 CABOS DE COBRE, FABRICADO EM BRONZE, COM PARAFUSOS, PORCAS E ARRUELAS DE PRESSÃO EM BRONZE SILICIOSO (DURIUM).;BURNDY OU SIMILAR;4/0-3/0;pç 
DC-01-83;GRAMPO PARALELO PARA 2 CABOS DE COBRE, FABRICADO EM BRONZE, COM PARAFUSOS, PORCAS E ARRUELAS DE PRESSÃO EM BRONZE SILICIOSO (DURIUM).;BURNDY OU SIMILAR;4/0-4/0;pç 
DC-01-86;GRAMPO PARALELO PARA 2 CABOS DE COBRE, FABRICADO EM BRONZE, COM PARAFUSOS, PORCAS E ARRUELAS DE PRESSÃO EM BRONZE SILICIOSO (DURIUM).;BURNDY OU SIMILAR;250 - 1/0;pç 
DC-01-91;GRAMPO PARALELO PARA 2 CABOS DE COBRE, FABRICADO EM BRONZE, COM PARAFUSOS, PORCAS E ARRUELAS DE PRESSÃO EM BRONZE SILICIOSO (DURIUM).;BURNDY OU SIMILAR;300-1/0;pç 
DC-01-92;GRAMPO PARALELO PARA 2 CABOS DE COBRE, FABRICADO EM BRONZE, COM PARAFUSOS, PORCAS E ARRUELAS DE PRESSÃO EM BRONZE SILICIOSO (DURIUM).;BURNDY OU SIMILAR;300-2/0;pç 
DC-01-93;GRAMPO PARALELO PARA 2 CABOS DE COBRE, FABRICADO EM BRONZE, COM PARAFUSOS, PORCAS E ARRUELAS DE PRESSÃO EM BRONZE SILICIOSO (DURIUM).;BURNDY OU SIMILAR;300-3/0;pç 
DC-01-94;GRAMPO PARALELO PARA 2 CABOS DE COBRE, FABRICADO EM BRONZE, COM PARAFUSOS, PORCAS E ARRUELAS DE PRESSÃO EM BRONZE SILICIOSO (DURIUM).;BURNDY OU SIMILAR;300-4/0;pç 
DC-01-96;GRAMPO PARALELO PARA 2 CABOS DE COBRE, FABRICADO EM BRONZE, COM PARAFUSOS, PORCAS E ARRUELAS DE PRESSÃO EM BRONZE SILICIOSO (DURIUM).;BURNDY OU SIMILAR;300-300;pç 
LP-07-81;GRAPA UNIVERSAL, PARA FIXAÇÃO DE LEITO PARA CABOS, FABRICADA EM FIBRA DE VIDRO.;COGUMELO OU SIMILAR;;pç 
LH-07-81;GRAPA, PARA FIXAÇÃO DE LEITO PARA CABOS, FABRICADA EM CHAPA DE AÇO GALVANIZAÇÃO ELETROLÍTICA.;POLEODUTO OU SIMILAR;;pç 
LD-07-81;GRAPA, PARA FIXAÇÃO DE LEITO PARA CABOS, FABRICADA EM CHAPA DE AÇO GALVANIZADO A FOGO.;POLEODUTO OU SIMILAR;;pç 
AA-01-02;HASTE DE ATERRAMENTO COBREADA COM ALTA CAMADA.;TERMOTÉCNICA OU SIMILAR;"3000mm x 3/4""";pç 
BA-24-P;"INTERRUPTOR BIPOLAR INTERMEDIÁRIO, 10A-250V, MONTADO EM CONDULETE ""C"", DIÂMETRO 3/4"", ROSCA BSP, FABRICADO EM LIGA DE ALUMINIO FUNDIDO, FORNECIDO COM JUNTA DE VEDAÇÃO EM NEOPRENE, ACABAMENTO NA COR CINZA MARTELADO. (CONDULETE/TAMPA/INTERRUPTOR)";WETZEL OU SIMILAR;10A - 250V;pç 
BA-24-N;"INTERRUPTOR BIPOLAR PARALELO, 10A-250V, MONTADO EM CONDULETE ""C"", DIÂMETRO 3/4"", ROSCA BSP, FABRICADO EM LIGA DE ALUMINIO FUNDIDO, FORNECIDO COM JUNTA DE VEDAÇÃO EM NEOPRENE, ACABAMENTO NA COR CINZA MARTELADO. (CONDULETE/TAMPA/INTERRUPTOR)";WETZEL OU SIMILAR;10A - 250V;pç 
BA-25-N;"INTERRUPTOR PARALELO, 10A-250V, MONTADO EM CONDULETE ""C"", DIÂMETRO 3/4"", ROSCA BSP, FABRICADO EM LIGA DE ALUMINIO FUNDIDO, FORNECIDO COM JUNTA DE VEDAÇÃO EM NEOPRENE, ACABAMENTO NA COR CINZA MARTELADO. (CONDULETE/TAMPA/INTERRUPTOR)";WETZEL OU SIMILAR;10A - 250V;pç 
BC-03-M1;"INTERRUPTOR BIPOLAR SIMPLES, 10A-250V, MONTADO EM CONDULETE ""C"", DIÂMETRO 3/4"", ROSCA BSP, FABRICADO EM LIGA DE ALUMINIO FUNDIDO, FORNECIDO COM JUNTA DE VEDAÇÃO EM NEOPRENE, ACABAMENTO NA COR CINZA MARTELADO. (CONDULETE/TAMPA/INTERRUPTOR)";WETZEL OU SIMILAR;10A - 250V;pç 
BC-03-M2;"INTERRUPTOR SIMPLES, 10A-250V, MONTADO EM CONDULETE ""C"", DIÂMETRO 3/4"", ROSCA BSP, FABRICADO EM LIGA DE ALUMINIO FUNDIDO, FORNECIDO COM JUNTA DE VEDAÇÃO EM NEOPRENE, ACABAMENTO NA COR CINZA MARTELADO. (CONDULETE/TAMPA/INTERRUPTOR)";WETZEL OU SIMILAR;10A - 250V;pç 
BC-02-52;INTERRUPTOR DE ALAVANCA BIPOLAR 25A-220V, A PROVA DE TEMPO UMIDADE,GASES,VAPORES E PO, EM CAIXA DE ALUMÍNIO OU FERRO  FUNDIDO ZINCADO A FRIO;NUTSTEEL OU SIMILAR;2P-20A-250V;pç 
BC-02-53;INTERRUPTOR DE ALAVANCA BIPOLAR 25A-220V, A PROVA DE TEMPO UMIDADE,GASES,VAPORES E PO, EM CAIXA DE ALUMÍNIO OU FERRO  FUNDIDO ZINCADO A FRIO;NUTSTEEL OU SIMILAR;2P-30A-250V;pç 
BC-02-51;INTERRUPTOR DE ALAVANCA BIPOLAR, A PROVA DE TEMPO E JATO D'ÁGUA, FORNECIDO EM CAIXA DE ALUMÍNIO FUNDIDO, ACABAMNETO EM REVESTIMENTO ANTICORROSICO NA COR CINZA TEXTURIZADO.;NUTSTEEL OU SIMILAR;2P-10A-250V;pç 
BC-04-51;INTERRUPTOR DE ALAVANCA PARA CIRCUITOS TRIFASICOS COM  FUSÍVEIS,500 V, A PROVA DE TEMPO, UMIDADE,GASES,VAPORES E PO, EM CAIXA DE ALUMÍNIO NA COR CINZA MARTELADO.;BLINDA OU SIMILAR;100 A;pç 
BC-04-52;INTERRUPTOR DE ALAVANCA PARA CIRCUITOS TRIFASICOS COM  FUSÍVEIS,500 V, A PROVA DE TEMPO, UMIDADE,GASES,VAPORES E PO, EM CAIXA DE ALUMÍNIO NA COR CINZA MARTELADO.;BLINDA OU SIMILAR;150 A;pç 
BC-04-53;INTERRUPTOR DE ALAVANCA PARA CIRCUITOS TRIFASICOS COM  FUSÍVEIS,500 V, A PROVA DE TEMPO, UMIDADE,GASES,VAPORES E PO, EM CAIXA DE ALUMÍNIO NA COR CINZA MARTELADO.;BLINDA OU SIMILAR;250 A;pç 
BC-04-54;INTERRUPTOR DE ALAVANCA PARA CIRCUITOS TRIFASICOS COM  FUSÍVEIS,500 V, A PROVA DE TEMPO, UMIDADE,GASES,VAPORES E PO, EM CAIXA DE ALUMÍNIO NA COR CINZA MARTELADO.;BLINDA OU SIMILAR;400 A;pç 
BC-04-55;INTERRUPTOR DE ALAVANCA PARA CIRCUITOS TRIFASICOS COM  FUSÍVEIS,500 V, A PROVA DE TEMPO, UMIDADE,GASES,VAPORES E PO, EM CAIXA DE ALUMÍNIO NA COR CINZA MARTELADO.;BLINDA OU SIMILAR;600 A;pç 
BC-03-51;INTERRUPTOR DE ALAVANCA PARA CIRCUITOS TRIFASICOS Sem FUSÍVEIS, 500V, A PROVA DE TEMPO, UMIDADE, GASES, VAPORES E PO,  EM CAIXA DE LIGA DE ALUMÍNIO NA COR CINZA MARTELADO.;BLINDA OU SIMILAR;100 A;pç 
BC-03-52;INTERRUPTOR DE ALAVANCA PARA CIRCUITOS TRIFASICOS Sem FUSÍVEIS, 500V, A PROVA DE TEMPO, UMIDADE, GASES, VAPORES E PO,  EM CAIXA DE LIGA DE ALUMÍNIO NA COR CINZA MARTELADO.;BLINDA OU SIMILAR;150 A;pç 
BC-03-53;INTERRUPTOR DE ALAVANCA PARA CIRCUITOS TRIFASICOS Sem FUSÍVEIS, 500V, A PROVA DE TEMPO, UMIDADE, GASES, VAPORES E PO,  EM CAIXA DE LIGA DE ALUMÍNIO NA COR CINZA MARTELADO.;BLINDA OU SIMILAR;250 A;pç 
BC-03-54;INTERRUPTOR DE ALAVANCA PARA CIRCUITOS TRIFASICOS Sem FUSÍVEIS, 500V, A PROVA DE TEMPO, UMIDADE, GASES, VAPORES E PO,  EM CAIXA DE LIGA DE ALUMÍNIO NA COR CINZA MARTELADO.;BLINDA OU SIMILAR;400 A;pç 
BC-03-55;INTERRUPTOR DE ALAVANCA PARA CIRCUITOS TRIFASICOS Sem FUSÍVEIS, 500V, A PROVA DE TEMPO, UMIDADE, GASES, VAPORES E PO,  EM CAIXA DE LIGA DE ALUMÍNIO NA COR CINZA MARTELADO.;BLINDA OU SIMILAR;600 A;pç 
BC-02-P2;"INTERRUPTORES BIPOLARES INTERMEDIÁRIOS (DOIS) 10A - 250V, MONTADOS EM CAIXA DE LIGAÇÃO DUPLA TIPO ""CD"", FABRICADA EM ALUMÍNIO FUNDIDO, COM ENTRADAS ROSQUEADAS  Ø 3/4"" BSP, FORNECIDA COM TAMPA FIXADAS POR MEIO DE PARAFUSOS,  NA COR CINZA.";WETZEL OU SIMILAR;10A - 250V;pç 
BC-02-N2;"INTERRUPTORES BIPOLARES PARALELOS (DOIS) 10A - 250V, MONTADOS EM CAIXA DE LIGAÇÃO DUPLA TIPO ""CD"", FABRICADA EM ALUMÍNIO FUNDIDO, COM ENTRADAS ROSQUEADAS  Ø 3/4"" BSP, FORNECIDA COM TAMPA FIXADAS POR MEIO DE PARAFUSOS,  NA COR CINZA.";WETZEL OU SIMILAR;10A - 250V;pç 
BC-03-N2;"INTERRUPTORES BIPOLARES PARALELOS (TRÊS) 10A - 250V, MONTADOS EM CAIXA DE LIGAÇÃO TRIPLA TIPO ""CT"", FABRICADO EM LIGA DE ALUMINIO FUNDIDO, COM ENTRADAS ROSQUEADAS Ø 3/4"" BSP, FORNECIDO COM JUNTA DE VEDAÇÃO EM NEOPRENE, ACABAMENTO NA COR CINZA MARTELADO. (CONDULETE/TAMPA/INTERRUPTOR)";WETZEL OU SIMILAR;10A - 250V;pç 
BC-02-M1;"INTERRUPTORES BIPOLARES SIMPLES (DOIS) 10A - 250V, MONTADOS EM CAIXA DE LIGAÇÃO DUPLA TIPO ""CD"", FABRICADO EM LIGA DE ALUMINIO FUNDIDO, COM ENTRADAS ROSQUEADAS Ø 3/4"" BSP, FORNECIDO COM JUNTA DE VEDAÇÃO EM NEOPRENE, ACABAMENTO NA COR CINZA MARTELADO. (CONDULETE/TAMPA/INTERRUPTOR).";WETZEL OU SIMILAR;10A - 250V;pç 
BC-02-M2;"INTERRUPTORES BIPOLARES SIMPLES (DOIS) 10A - 250V, MONTADOS EM CAIXA DE LIGAÇÃO DUPLA TIPO ""ED"", FABRICADO EM LIGA DE ALUMINIO FUNDIDO, COM ENTRADAS ROSQUEADAS Ø 3/4"" BSP, FORNECIDO COM JUNTA DE VEDAÇÃO EM NEOPRENE, ACABAMENTO NA COR CINZA MARTELADO. (CONDULETE/TAMPA/INTERRUPTOR).";WETZEL OU SIMILAR;10A - 250V;pç 
AK-08-B2;"ISOLADOR CILINDRICO EM POLYESTER COM 2 FUROS  DIÂMETRO 1/4"".";CONTAPAR OU SIMILAR;Diâmetro 14 x 14mm;pç 
RE-12-51;ISOLADOR FABRICADO EM PORCELANA MARROM, FORNECIDO COM PINO.;STA.TEREZINHA;0,7 - 2 kV;pç 
LD-02-81;JUNÇÃO 90', PARA LEITO COM LONGARINAS DE 100mm, FABRICADA EM CHAPA DE AÇO GALVANIZADO A FOGO.;POLEODUTO OU SIMILAR;90mm;pç 
LH-02-81;JUNÇÃO 90', PARA LEITO COM LONGARINAS DE 100mm, FABRICADO EM CHAPA DE AÇO GALVANIZAÇÃO ELETROLÍTICA.;POLEODUTO OU SIMILAR;90mm;pç 
LP-08-DE;JUNÇÃO À DIREITA 45º, TIPO LEVE-E, FABRICADA EM FIBRA DE VIDRO PELO PROCESSO DE PULTRUSÃO EM RESINA ESTERVINÍLICA AUTO-EXTINGUÍVEL, COM ABAS VOLTADAS PARA DENTRO. (LARGURA=L);COGUMELO OU SIMILAR;L=400 mm;pç 
LP-08-FE;JUNÇÃO À DIREITA 45º, TIPO LEVE-E, FABRICADA EM FIBRA DE VIDRO PELO PROCESSO DE PULTRUSÃO EM RESINA ESTERVINÍLICA AUTO-EXTINGUÍVEL, COM ABAS VOLTADAS PARA DENTRO. (LARGURA=L);COGUMELO OU SIMILAR;L=600 mm;pç 
LP-08-IE;JUNÇÃO À DIREITA 45º, TIPO LEVE-E, FABRICADA EM FIBRA DE VIDRO PELO PROCESSO DE PULTRUSÃO EM RESINA ESTERVINÍLICA AUTO-EXTINGUÍVEL, COM ABAS VOLTADAS PARA DENTRO. (LARGURA=L);COGUMELO OU SIMILAR;L=800 mm;pç 
LP-18-DE;JUNÇÃO À DIREITA 90º, TIPO LEVE-E, FABRICADA EM FIBRA DE VIDRO PELO PROCESSO DE PULTRUSÃO EM RESINA ESTERVINÍLICA AUTO-EXTINGUÍVEL, COM ABAS VOLTADAS PARA DENTRO. (LARGURA=L, RAIO=R);COGUMELO OU SIMILAR;L=400 mm R=300mm;pç 
LP-18-FE;JUNÇÃO À DIREITA 90º, TIPO LEVE-E, FABRICADA EM FIBRA DE VIDRO PELO PROCESSO DE PULTRUSÃO EM RESINA ESTERVINÍLICA AUTO-EXTINGUÍVEL, COM ABAS VOLTADAS PARA DENTRO. (LARGURA=L, RAIO=R);COGUMELO OU SIMILAR;L=600 mm R=300mm;pç 
LP-18-IE;JUNÇÃO À DIREITA 90º, TIPO LEVE-E, FABRICADA EM FIBRA DE VIDRO PELO PROCESSO DE PULTRUSÃO EM RESINA ESTERVINÍLICA AUTO-EXTINGUÍVEL, COM ABAS VOLTADAS PARA DENTRO. (LARGURA=L, RAIO=R);COGUMELO OU SIMILAR;L=800 mm R=300mm;pç 
LP-28-DE;JUNÇÃO À DIREITA 90º, TIPO LEVE-E, FABRICADA EM FIBRA DE VIDRO PELO PROCESSO DE PULTRUSÃO EM RESINA ESTERVINÍLICA AUTO-EXTINGUÍVEL, COM ABAS VOLTADAS PARA DENTRO. (LARGURA=L, RAIO=R);COGUMELO OU SIMILAR;L=400 mm R=600mm;pç 
LP-28-FE;JUNÇÃO À DIREITA 90º, TIPO LEVE-E, FABRICADA EM FIBRA DE VIDRO PELO PROCESSO DE PULTRUSÃO EM RESINA ESTERVINÍLICA AUTO-EXTINGUÍVEL, COM ABAS VOLTADAS PARA DENTRO. (LARGURA=L, RAIO=R);COGUMELO OU SIMILAR;L=600 mm R=600mm;pç 
LP-28-IE;JUNÇÃO À DIREITA 90º, TIPO LEVE-E, FABRICADA EM FIBRA DE VIDRO PELO PROCESSO DE PULTRUSÃO EM RESINA ESTERVINÍLICA AUTO-EXTINGUÍVEL, COM ABAS VOLTADAS PARA DENTRO. (LARGURA=L, RAIO=R);COGUMELO OU SIMILAR;L=800 mm R=600mm;pç 
LP-09-DE;JUNÇÃO À ESQUERDA 45º, TIPO LEVE-E, FABRICADA EM FIBRA DE VIDRO PELO PROCESSO DE PULTRUSÃO EM RESINA ESTERVINÍLICA AUTO-EXTINGUÍVEL, COM ABAS VOLTADAS PARA DENTRO. (LARGURA=L);COGUMELO OU SIMILAR;L=400 mm;pç 
LP-09-FE;JUNÇÃO À ESQUERDA 45º, TIPO LEVE-E, FABRICADA EM FIBRA DE VIDRO PELO PROCESSO DE PULTRUSÃO EM RESINA ESTERVINÍLICA AUTO-EXTINGUÍVEL, COM ABAS VOLTADAS PARA DENTRO. (LARGURA=L);COGUMELO OU SIMILAR;L=600 mm;pç 
LP-09-IE;JUNÇÃO À ESQUERDA 45º, TIPO LEVE-E, FABRICADA EM FIBRA DE VIDRO PELO PROCESSO DE PULTRUSÃO EM RESINA ESTERVINÍLICA AUTO-EXTINGUÍVEL, COM ABAS VOLTADAS PARA DENTRO. (LARGURA=L);COGUMELO OU SIMILAR;L=800 mm;pç 
LP-19-DE;JUNÇÃO À ESQUERDA 90º, TIPO LEVE-E, FABRICADA EM FIBRA DE VIDRO PELO PROCESSO DE PULTRUSÃO EM RESINA ESTERVINÍLICA AUTO-EXTINGUÍVEL, COM ABAS VOLTADAS PARA DENTRO. (LARGURA=L, RAIO=R);COGUMELO OU SIMILAR;L=400 mm R=300mm;pç 
LP-19-FE;JUNÇÃO À ESQUERDA 90º, TIPO LEVE-E, FABRICADA EM FIBRA DE VIDRO PELO PROCESSO DE PULTRUSÃO EM RESINA ESTERVINÍLICA AUTO-EXTINGUÍVEL, COM ABAS VOLTADAS PARA DENTRO. (LARGURA=L, RAIO=R);COGUMELO OU SIMILAR;L=600 mm R=300mm;pç 
LP-19-IE;JUNÇÃO À ESQUERDA 90º, TIPO LEVE-E, FABRICADA EM FIBRA DE VIDRO PELO PROCESSO DE PULTRUSÃO EM RESINA ESTERVINÍLICA AUTO-EXTINGUÍVEL, COM ABAS VOLTADAS PARA DENTRO. (LARGURA=L, RAIO=R);COGUMELO OU SIMILAR;L=800 mm R=300mm;pç 
LP-29-DE;JUNÇÃO À ESQUERDA 90º, TIPO LEVE-E, FABRICADA EM FIBRA DE VIDRO PELO PROCESSO DE PULTRUSÃO EM RESINA ESTERVINÍLICA AUTO-EXTINGUÍVEL, COM ABAS VOLTADAS PARA DENTRO. (LARGURA=L, RAIO=R);COGUMELO OU SIMILAR;L=400 mm R=600mm;pç 
LP-29-FE;JUNÇÃO À ESQUERDA 90º, TIPO LEVE-E, FABRICADA EM FIBRA DE VIDRO PELO PROCESSO DE PULTRUSÃO EM RESINA ESTERVINÍLICA AUTO-EXTINGUÍVEL, COM ABAS VOLTADAS PARA DENTRO. (LARGURA=L, RAIO=R);COGUMELO OU SIMILAR;L=600 mm R=600mm;pç 
LP-29-IE;JUNÇÃO À ESQUERDA 90º, TIPO LEVE-E, FABRICADA EM FIBRA DE VIDRO PELO PROCESSO DE PULTRUSÃO EM RESINA ESTERVINÍLICA AUTO-EXTINGUÍVEL, COM ABAS VOLTADAS PARA DENTRO. (LARGURA=L, RAIO=R);COGUMELO OU SIMILAR;L=800 mm R=600mm;pç 
LH-03-81;JUNÇÃO ARTICULADA, PARA LEITO COM LONGARINAS DE 100mm, FABRICADA EM CHAPA DE AÇO GALVANIZAÇÃO ELETROLÍTICA.;POLEODUTO OU SIMILAR;90mm;pç 
LD-03-81;JUNÇÃO ARTICULADA, PARA LEITO COM LONGARINAS DE 100mm, FABRICADA EM CHAPA DE AÇO GALVANIZADO A FOGO.;POLEODUTO OU SIMILAR;90mm;pç 
LH-01-81;JUNÇÃO SIMPLES, PARA LEITO COM LONGARINAS DE 100mm, FABRICADA EM CHAPA DE AÇO GALVANIZAÇÃO A FRIO.;POLEODUTO OU SIMILAR;90mm;pç 
LD-01-81;JUNÇÃO SIMPLES, PARA LEITO COM LONGARINAS DE 100mm, FABRICADO EM AÇO GALVANIZADO A FOGO.;POLEODUTO OU SIMILAR;90mm;pç 
EB-05-01;JUNTA DE EXPANSÃO, FABRICADA EM LIGA DE FERRO FUNDIDO GALVANIZAÇÃO ELETROLÍTICA, COM BUCHA DE CHUMBO E ROSCAS INTERNAS, EXPANSÃO MÁXIMA 100mm, FORNECIDA COM FITA DE COBRE.;NUTSTEEL OU SIMILAR;"1/2"" BSP";pç 
EB-05-02;JUNTA DE EXPANSÃO, FABRICADA EM LIGA DE FERRO FUNDIDO GALVANIZAÇÃO ELETROLÍTICA, COM BUCHA DE CHUMBO E ROSCAS INTERNAS, EXPANSÃO MÁXIMA 100mm, FORNECIDA COM FITA DE COBRE.;NUTSTEEL OU SIMILAR;"3/4"" BSP";pç 
EB-05-03;JUNTA DE EXPANSÃO, FABRICADA EM LIGA DE FERRO FUNDIDO GALVANIZAÇÃO ELETROLÍTICA, COM BUCHA DE CHUMBO E ROSCAS INTERNAS, EXPANSÃO MÁXIMA 100mm, FORNECIDA COM FITA DE COBRE.;NUTSTEEL OU SIMILAR;"1"" BSP";pç 
EB-05-05;JUNTA DE EXPANSÃO, FABRICADA EM LIGA DE FERRO FUNDIDO GALVANIZAÇÃO ELETROLÍTICA, COM BUCHA DE CHUMBO E ROSCAS INTERNAS, EXPANSÃO MÁXIMA 100mm, FORNECIDA COM FITA DE COBRE.;NUTSTEEL OU SIMILAR;"1 1/2"" BSP";pç 
EB-05-06;JUNTA DE EXPANSÃO, FABRICADA EM LIGA DE FERRO FUNDIDO GALVANIZAÇÃO ELETROLÍTICA, COM BUCHA DE CHUMBO E ROSCAS INTERNAS, EXPANSÃO MÁXIMA 100mm, FORNECIDA COM FITA DE COBRE.;NUTSTEEL OU SIMILAR;"2"" BSP";pç 
EB-05-07;JUNTA DE EXPANSÃO, FABRICADA EM LIGA DE FERRO FUNDIDO GALVANIZAÇÃO ELETROLÍTICA, COM BUCHA DE CHUMBO E ROSCAS INTERNAS, EXPANSÃO MÁXIMA 100mm, FORNECIDA COM FITA DE COBRE.;NUTSTEEL OU SIMILAR;"2 1/2"" BSP";pç 
EB-05-08;JUNTA DE EXPANSÃO, FABRICADA EM LIGA DE FERRO FUNDIDO GALVANIZAÇÃO ELETROLÍTICA, COM BUCHA DE CHUMBO E ROSCAS INTERNAS, EXPANSÃO MÁXIMA 100mm, FORNECIDA COM FITA DE COBRE.;NUTSTEEL OU SIMILAR;"3"" BSP";pç 
EB-05-09;JUNTA DE EXPANSÃO, FABRICADA EM LIGA DE FERRO FUNDIDO GALVANIZAÇÃO ELETROLÍTICA, COM BUCHA DE CHUMBO E ROSCAS INTERNAS, EXPANSÃO MÁXIMA 100mm, FORNECIDA COM FITA DE COBRE.;NUTSTEEL OU SIMILAR;"4"" BSP";pç 
EB-25-01;JUNTA DE EXPANSÃO, FABRICADA EM LIGA DE FERRO FUNDIDO GALVANIZADO A FOGO, COM BUCHA DE CHUMBO E ROSCAS INTERNAS, EXPANSÃO MÁXIMA 100mm, FORNECIDA COM FITA DE COBRE.;NUTSTEEL OU SIMILAR;"1/2"" BSP";pç 
EB-25-02;JUNTA DE EXPANSÃO, FABRICADA EM LIGA DE FERRO FUNDIDO GALVANIZADO A FOGO, COM BUCHA DE CHUMBO E ROSCAS INTERNAS, EXPANSÃO MÁXIMA 100mm, FORNECIDA COM FITA DE COBRE.;NUTSTEEL OU SIMILAR;"3/4"" BSP";pç 
EB-25-03;JUNTA DE EXPANSÃO, FABRICADA EM LIGA DE FERRO FUNDIDO GALVANIZADO A FOGO, COM BUCHA DE CHUMBO E ROSCAS INTERNAS, EXPANSÃO MÁXIMA 100mm, FORNECIDA COM FITA DE COBRE.;NUTSTEEL OU SIMILAR;"1"" BSP";pç 
EB-25-05;JUNTA DE EXPANSÃO, FABRICADA EM LIGA DE FERRO FUNDIDO GALVANIZADO A FOGO, COM BUCHA DE CHUMBO E ROSCAS INTERNAS, EXPANSÃO MÁXIMA 100mm, FORNECIDA COM FITA DE COBRE.;NUTSTEEL OU SIMILAR;"1 1/2"" BSP";pç 
EB-25-06;JUNTA DE EXPANSÃO, FABRICADA EM LIGA DE FERRO FUNDIDO GALVANIZADO A FOGO, COM BUCHA DE CHUMBO E ROSCAS INTERNAS, EXPANSÃO MÁXIMA 100mm, FORNECIDA COM FITA DE COBRE.;NUTSTEEL OU SIMILAR;"2"" BSP";pç 
EB-25-07;JUNTA DE EXPANSÃO, FABRICADA EM LIGA DE FERRO FUNDIDO GALVANIZADO A FOGO, COM BUCHA DE CHUMBO E ROSCAS INTERNAS, EXPANSÃO MÁXIMA 100mm, FORNECIDA COM FITA DE COBRE.;NUTSTEEL OU SIMILAR;"2 1/2"" BSP";pç 
EB-25-08;JUNTA DE EXPANSÃO, FABRICADA EM LIGA DE FERRO FUNDIDO GALVANIZADO A FOGO, COM BUCHA DE CHUMBO E ROSCAS INTERNAS, EXPANSÃO MÁXIMA 100mm, FORNECIDA COM FITA DE COBRE.;NUTSTEEL OU SIMILAR;"3"" BSP";pç 
EB-25-09;JUNTA DE EXPANSÃO, FABRICADA EM LIGA DE FERRO FUNDIDO GALVANIZADO A FOGO, COM BUCHA DE CHUMBO E ROSCAS INTERNAS, EXPANSÃO MÁXIMA 100mm, FORNECIDA COM FITA DE COBRE.;NUTSTEEL OU SIMILAR;"4"" BSP";pç 
DF-21-A5;KIT COMPLETO PARA TERMINAÇÃO A FRIO,  DE USO EXTERNO, PARA CABOS SINGELOS 3,6/6kV E 6/10kV;RAYCHEM OU SIMILAR;25 A 120mm2;pç 
DF-21-A6;KIT COMPLETO PARA TERMINAÇÃO A FRIO,  DE USO EXTERNO, PARA CABOS SINGELOS 3,6/6kV E 6/10kV;RAYCHEM OU SIMILAR;70 A 300mm2;pç 
DF-21-A7;KIT COMPLETO PARA TERMINAÇÃO A FRIO,  DE USO EXTERNO, PARA CABOS SINGELOS 8,7/15kV E 12/20kV;RAYCHEM OU SIMILAR;25 A 185mm2;pç 
DF-21-A8;KIT COMPLETO PARA TERMINAÇÃO A FRIO,  DE USO EXTERNO, PARA CABOS SINGELOS 8,7/15kV E 12/20kV;RAYCHEM OU SIMILAR;120 A 400mm2;pç 
DF-20-A5;KIT COMPLETO PARA TERMINAÇÃO A FRIO,  DE USO INTERNO, PARA CABOS SINGELOS 3,6/6kV E 6/10kV;RAYCHEM OU SIMILAR;25 A 120mm2;pç 
DF-20-A6;KIT COMPLETO PARA TERMINAÇÃO A FRIO,  DE USO INTERNO, PARA CABOS SINGELOS 3,6/6kV E 6/10kV;RAYCHEM OU SIMILAR;70 A 300mm2;pç 
DF-20-A7;KIT COMPLETO PARA TERMINAÇÃO A FRIO,  DE USO INTERNO, PARA CABOS SINGELOS 8,7/15kV E 12/20kV;RAYCHEM OU SIMILAR;25 A 185mm2;pç 
DF-20-A8;KIT COMPLETO PARA TERMINAÇÃO A FRIO,  DE USO INTERNO, PARA CABOS SINGELOS 8,7/15kV E 12/20kV;RAYCHEM OU SIMILAR;120 A 400mm2;pç 
BA-03-T6;"KIT DE PROTEÇÃO, COMPLETO COM 01 DISJUNTOR BIPOLAR, 20A, E 01 TOMADA 
2P+T (F+N+T), 20A, PARA MONTAGEM DE SOBREPOR.";PIAL OU SIMILAR;20 A;cj 
BA-03-T5;"KIT DE PROTEÇÃO, COMPLETO COM 01 DISJUNTOR UNIPOLAR, 20A, E 01 TOMADA 
2P+T (F+N+T), 20A, PARA MONTAGEM DE SOBREPOR.";PIAL OU SIMILAR;20 A;cj 
RF-01-52;LAÇO PREFORMADO DE DISTRIBUIÇÃO, PARA CONDUTORES DE ALUMÍNIO CAA (ou ACSR) E CA (ou ASC), CONDUTORES DE LIGA DE ALUMÍNIO (CAL).;PLP OU SIMILAR;4 AWG;pç 
JS-02-2H;LÂMPADA A VAPOR DE SODIO DE ALTA PRESSÃO, ENCAPSULADA POR BULBO OVOIDE, BASE E-27;OSRAM OU SIMILAR;70W;pç 
JS-02-4J;LÂMPADA A VAPOR DE SODIO DE ALTA PRESSÃO, ENCAPSULADA POR BULBO OVOIDE, BASE E-40;OSRAM OU SIMILAR;150 W;pç 
JS-02-4L;LÂMPADA A VAPOR DE SODIO DE ALTA PRESSÃO, ENCAPSULADA POR BULBO OVOIDE, BASE E-40;OSRAM OU SIMILAR;250 W;pç 
JS-02-4N;LÂMPADA A VAPOR DE SODIO DE ALTA PRESSÃO, ENCAPSULADA POR BULBO OVOIDE, BASE E-40;OSRAM OU SIMILAR;400 W;pç 
JS-T2-4H;LÂMPADA A VAPOR DE SODIO DE ALTA PRESSÃO, ENCAPSULADA POR BULBO TUBULAR BASE E-27.;OSRAM OU SIMILAR;70 W;pç 
JS-T2-4J;LÂMPADA A VAPOR DE SODIO DE ALTA PRESSÃO, ENCAPSULADA POR BULBO TUBULAR BASE E-40.;OSRAM OU SIMILAR;150 W;pç 
JS-T2-4L;LÂMPADA A VAPOR DE SODIO DE ALTA PRESSÃO, ENCAPSULADA POR BULBO TUBULAR BASE E-40.;OSRAM OU SIMILAR;250 W;pç 
JS-T2-4N;LÂMPADA A VAPOR DE SODIO DE ALTA PRESSÃO, ENCAPSULADA POR BULBO TUBULAR BASE E-40.;OSRAM OU SIMILAR;400  W;pç 
JV-02-2H;LÂMPADA A VAPOR METÁLICO DE ALTA PRESSÃO, ENCAPSULADA POR BULBO TUBULAR, BASE E-27;OSRAM OU SIMILAR;70W;pç 
JV-02-4J;LÂMPADA A VAPOR METÁLICO DE ALTA PRESSÃO, ENCAPSULADA POR BULBO TUBULAR, BASE E-27;OSRAM OU SIMILAR;150 W;pç 
JV-02-4L;LÂMPADA A VAPOR METÁLICO DE ALTA PRESSÃO, ENCAPSULADA POR BULBO TUBULAR, BASE E-40;OSRAM OU SIMILAR;250 W;pç 
JV-02-4N;LÂMPADA A VAPOR METÁLICO DE ALTA PRESSÃO, ENCAPSULADA POR BULBO TUBULAR, BASE E-40;OSRAM OU SIMILAR;400 W;pç 
JF-K1-2E;LÂMPADA FLUORESCENTE COMPACTA ELETRÔNICA (PL) COM BULBO ESPIRAL BASE E27. FLUXO LUMINOSO 1150lm E TEMPERATURA DE COR 4000K.;OSRAM OU SIMILAR;25W - 127V;pç 
JF-K1-2L;LÂMPADA FLUORESCENTE COMPACTA ELETRÔNICA (PL) COM BULBO ESPIRAL BASE E27. FLUXO LUMINOSO 1150lm E TEMPERATURA DE COR 4000K.;OSRAM OU SIMILAR;18W - 127V;pç 
JF-K2-2E;LÂMPADA FLUORESCENTE COMPACTA ELETRÔNICA (PL) COM BULBO ESPIRAL BASE E27. FLUXO LUMINOSO 1150lm E TEMPERATURA DE COR 4000K.;OSRAM OU SIMILAR;25W - 220V;pç 
JF-K2-2L;LÂMPADA FLUORESCENTE COMPACTA ELETRÔNICA (PL) COM BULBO ESPIRAL BASE E27. FLUXO LUMINOSO 1150lm E TEMPERATURA DE COR 4000K.;OSRAM OU SIMILAR;18W - 220V;pç 
JF-BC-BD;LÂMPADA FLUORESCENTE TUBULAR, BASE BIPINO, BRANCA FRIA.;OSRAM;16 W;pç 
JF-BC-BF;LÂMPADA FLUORESCENTE TUBULAR, BASE BIPINO, BRANCA FRIA.;OSRAM;32W;pç 
JF-LB-BD;LÂMPADA FLUORESCENTE TUBULAR, BASE BIPINO, EXTRA LUZ DO DIA.;OSRAM;18W;pç 
JF-LB-BF;LÂMPADA FLUORESCENTE TUBULAR, BASE BIPINO, EXTRA LUZ DO DIA.;OSRAM;36W;pç 
JI-P1-2E;LÂMPADA INCANDESCENTE ,BULBO TIPO PERA, BASE E-27, 127V.;OSRAM;25 W;pç 
JI-P1-2G;LÂMPADA INCANDESCENTE ,BULBO TIPO PERA, BASE E-27, 127V.;OSRAM;40 W;pç 
JI-P1-2H;LÂMPADA INCANDESCENTE ,BULBO TIPO PERA, BASE E-27, 127V.;OSRAM;60  W;pç 
JI-P1-2I;LÂMPADA INCANDESCENTE ,BULBO TIPO PERA, BASE E-27, 127V.;OSRAM;100 W;pç 
JI-P1-2J;LÂMPADA INCANDESCENTE ,BULBO TIPO PERA, BASE E-27, 127V.;OSRAM;150 W;pç 
JI-P2-2E;LÂMPADA INCANDESCENTE ,BULBO TIPO PERA, BASE E-27, 220V.;OSRAM;25 W;pç 
JI-P2-2G;LÂMPADA INCANDESCENTE ,BULBO TIPO PERA, BASE E-27, 220V.;OSRAM;40 W;pç 
JI-P2-2H;LÂMPADA INCANDESCENTE ,BULBO TIPO PERA, BASE E-27, 220V.;OSRAM;60  W;pç 
JI-P2-2I;LÂMPADA INCANDESCENTE ,BULBO TIPO PERA, BASE E-27, 220V.;OSRAM;100 W;pç 
JI-P2-2J;LÂMPADA INCANDESCENTE ,BULBO TIPO PERA, BASE E-27, 220V.;OSRAM;150 W;pç 
JI-P1-4K;LÂMPADA INCANDESCENTE ,BULBO TIPO PERA, BASE E-40 , 127V.;OSRAM;200 W;pç 
JI-P1-4M;LÂMPADA INCANDESCENTE ,BULBO TIPO PERA, BASE E-40 , 127V.;OSRAM;300 W;pç 
JI-P2-4K;LÂMPADA INCANDESCENTE ,BULBO TIPO PERA, BASE E-40 , 220V.;OSRAM;200 W;pç 
JI-P2-4M;LÂMPADA INCANDESCENTE ,BULBO TIPO PERA, BASE E-40 , 220V.;OSRAM;300 W;pç 
JI-P8-2G;LÂMPADA INCANDESCENTE DE FILAMENTO METALICO REFORCADO PARA TENSAO 220 V;OSRAM;40 W;pç 
JI-P8-2H;LÂMPADA INCANDESCENTE DE FILAMENTO METALICO REFORCADO PARA TENSAO 220 V;OSRAM;60  W;pç 
JI-P8-2I;LÂMPADA INCANDESCENTE DE FILAMENTO METALICO REFORCADO PARA TENSAO 220 V;OSRAM;100 W;pç 
JI-P8-2J;LÂMPADA INCANDESCENTE DE FILAMENTO METALICO REFORCADO PARA TENSAO 220 V;OSRAM;150 W;pç 
JI-P8-4K;LÂMPADA INCANDESCENTE DE FILAMENTO METALICO REFORCADO PARA TENSAO 220 V;OSRAM;200 W;pç 
JI-P8-4M;LÂMPADA INCANDESCENTE DE FILAMENTO METALICO REFORCADO PARA TENSAO 220 V;OSRAM;300 W;pç 
JI-G2-2J;LÂMPADA INCANDESCENTE, BULBO TIPO COGUMELO NA COR AMARELA, 220V. (PARA SINALIZAÇÃO DE HELIPONTOS) ;OSRAM;40 W;pç 
JI-G1-2E;LÂMPADA INCANDESCENTE, BULBO TIPO COGUMELO SOFT 127V;OSRAM;25 W;pç 
JI-G1-2G;LÂMPADA INCANDESCENTE, BULBO TIPO COGUMELO SOFT 127V;OSRAM;40 W;pç 
JI-G1-2H;LÂMPADA INCANDESCENTE, BULBO TIPO COGUMELO SOFT 127V;OSRAM;60 W;pç 
JI-G2-2E;LÂMPADA INCANDESCENTE, BULBO TIPO COGUMELO SOFT 220V;OSRAM;25 W;pç 
JI-G2-2G;LÂMPADA INCANDESCENTE, BULBO TIPO COGUMELO SOFT 220V;OSRAM;40 W;pç 
JI-G2-2H;LÂMPADA INCANDESCENTE, BULBO TIPO COGUMELO SOFT 220V;OSRAM;60 W;pç 
LB-05-AB;"LEITO PARA CABOS, CRUZETA 90', TIPO PESADO, EM AÇO GALVANIZADO A FOGO, ABAS PARA FORA, CONSTITUÍDA DE DUAS LONGARINAS DE PERFIL TIPO ""U"" 19 X 100MM, RAIO SEGMENTADO..";POLEODUTO OU SIMILAR;"L=200; R=320";pç 
LB-05-AD;"LEITO PARA CABOS, CRUZETA 90', TIPO PESADO, EM AÇO GALVANIZADO A FOGO, ABAS PARA FORA, CONSTITUÍDA DE DUAS LONGARINAS DE PERFIL TIPO ""U"" 19 X 100MM, RAIO SEGMENTADO..";POLEODUTO OU SIMILAR;"L=200; R=520";pç 
LB-05-DB;"LEITO PARA CABOS, CRUZETA 90', TIPO PESADO, EM AÇO GALVANIZADO A FOGO, ABAS PARA FORA, CONSTITUÍDA DE DUAS LONGARINAS DE PERFIL TIPO ""U"" 19 X 100MM, RAIO SEGMENTADO..";POLEODUTO OU SIMILAR;"L=400; R=320";pç 
LB-05-DD;"LEITO PARA CABOS, CRUZETA 90', TIPO PESADO, EM AÇO GALVANIZADO A FOGO, ABAS PARA FORA, CONSTITUÍDA DE DUAS LONGARINAS DE PERFIL TIPO ""U"" 19 X 100MM, RAIO SEGMENTADO..";POLEODUTO OU SIMILAR;"L=400; R=520";pç 
LB-05-FB;"LEITO PARA CABOS, CRUZETA 90', TIPO PESADO, EM AÇO GALVANIZADO A FOGO, ABAS PARA FORA, CONSTITUÍDA DE DUAS LONGARINAS DE PERFIL TIPO ""U"" 19 X 100MM, RAIO SEGMENTADO..";POLEODUTO OU SIMILAR;"L=600; R=320";pç 
LB-05-FD;"LEITO PARA CABOS, CRUZETA 90', TIPO PESADO, EM AÇO GALVANIZADO A FOGO, ABAS PARA FORA, CONSTITUÍDA DE DUAS LONGARINAS DE PERFIL TIPO ""U"" 19 X 100MM, RAIO SEGMENTADO..";POLEODUTO OU SIMILAR;"L=600; R=520";pç 
LB-05-IB;"LEITO PARA CABOS, CRUZETA 90', TIPO PESADO, EM AÇO GALVANIZADO A FOGO, ABAS PARA FORA, CONSTITUÍDA DE DUAS LONGARINAS DE PERFIL TIPO ""U"" 19 X 100MM, RAIO SEGMENTADO..";POLEODUTO OU SIMILAR;"L=800; R=320";pç 
LB-05-ID;"LEITO PARA CABOS, CRUZETA 90', TIPO PESADO, EM AÇO GALVANIZADO A FOGO, ABAS PARA FORA, CONSTITUÍDA DE DUAS LONGARINAS DE PERFIL TIPO ""U"" 19 X 100MM, RAIO SEGMENTADO..";POLEODUTO OU SIMILAR;"L=800; R=520";pç 
LF-05-AB;"LEITO PARA CABOS, CRUZETA 90', TIPO SEMI PESADO, EM AÇO GALVANIZAÇÃO ELETROLÍTICA, ABAS PARA FORA, CONSTITUÍDA DE DUAS LONGARINAS DE PERFIL TIPO ""U"" 19x100mm, RAIO SEGMENTADO.";POLEODUTO OU SIMILAR;"L=200; R=320";pç 
LF-05-AD;"LEITO PARA CABOS, CRUZETA 90', TIPO SEMI PESADO, EM AÇO GALVANIZAÇÃO ELETROLÍTICA, ABAS PARA FORA, CONSTITUÍDA DE DUAS LONGARINAS DE PERFIL TIPO ""U"" 19x100mm, RAIO SEGMENTADO.";POLEODUTO OU SIMILAR;"L=200; R=520";pç 
LF-05-DB;"LEITO PARA CABOS, CRUZETA 90', TIPO SEMI PESADO, EM AÇO GALVANIZAÇÃO ELETROLÍTICA, ABAS PARA FORA, CONSTITUÍDA DE DUAS LONGARINAS DE PERFIL TIPO ""U"" 19x100mm, RAIO SEGMENTADO.";POLEODUTO OU SIMILAR;"L=400; R=320";pç 
LF-05-DD;"LEITO PARA CABOS, CRUZETA 90', TIPO SEMI PESADO, EM AÇO GALVANIZAÇÃO ELETROLÍTICA, ABAS PARA FORA, CONSTITUÍDA DE DUAS LONGARINAS DE PERFIL TIPO ""U"" 19x100mm, RAIO SEGMENTADO.";POLEODUTO OU SIMILAR;"L=400; R=520";pç 
LF-05-FB;"LEITO PARA CABOS, CRUZETA 90', TIPO SEMI PESADO, EM AÇO GALVANIZAÇÃO ELETROLÍTICA, ABAS PARA FORA, CONSTITUÍDA DE DUAS LONGARINAS DE PERFIL TIPO ""U"" 19x100mm, RAIO SEGMENTADO.";POLEODUTO OU SIMILAR;"L=600; R=320";pç 
LF-05-FD;"LEITO PARA CABOS, CRUZETA 90', TIPO SEMI PESADO, EM AÇO GALVANIZAÇÃO ELETROLÍTICA, ABAS PARA FORA, CONSTITUÍDA DE DUAS LONGARINAS DE PERFIL TIPO ""U"" 19x100mm, RAIO SEGMENTADO.";POLEODUTO OU SIMILAR;"L=600; R=520";pç 
LF-05-ID;"LEITO PARA CABOS, CRUZETA 90', TIPO SEMI PESADO, EM AÇO GALVANIZAÇÃO ELETROLÍTICA, ABAS PARA FORA, CONSTITUÍDA DE DUAS LONGARINAS DE PERFIL TIPO ""U"" 19x100mm, RAIO SEGMENTADO.";POLEODUTO OU SIMILAR;"L=800; R=520";pç 
LF-06-A;"LEITO PARA CABOS, CRUZETA RETA 90', TIPO SEMI PESADO, EM AÇO GALVANIZAÇÃO ELETROLÍTICA, ABAS PARA FORA, CONSTITUÍDA DE DUAS LONGARINAS DE PERFIL TIPO ""U"" 19x100mm.";POLEODUTO OU SIMILAR;L=200;pç 
LF-06-D;"LEITO PARA CABOS, CRUZETA RETA 90', TIPO SEMI PESADO, EM AÇO GALVANIZAÇÃO ELETROLÍTICA, ABAS PARA FORA, CONSTITUÍDA DE DUAS LONGARINAS DE PERFIL TIPO ""U"" 19x100mm.";POLEODUTO OU SIMILAR;L=400;pç 
LF-06-F;"LEITO PARA CABOS, CRUZETA RETA 90', TIPO SEMI PESADO, EM AÇO GALVANIZAÇÃO ELETROLÍTICA, ABAS PARA FORA, CONSTITUÍDA DE DUAS LONGARINAS DE PERFIL TIPO ""U"" 19x100mm.";POLEODUTO OU SIMILAR;L=600;pç 
LF-06-I;"LEITO PARA CABOS, CRUZETA RETA 90', TIPO SEMI PESADO, EM AÇO GALVANIZAÇÃO ELETROLÍTICA, ABAS PARA FORA, CONSTITUÍDA DE DUAS LONGARINAS DE PERFIL TIPO ""U"" 19x100mm.";POLEODUTO OU SIMILAR;L=800;pç 
LE-22-AB;"LEITO PARA CABOS, CURVA 90' DE PASSAGEM RETA DESCIDA, TIPO SEMI PESADO, EM AÇO GALVANIZAÇÃO ELETROLÍTICA, ABAS PARA FORA, CONSTITUÍDA DE DUAS LONGARINAS DE PERFIL TIPO ""U"" 19x100mm, RAIO SEGMENTADO.";POLEODUTO OU SIMILAR;"L=200; R=320";pç 
LE-22-AD;"LEITO PARA CABOS, CURVA 90' DE PASSAGEM RETA DESCIDA, TIPO SEMI PESADO, EM AÇO GALVANIZAÇÃO ELETROLÍTICA, ABAS PARA FORA, CONSTITUÍDA DE DUAS LONGARINAS DE PERFIL TIPO ""U"" 19x100mm, RAIO SEGMENTADO.";POLEODUTO OU SIMILAR;"L=200; R=520";pç 
LE-22-DB;"LEITO PARA CABOS, CURVA 90' DE PASSAGEM RETA DESCIDA, TIPO SEMI PESADO, EM AÇO GALVANIZAÇÃO ELETROLÍTICA, ABAS PARA FORA, CONSTITUÍDA DE DUAS LONGARINAS DE PERFIL TIPO ""U"" 19x100mm, RAIO SEGMENTADO.";POLEODUTO OU SIMILAR;"L=400; R=320";pç 
LE-22-DD;"LEITO PARA CABOS, CURVA 90' DE PASSAGEM RETA DESCIDA, TIPO SEMI PESADO, EM AÇO GALVANIZAÇÃO ELETROLÍTICA, ABAS PARA FORA, CONSTITUÍDA DE DUAS LONGARINAS DE PERFIL TIPO ""U"" 19x100mm, RAIO SEGMENTADO.";POLEODUTO OU SIMILAR;"L=400; R=520";pç 
LE-22-FB;"LEITO PARA CABOS, CURVA 90' DE PASSAGEM RETA DESCIDA, TIPO SEMI PESADO, EM AÇO GALVANIZAÇÃO ELETROLÍTICA, ABAS PARA FORA, CONSTITUÍDA DE DUAS LONGARINAS DE PERFIL TIPO ""U"" 19x100mm, RAIO SEGMENTADO.";POLEODUTO OU SIMILAR;"L=600; R=320";pç 
LE-22-FD;"LEITO PARA CABOS, CURVA 90' DE PASSAGEM RETA DESCIDA, TIPO SEMI PESADO, EM AÇO GALVANIZAÇÃO ELETROLÍTICA, ABAS PARA FORA, CONSTITUÍDA DE DUAS LONGARINAS DE PERFIL TIPO ""U"" 19x100mm, RAIO SEGMENTADO.";POLEODUTO OU SIMILAR;"L=600; R=520";pç 
LE-21-AB;"LEITO PARA CABOS, CURVA 90' DE PASSAGEM RETA SUBIDA, TIPO SEMI PESADO, EM AÇO GALVANIZAÇÃO ELETROLÍTICA, ABAS PARA FORA, CONSTITUÍDA DE DUAS LONGARINAS DE PERFIL TIPO ""U"" 19x100mm, RAIO SEGMENTADO.";POLEODUTO OU SIMILAR;"L=200; R=320";pç 
LE-21-AD;"LEITO PARA CABOS, CURVA 90' DE PASSAGEM RETA SUBIDA, TIPO SEMI PESADO, EM AÇO GALVANIZAÇÃO ELETROLÍTICA, ABAS PARA FORA, CONSTITUÍDA DE DUAS LONGARINAS DE PERFIL TIPO ""U"" 19x100mm, RAIO SEGMENTADO.";POLEODUTO OU SIMILAR;"L=200; R=520";pç 
LE-21-DB;"LEITO PARA CABOS, CURVA 90' DE PASSAGEM RETA SUBIDA, TIPO SEMI PESADO, EM AÇO GALVANIZAÇÃO ELETROLÍTICA, ABAS PARA FORA, CONSTITUÍDA DE DUAS LONGARINAS DE PERFIL TIPO ""U"" 19x100mm, RAIO SEGMENTADO.";POLEODUTO OU SIMILAR;"L=400; R=320";pç 
LE-21-DD;"LEITO PARA CABOS, CURVA 90' DE PASSAGEM RETA SUBIDA, TIPO SEMI PESADO, EM AÇO GALVANIZAÇÃO ELETROLÍTICA, ABAS PARA FORA, CONSTITUÍDA DE DUAS LONGARINAS DE PERFIL TIPO ""U"" 19x100mm, RAIO SEGMENTADO.";POLEODUTO OU SIMILAR;"L=400; R=520";pç 
LE-21-FB;"LEITO PARA CABOS, CURVA 90' DE PASSAGEM RETA SUBIDA, TIPO SEMI PESADO, EM AÇO GALVANIZAÇÃO ELETROLÍTICA, ABAS PARA FORA, CONSTITUÍDA DE DUAS LONGARINAS DE PERFIL TIPO ""U"" 19x100mm, RAIO SEGMENTADO.";POLEODUTO OU SIMILAR;"L=600; R=320";pç 
LE-21-FD;"LEITO PARA CABOS, CURVA 90' DE PASSAGEM RETA SUBIDA, TIPO SEMI PESADO, EM AÇO GALVANIZAÇÃO ELETROLÍTICA, ABAS PARA FORA, CONSTITUÍDA DE DUAS LONGARINAS DE PERFIL TIPO ""U"" 19x100mm, RAIO SEGMENTADO.";POLEODUTO OU SIMILAR;"L=600; R=520";pç 
LA-20-AB;"LEITO PARA CABOS, CURVA DE INVERSAO 90',  TIPO PESADO, EM AÇO GALVANIZADO A FOGO, ABAS PARA FORA, CONSTITUÍDA DE DUAS LONGARINAS DE PERFIL TIPO ""U"" 19 X 100MM, RAIO SEGMENTADO.";POLEODUTO OU SIMILAR;"L=200; R=320";pç 
LA-20-AD;"LEITO PARA CABOS, CURVA DE INVERSAO 90',  TIPO PESADO, EM AÇO GALVANIZADO A FOGO, ABAS PARA FORA, CONSTITUÍDA DE DUAS LONGARINAS DE PERFIL TIPO ""U"" 19 X 100MM, RAIO SEGMENTADO.";POLEODUTO OU SIMILAR;"L=200; R=520";pç 
LA-20-DB;"LEITO PARA CABOS, CURVA DE INVERSAO 90',  TIPO PESADO, EM AÇO GALVANIZADO A FOGO, ABAS PARA FORA, CONSTITUÍDA DE DUAS LONGARINAS DE PERFIL TIPO ""U"" 19 X 100MM, RAIO SEGMENTADO.";POLEODUTO OU SIMILAR;"L=400; R=320";pç 
LA-20-DD;"LEITO PARA CABOS, CURVA DE INVERSAO 90',  TIPO PESADO, EM AÇO GALVANIZADO A FOGO, ABAS PARA FORA, CONSTITUÍDA DE DUAS LONGARINAS DE PERFIL TIPO ""U"" 19 X 100MM, RAIO SEGMENTADO.";POLEODUTO OU SIMILAR;"L=400; R=520";pç 
LA-20-FB;"LEITO PARA CABOS, CURVA DE INVERSAO 90',  TIPO PESADO, EM AÇO GALVANIZADO A FOGO, ABAS PARA FORA, CONSTITUÍDA DE DUAS LONGARINAS DE PERFIL TIPO ""U"" 19 X 100MM, RAIO SEGMENTADO.";POLEODUTO OU SIMILAR;"L=600; R=320";pç 
LA-20-FD;"LEITO PARA CABOS, CURVA DE INVERSAO 90',  TIPO PESADO, EM AÇO GALVANIZADO A FOGO, ABAS PARA FORA, CONSTITUÍDA DE DUAS LONGARINAS DE PERFIL TIPO ""U"" 19 X 100MM, RAIO SEGMENTADO.";POLEODUTO OU SIMILAR;"L=600; R=520";pç 
LA-20-IB;"LEITO PARA CABOS, CURVA DE INVERSAO 90',  TIPO PESADO, EM AÇO GALVANIZADO A FOGO, ABAS PARA FORA, CONSTITUÍDA DE DUAS LONGARINAS DE PERFIL TIPO ""U"" 19 X 100MM, RAIO SEGMENTADO.";POLEODUTO OU SIMILAR;"L=800; R=320";pç 
LA-20-ID;"LEITO PARA CABOS, CURVA DE INVERSAO 90',  TIPO PESADO, EM AÇO GALVANIZADO A FOGO, ABAS PARA FORA, CONSTITUÍDA DE DUAS LONGARINAS DE PERFIL TIPO ""U"" 19 X 100MM, RAIO SEGMENTADO.";POLEODUTO OU SIMILAR;"L=800; R=520";pç 
LE-20-AB;"LEITO PARA CABOS, CURVA DE INVERSAO 90',  TIPO SEMI PESADO, EM AÇO GALVANIZAÇÃO ELETROLÍTICA, ABAS PARA FORA, CONSTITUÍDA DE DUAS LONGARINAS DE PERFIL TIPO ""U"" 19x100mm, RAIO SEGMENTADO.";POLEODUTO OU SIMILAR;"L=200; R=320";pç 
LE-20-AD;"LEITO PARA CABOS, CURVA DE INVERSAO 90',  TIPO SEMI PESADO, EM AÇO GALVANIZAÇÃO ELETROLÍTICA, ABAS PARA FORA, CONSTITUÍDA DE DUAS LONGARINAS DE PERFIL TIPO ""U"" 19x100mm, RAIO SEGMENTADO.";POLEODUTO OU SIMILAR;"L=200; R=520";pç 
LE-20-DB;"LEITO PARA CABOS, CURVA DE INVERSAO 90',  TIPO SEMI PESADO, EM AÇO GALVANIZAÇÃO ELETROLÍTICA, ABAS PARA FORA, CONSTITUÍDA DE DUAS LONGARINAS DE PERFIL TIPO ""U"" 19x100mm, RAIO SEGMENTADO.";POLEODUTO OU SIMILAR;"L=400; R=320";pç 
LE-20-DD;"LEITO PARA CABOS, CURVA DE INVERSAO 90',  TIPO SEMI PESADO, EM AÇO GALVANIZAÇÃO ELETROLÍTICA, ABAS PARA FORA, CONSTITUÍDA DE DUAS LONGARINAS DE PERFIL TIPO ""U"" 19x100mm, RAIO SEGMENTADO.";POLEODUTO OU SIMILAR;"L=400; R=520";pç 
LE-20-FB;"LEITO PARA CABOS, CURVA DE INVERSAO 90',  TIPO SEMI PESADO, EM AÇO GALVANIZAÇÃO ELETROLÍTICA, ABAS PARA FORA, CONSTITUÍDA DE DUAS LONGARINAS DE PERFIL TIPO ""U"" 19x100mm, RAIO SEGMENTADO.";POLEODUTO OU SIMILAR;"L=600; R=320";pç 
LE-20-FD;"LEITO PARA CABOS, CURVA DE INVERSAO 90',  TIPO SEMI PESADO, EM AÇO GALVANIZAÇÃO ELETROLÍTICA, ABAS PARA FORA, CONSTITUÍDA DE DUAS LONGARINAS DE PERFIL TIPO ""U"" 19x100mm, RAIO SEGMENTADO.";POLEODUTO OU SIMILAR;"L=600; R=520";pç 
LE-20-ID;"LEITO PARA CABOS, CURVA DE INVERSAO 90',  TIPO SEMI PESADO, EM AÇO GALVANIZAÇÃO ELETROLÍTICA, ABAS PARA FORA, CONSTITUÍDA DE DUAS LONGARINAS DE PERFIL TIPO ""U"" 19x100mm, RAIO SEGMENTADO.";POLEODUTO OU SIMILAR;"L=800; R=520";pç 
LA-02-AB;"LEITO PARA CABOS, CURVA HORIZONTAL DE 15',  TIPO PESADO, EM AÇO GALVANIZADO A FOGO, ABAS PARA FORA, CONSTITUÍDA DE DUAS LONGARINAS DE PERFIL TIPO ""U"" 19 X 100MM, RAIO SEGMENTADO.";POLEODUTO OU SIMILAR;"L=200; R=320";pç 
LA-02-AD;"LEITO PARA CABOS, CURVA HORIZONTAL DE 15',  TIPO PESADO, EM AÇO GALVANIZADO A FOGO, ABAS PARA FORA, CONSTITUÍDA DE DUAS LONGARINAS DE PERFIL TIPO ""U"" 19 X 100MM, RAIO SEGMENTADO.";POLEODUTO OU SIMILAR;"L=200; R=520";pç 
LA-02-DB;"LEITO PARA CABOS, CURVA HORIZONTAL DE 15',  TIPO PESADO, EM AÇO GALVANIZADO A FOGO, ABAS PARA FORA, CONSTITUÍDA DE DUAS LONGARINAS DE PERFIL TIPO ""U"" 19 X 100MM, RAIO SEGMENTADO.";POLEODUTO OU SIMILAR;"L=400; R=320";pç 
LA-02-DD;"LEITO PARA CABOS, CURVA HORIZONTAL DE 15',  TIPO PESADO, EM AÇO GALVANIZADO A FOGO, ABAS PARA FORA, CONSTITUÍDA DE DUAS LONGARINAS DE PERFIL TIPO ""U"" 19 X 100MM, RAIO SEGMENTADO.";POLEODUTO OU SIMILAR;"L=400; R=520";pç 
LA-02-FB;"LEITO PARA CABOS, CURVA HORIZONTAL DE 15',  TIPO PESADO, EM AÇO GALVANIZADO A FOGO, ABAS PARA FORA, CONSTITUÍDA DE DUAS LONGARINAS DE PERFIL TIPO ""U"" 19 X 100MM, RAIO SEGMENTADO.";POLEODUTO OU SIMILAR;"L=600; R=320";pç 
LA-02-FD;"LEITO PARA CABOS, CURVA HORIZONTAL DE 15',  TIPO PESADO, EM AÇO GALVANIZADO A FOGO, ABAS PARA FORA, CONSTITUÍDA DE DUAS LONGARINAS DE PERFIL TIPO ""U"" 19 X 100MM, RAIO SEGMENTADO.";POLEODUTO OU SIMILAR;"L=600; R=520";pç 
LA-02-IB;"LEITO PARA CABOS, CURVA HORIZONTAL DE 15',  TIPO PESADO, EM AÇO GALVANIZADO A FOGO, ABAS PARA FORA, CONSTITUÍDA DE DUAS LONGARINAS DE PERFIL TIPO ""U"" 19 X 100MM, RAIO SEGMENTADO.";POLEODUTO OU SIMILAR;"L=800; R=320";pç 
LE-02-AB;"LEITO PARA CABOS, CURVA HORIZONTAL DE 15',  TIPO SEMI PESADO, EM AÇO GALVANIZAÇÃO ELETROLÍTICA, ABAS PARA FORA, CONSTITUÍDA DE DUAS LONGARINAS DE PERFIL TIPO ""U"" 19x100mm, RAIO SEGMENTADO.";POLEODUTO OU SIMILAR;"L=200; R=320";pç 
LE-02-DD;"LEITO PARA CABOS, CURVA HORIZONTAL DE 15',  TIPO SEMI PESADO, EM AÇO GALVANIZAÇÃO ELETROLÍTICA, ABAS PARA FORA, CONSTITUÍDA DE DUAS LONGARINAS DE PERFIL TIPO ""U"" 19x100mm, RAIO SEGMENTADO.";POLEODUTO OU SIMILAR;"L=400; R=520";pç 
LE-02-FB;"LEITO PARA CABOS, CURVA HORIZONTAL DE 15',  TIPO SEMI PESADO, EM AÇO GALVANIZAÇÃO ELETROLÍTICA, ABAS PARA FORA, CONSTITUÍDA DE DUAS LONGARINAS DE PERFIL TIPO ""U"" 19x100mm, RAIO SEGMENTADO.";POLEODUTO OU SIMILAR;"L=600; R=320";pç 
LE-02-FD;"LEITO PARA CABOS, CURVA HORIZONTAL DE 15',  TIPO SEMI PESADO, EM AÇO GALVANIZAÇÃO ELETROLÍTICA, ABAS PARA FORA, CONSTITUÍDA DE DUAS LONGARINAS DE PERFIL TIPO ""U"" 19x100mm, RAIO SEGMENTADO.";POLEODUTO OU SIMILAR;"L=600; R=520";pç 
LE-02-AD;"LEITO PARA CABOS, CURVA HORIZONTAL DE 15',  TIPO SEMI PESADO, EM AÇO GALVANIZAÇÃO ELETROLÍTICA, ABAS PARA FORA, CONSTITUÍDA DE DUAS LONGARINAS DE PERFIL TIPO ""U"" 19x100mm, RAIO SEGMENTADO.";POLEODUTO OU SIMILAR;"L=200; R=520";pç 
LE-02-DB;"LEITO PARA CABOS, CURVA HORIZONTAL DE 15',  TIPO SEMI PESADO, EM AÇO GALVANIZAÇÃO ELETROLÍTICA, ABAS PARA FORA, CONSTITUÍDA DE DUAS LONGARINAS DE PERFIL TIPO ""U"" 19x100mm, RAIO SEGMENTADO.";POLEODUTO OU SIMILAR;"L=400; R=320";pç 
LA-03-AB;"LEITO PARA CABOS, CURVA HORIZONTAL DE 30',  TIPO PESADO, EM AÇO GALVANIZADO A FOGO, ABAS PARA FORA, CONSTITUÍDA DE DUAS LONGARINAS DE PERFIL TIPO ""U"" 19 X 100MM, RAIO SEGMENTADO.";POLEODUTO OU SIMILAR;"L=200; R=320";pç 
LA-03-AD;"LEITO PARA CABOS, CURVA HORIZONTAL DE 30',  TIPO PESADO, EM AÇO GALVANIZADO A FOGO, ABAS PARA FORA, CONSTITUÍDA DE DUAS LONGARINAS DE PERFIL TIPO ""U"" 19 X 100MM, RAIO SEGMENTADO.";POLEODUTO OU SIMILAR;"L=200; R=520";pç 
LA-03-DB;"LEITO PARA CABOS, CURVA HORIZONTAL DE 30',  TIPO PESADO, EM AÇO GALVANIZADO A FOGO, ABAS PARA FORA, CONSTITUÍDA DE DUAS LONGARINAS DE PERFIL TIPO ""U"" 19 X 100MM, RAIO SEGMENTADO.";POLEODUTO OU SIMILAR;"L=400; R=320";pç 
LA-03-DD;"LEITO PARA CABOS, CURVA HORIZONTAL DE 30',  TIPO PESADO, EM AÇO GALVANIZADO A FOGO, ABAS PARA FORA, CONSTITUÍDA DE DUAS LONGARINAS DE PERFIL TIPO ""U"" 19 X 100MM, RAIO SEGMENTADO.";POLEODUTO OU SIMILAR;"L=400; R=520";pç 
LA-03-FB;"LEITO PARA CABOS, CURVA HORIZONTAL DE 30',  TIPO PESADO, EM AÇO GALVANIZADO A FOGO, ABAS PARA FORA, CONSTITUÍDA DE DUAS LONGARINAS DE PERFIL TIPO ""U"" 19 X 100MM, RAIO SEGMENTADO.";POLEODUTO OU SIMILAR;"L=600; R=320";pç 
LA-03-FD;"LEITO PARA CABOS, CURVA HORIZONTAL DE 30',  TIPO PESADO, EM AÇO GALVANIZADO A FOGO, ABAS PARA FORA, CONSTITUÍDA DE DUAS LONGARINAS DE PERFIL TIPO ""U"" 19 X 100MM, RAIO SEGMENTADO.";POLEODUTO OU SIMILAR;"L=600; R=520";pç 
LA-03-IB;"LEITO PARA CABOS, CURVA HORIZONTAL DE 30',  TIPO PESADO, EM AÇO GALVANIZADO A FOGO, ABAS PARA FORA, CONSTITUÍDA DE DUAS LONGARINAS DE PERFIL TIPO ""U"" 19 X 100MM, RAIO SEGMENTADO.";POLEODUTO OU SIMILAR;"L=800; R=320";pç 
LA-03-ID;"LEITO PARA CABOS, CURVA HORIZONTAL DE 30',  TIPO PESADO, EM AÇO GALVANIZADO A FOGO, ABAS PARA FORA, CONSTITUÍDA DE DUAS LONGARINAS DE PERFIL TIPO ""U"" 19 X 100MM, RAIO SEGMENTADO.";POLEODUTO OU SIMILAR;"L=800; R=520";pç 
LE-03-AB;"LEITO PARA CABOS, CURVA HORIZONTAL DE 30',  TIPO SEMI PESADO, EM AÇO GALVANIZAÇÃO ELETROLÍTICA, ABAS PARA FORA, CONSTITUÍDA DE DUAS LONGARINAS DE PERFIL TIPO ""U"" 19x100mm, RAIO SEGMENTADO.";POLEODUTO OU SIMILAR;"L=200; R=320";pç 
LE-03-AD;"LEITO PARA CABOS, CURVA HORIZONTAL DE 30',  TIPO SEMI PESADO, EM AÇO GALVANIZAÇÃO ELETROLÍTICA, ABAS PARA FORA, CONSTITUÍDA DE DUAS LONGARINAS DE PERFIL TIPO ""U"" 19x100mm, RAIO SEGMENTADO.";POLEODUTO OU SIMILAR;"L=200; R=520";pç 
LE-03-DB;"LEITO PARA CABOS, CURVA HORIZONTAL DE 30',  TIPO SEMI PESADO, EM AÇO GALVANIZAÇÃO ELETROLÍTICA, ABAS PARA FORA, CONSTITUÍDA DE DUAS LONGARINAS DE PERFIL TIPO ""U"" 19x100mm, RAIO SEGMENTADO.";POLEODUTO OU SIMILAR;"L=400; R=320";pç 
LE-03-DD;"LEITO PARA CABOS, CURVA HORIZONTAL DE 30',  TIPO SEMI PESADO, EM AÇO GALVANIZAÇÃO ELETROLÍTICA, ABAS PARA FORA, CONSTITUÍDA DE DUAS LONGARINAS DE PERFIL TIPO ""U"" 19x100mm, RAIO SEGMENTADO.";POLEODUTO OU SIMILAR;"L=400; R=520";pç 
LE-03-FB;"LEITO PARA CABOS, CURVA HORIZONTAL DE 30',  TIPO SEMI PESADO, EM AÇO GALVANIZAÇÃO ELETROLÍTICA, ABAS PARA FORA, CONSTITUÍDA DE DUAS LONGARINAS DE PERFIL TIPO ""U"" 19x100mm, RAIO SEGMENTADO.";POLEODUTO OU SIMILAR;"L=600; R=320";pç 
LE-03-FD;"LEITO PARA CABOS, CURVA HORIZONTAL DE 30',  TIPO SEMI PESADO, EM AÇO GALVANIZAÇÃO ELETROLÍTICA, ABAS PARA FORA, CONSTITUÍDA DE DUAS LONGARINAS DE PERFIL TIPO ""U"" 19x100mm, RAIO SEGMENTADO.";POLEODUTO OU SIMILAR;"L=600; R=520";pç 
LA-04-AB;"LEITO PARA CABOS, CURVA HORIZONTAL DE 45',  TIPO PESADO, EM AÇO GALVANIZADO A FOGO, ABAS PARA FORA, CONSTITUÍDA DE DUAS LONGARINAS DE PERFIL TIPO ""U"" 19 X 100MM, RAIO SEGMENTADO.";POLEODUTO OU SIMILAR;"L=200; R=320";pç 
LA-04-AD;"LEITO PARA CABOS, CURVA HORIZONTAL DE 45',  TIPO PESADO, EM AÇO GALVANIZADO A FOGO, ABAS PARA FORA, CONSTITUÍDA DE DUAS LONGARINAS DE PERFIL TIPO ""U"" 19 X 100MM, RAIO SEGMENTADO.";POLEODUTO OU SIMILAR;"L=200; R=520";pç 
LA-04-DB;"LEITO PARA CABOS, CURVA HORIZONTAL DE 45',  TIPO PESADO, EM AÇO GALVANIZADO A FOGO, ABAS PARA FORA, CONSTITUÍDA DE DUAS LONGARINAS DE PERFIL TIPO ""U"" 19 X 100MM, RAIO SEGMENTADO.";POLEODUTO OU SIMILAR;"L=400; R=320";pç 
LA-04-DD;"LEITO PARA CABOS, CURVA HORIZONTAL DE 45',  TIPO PESADO, EM AÇO GALVANIZADO A FOGO, ABAS PARA FORA, CONSTITUÍDA DE DUAS LONGARINAS DE PERFIL TIPO ""U"" 19 X 100MM, RAIO SEGMENTADO.";POLEODUTO OU SIMILAR;"L=400; R=520";pç 
LA-04-FB;"LEITO PARA CABOS, CURVA HORIZONTAL DE 45',  TIPO PESADO, EM AÇO GALVANIZADO A FOGO, ABAS PARA FORA, CONSTITUÍDA DE DUAS LONGARINAS DE PERFIL TIPO ""U"" 19 X 100MM, RAIO SEGMENTADO.";POLEODUTO OU SIMILAR;"L=600; R=320";pç 
LA-04-FD;"LEITO PARA CABOS, CURVA HORIZONTAL DE 45',  TIPO PESADO, EM AÇO GALVANIZADO A FOGO, ABAS PARA FORA, CONSTITUÍDA DE DUAS LONGARINAS DE PERFIL TIPO ""U"" 19 X 100MM, RAIO SEGMENTADO.";POLEODUTO OU SIMILAR;"L=600; R=520";pç 
LA-04-IB;"LEITO PARA CABOS, CURVA HORIZONTAL DE 45',  TIPO PESADO, EM AÇO GALVANIZADO A FOGO, ABAS PARA FORA, CONSTITUÍDA DE DUAS LONGARINAS DE PERFIL TIPO ""U"" 19 X 100MM, RAIO SEGMENTADO.";POLEODUTO OU SIMILAR;"L=800; R=320";pç 
LA-04-ID;"LEITO PARA CABOS, CURVA HORIZONTAL DE 45',  TIPO PESADO, EM AÇO GALVANIZADO A FOGO, ABAS PARA FORA, CONSTITUÍDA DE DUAS LONGARINAS DE PERFIL TIPO ""U"" 19 X 100MM, RAIO SEGMENTADO.";POLEODUTO OU SIMILAR;"L=800; R=520";pç 
LE-04-AB;"LEITO PARA CABOS, CURVA HORIZONTAL DE 45',  TIPO SEMI PESADO, EM AÇO GALVANIZAÇÃO ELETROLÍTICA, ABAS PARA FORA, CONSTITUÍDA DE DUAS LONGARINAS DE PERFIL TIPO ""U"" 19x100mm, RAIO SEGMENTADO.";POLEODUTO OU SIMILAR;"L=200; R=320";pç 
LE-04-AD;"LEITO PARA CABOS, CURVA HORIZONTAL DE 45',  TIPO SEMI PESADO, EM AÇO GALVANIZAÇÃO ELETROLÍTICA, ABAS PARA FORA, CONSTITUÍDA DE DUAS LONGARINAS DE PERFIL TIPO ""U"" 19x100mm, RAIO SEGMENTADO.";POLEODUTO OU SIMILAR;"L=200; R=520";pç 
LE-04-DB;"LEITO PARA CABOS, CURVA HORIZONTAL DE 45',  TIPO SEMI PESADO, EM AÇO GALVANIZAÇÃO ELETROLÍTICA, ABAS PARA FORA, CONSTITUÍDA DE DUAS LONGARINAS DE PERFIL TIPO ""U"" 19x100mm, RAIO SEGMENTADO.";POLEODUTO OU SIMILAR;"L=400; R=320";pç 
LE-04-DD;"LEITO PARA CABOS, CURVA HORIZONTAL DE 45',  TIPO SEMI PESADO, EM AÇO GALVANIZAÇÃO ELETROLÍTICA, ABAS PARA FORA, CONSTITUÍDA DE DUAS LONGARINAS DE PERFIL TIPO ""U"" 19x100mm, RAIO SEGMENTADO.";POLEODUTO OU SIMILAR;"L=400; R=520";pç 
LE-04-FB;"LEITO PARA CABOS, CURVA HORIZONTAL DE 45',  TIPO SEMI PESADO, EM AÇO GALVANIZAÇÃO ELETROLÍTICA, ABAS PARA FORA, CONSTITUÍDA DE DUAS LONGARINAS DE PERFIL TIPO ""U"" 19x100mm, RAIO SEGMENTADO.";POLEODUTO OU SIMILAR;"L=600; R=320";pç 
LE-04-FD;"LEITO PARA CABOS, CURVA HORIZONTAL DE 45',  TIPO SEMI PESADO, EM AÇO GALVANIZAÇÃO ELETROLÍTICA, ABAS PARA FORA, CONSTITUÍDA DE DUAS LONGARINAS DE PERFIL TIPO ""U"" 19x100mm, RAIO SEGMENTADO.";POLEODUTO OU SIMILAR;"L=600; R=520";pç 
LE-04-ID;"LEITO PARA CABOS, CURVA HORIZONTAL DE 45',  TIPO SEMI PESADO, EM AÇO GALVANIZAÇÃO ELETROLÍTICA, ABAS PARA FORA, CONSTITUÍDA DE DUAS LONGARINAS DE PERFIL TIPO ""U"" 19x100mm, RAIO SEGMENTADO.";POLEODUTO OU SIMILAR;"L=800; R=520";pç 
LA-05-AB;"LEITO PARA CABOS, CURVA HORIZONTAL DE 60',  TIPO PESADO, EM AÇO GALVANIZADO A FOGO, ABAS PARA FORA, CONSTITUÍDA DE DUAS LONGARINAS DE PERFIL TIPO ""U"" 19 X 100MM, RAIO SEGMENTADO.";POLEODUTO OU SIMILAR;"L=200; R=320";pç 
LA-05-AD;"LEITO PARA CABOS, CURVA HORIZONTAL DE 60',  TIPO PESADO, EM AÇO GALVANIZADO A FOGO, ABAS PARA FORA, CONSTITUÍDA DE DUAS LONGARINAS DE PERFIL TIPO ""U"" 19 X 100MM, RAIO SEGMENTADO.";POLEODUTO OU SIMILAR;"L=200; R=520";pç 
LA-05-DB;"LEITO PARA CABOS, CURVA HORIZONTAL DE 60',  TIPO PESADO, EM AÇO GALVANIZADO A FOGO, ABAS PARA FORA, CONSTITUÍDA DE DUAS LONGARINAS DE PERFIL TIPO ""U"" 19 X 100MM, RAIO SEGMENTADO.";POLEODUTO OU SIMILAR;"L=400; R=320";pç 
LA-05-DD;"LEITO PARA CABOS, CURVA HORIZONTAL DE 60',  TIPO PESADO, EM AÇO GALVANIZADO A FOGO, ABAS PARA FORA, CONSTITUÍDA DE DUAS LONGARINAS DE PERFIL TIPO ""U"" 19 X 100MM, RAIO SEGMENTADO.";POLEODUTO OU SIMILAR;"L=400; R=520";pç 
LA-05-FB;"LEITO PARA CABOS, CURVA HORIZONTAL DE 60',  TIPO PESADO, EM AÇO GALVANIZADO A FOGO, ABAS PARA FORA, CONSTITUÍDA DE DUAS LONGARINAS DE PERFIL TIPO ""U"" 19 X 100MM, RAIO SEGMENTADO.";POLEODUTO OU SIMILAR;"L=600; R=320";pç 
LA-05-FD;"LEITO PARA CABOS, CURVA HORIZONTAL DE 60',  TIPO PESADO, EM AÇO GALVANIZADO A FOGO, ABAS PARA FORA, CONSTITUÍDA DE DUAS LONGARINAS DE PERFIL TIPO ""U"" 19 X 100MM, RAIO SEGMENTADO.";POLEODUTO OU SIMILAR;"L=600; R=520";pç 
LA-05-IB;"LEITO PARA CABOS, CURVA HORIZONTAL DE 60',  TIPO PESADO, EM AÇO GALVANIZADO A FOGO, ABAS PARA FORA, CONSTITUÍDA DE DUAS LONGARINAS DE PERFIL TIPO ""U"" 19 X 100MM, RAIO SEGMENTADO.";POLEODUTO OU SIMILAR;"L=800; R=320";pç 
LE-05-AB;"LEITO PARA CABOS, CURVA HORIZONTAL DE 60',  TIPO SEMI PESADO, EM AÇO GALVANIZAÇÃO ELETROLÍTICA, ABAS PARA FORA, CONSTITUÍDA DE DUAS LONGARINAS DE PERFIL TIPO ""U"" 19x100mm, RAIO SEGMENTADO.";POLEODUTO OU SIMILAR;"L=200; R=320";pç 
LE-05-AD;"LEITO PARA CABOS, CURVA HORIZONTAL DE 60',  TIPO SEMI PESADO, EM AÇO GALVANIZAÇÃO ELETROLÍTICA, ABAS PARA FORA, CONSTITUÍDA DE DUAS LONGARINAS DE PERFIL TIPO ""U"" 19x100mm, RAIO SEGMENTADO.";POLEODUTO OU SIMILAR;"L=200; R=520";pç 
LE-05-DB;"LEITO PARA CABOS, CURVA HORIZONTAL DE 60',  TIPO SEMI PESADO, EM AÇO GALVANIZAÇÃO ELETROLÍTICA, ABAS PARA FORA, CONSTITUÍDA DE DUAS LONGARINAS DE PERFIL TIPO ""U"" 19x100mm, RAIO SEGMENTADO.";POLEODUTO OU SIMILAR;"L=400; R=320";pç 
LE-05-DD;"LEITO PARA CABOS, CURVA HORIZONTAL DE 60',  TIPO SEMI PESADO, EM AÇO GALVANIZAÇÃO ELETROLÍTICA, ABAS PARA FORA, CONSTITUÍDA DE DUAS LONGARINAS DE PERFIL TIPO ""U"" 19x100mm, RAIO SEGMENTADO.";POLEODUTO OU SIMILAR;"L=400; R=520";pç 
LE-05-FB;"LEITO PARA CABOS, CURVA HORIZONTAL DE 60',  TIPO SEMI PESADO, EM AÇO GALVANIZAÇÃO ELETROLÍTICA, ABAS PARA FORA, CONSTITUÍDA DE DUAS LONGARINAS DE PERFIL TIPO ""U"" 19x100mm, RAIO SEGMENTADO.";POLEODUTO OU SIMILAR;"L=600; R=320";pç 
LE-05-FD;"LEITO PARA CABOS, CURVA HORIZONTAL DE 60',  TIPO SEMI PESADO, EM AÇO GALVANIZAÇÃO ELETROLÍTICA, ABAS PARA FORA, CONSTITUÍDA DE DUAS LONGARINAS DE PERFIL TIPO ""U"" 19x100mm, RAIO SEGMENTADO.";POLEODUTO OU SIMILAR;"L=600; R=520";pç 
LA-06-AB;"LEITO PARA CABOS, CURVA HORIZONTAL DE 75',  TIPO PESADO, EM AÇO GALVANIZADO A FOGO, ABAS PARA FORA, CONSTITUÍDA DE DUAS LONGARINAS DE PERFIL TIPO ""U"" 19 X 100MM, RAIO SEGMENTADO.";POLEODUTO OU SIMILAR;"L=200; R=320";pç 
LA-06-AD;"LEITO PARA CABOS, CURVA HORIZONTAL DE 75',  TIPO PESADO, EM AÇO GALVANIZADO A FOGO, ABAS PARA FORA, CONSTITUÍDA DE DUAS LONGARINAS DE PERFIL TIPO ""U"" 19 X 100MM, RAIO SEGMENTADO.";POLEODUTO OU SIMILAR;"L=200; R=520";pç 
LA-06-DB;"LEITO PARA CABOS, CURVA HORIZONTAL DE 75',  TIPO PESADO, EM AÇO GALVANIZADO A FOGO, ABAS PARA FORA, CONSTITUÍDA DE DUAS LONGARINAS DE PERFIL TIPO ""U"" 19 X 100MM, RAIO SEGMENTADO.";POLEODUTO OU SIMILAR;"L=400; R=320";pç 
LA-06-DD;"LEITO PARA CABOS, CURVA HORIZONTAL DE 75',  TIPO PESADO, EM AÇO GALVANIZADO A FOGO, ABAS PARA FORA, CONSTITUÍDA DE DUAS LONGARINAS DE PERFIL TIPO ""U"" 19 X 100MM, RAIO SEGMENTADO.";POLEODUTO OU SIMILAR;"L=400; R=520";pç 
LA-06-FB;"LEITO PARA CABOS, CURVA HORIZONTAL DE 75',  TIPO PESADO, EM AÇO GALVANIZADO A FOGO, ABAS PARA FORA, CONSTITUÍDA DE DUAS LONGARINAS DE PERFIL TIPO ""U"" 19 X 100MM, RAIO SEGMENTADO.";POLEODUTO OU SIMILAR;"L=600; R=320";pç 
LA-06-FD;"LEITO PARA CABOS, CURVA HORIZONTAL DE 75',  TIPO PESADO, EM AÇO GALVANIZADO A FOGO, ABAS PARA FORA, CONSTITUÍDA DE DUAS LONGARINAS DE PERFIL TIPO ""U"" 19 X 100MM, RAIO SEGMENTADO.";POLEODUTO OU SIMILAR;"L=600; R=520";pç 
LA-06-IB;"LEITO PARA CABOS, CURVA HORIZONTAL DE 75',  TIPO PESADO, EM AÇO GALVANIZADO A FOGO, ABAS PARA FORA, CONSTITUÍDA DE DUAS LONGARINAS DE PERFIL TIPO ""U"" 19 X 100MM, RAIO SEGMENTADO.";POLEODUTO OU SIMILAR;"L=800; R=320";pç 
LE-06-AB;"LEITO PARA CABOS, CURVA HORIZONTAL DE 75',  TIPO SEMI PESADO, EM AÇO GALVANIZAÇÃO ELETROLÍTICA, ABAS PARA FORA, CONSTITUÍDA DE DUAS LONGARINAS DE PERFIL TIPO ""U"" 19x100mm, RAIO SEGMENTADO.";POLEODUTO OU SIMILAR;"L=200; R=320";pç 
LE-06-AD;"LEITO PARA CABOS, CURVA HORIZONTAL DE 75',  TIPO SEMI PESADO, EM AÇO GALVANIZAÇÃO ELETROLÍTICA, ABAS PARA FORA, CONSTITUÍDA DE DUAS LONGARINAS DE PERFIL TIPO ""U"" 19x100mm, RAIO SEGMENTADO.";POLEODUTO OU SIMILAR;"L=200; R=520";pç 
LE-06-DB;"LEITO PARA CABOS, CURVA HORIZONTAL DE 75',  TIPO SEMI PESADO, EM AÇO GALVANIZAÇÃO ELETROLÍTICA, ABAS PARA FORA, CONSTITUÍDA DE DUAS LONGARINAS DE PERFIL TIPO ""U"" 19x100mm, RAIO SEGMENTADO.";POLEODUTO OU SIMILAR;"L=400; R=320";pç 
LE-06-DD;"LEITO PARA CABOS, CURVA HORIZONTAL DE 75',  TIPO SEMI PESADO, EM AÇO GALVANIZAÇÃO ELETROLÍTICA, ABAS PARA FORA, CONSTITUÍDA DE DUAS LONGARINAS DE PERFIL TIPO ""U"" 19x100mm, RAIO SEGMENTADO.";POLEODUTO OU SIMILAR;"L=400; R=520";pç 
LE-06-FB;"LEITO PARA CABOS, CURVA HORIZONTAL DE 75',  TIPO SEMI PESADO, EM AÇO GALVANIZAÇÃO ELETROLÍTICA, ABAS PARA FORA, CONSTITUÍDA DE DUAS LONGARINAS DE PERFIL TIPO ""U"" 19x100mm, RAIO SEGMENTADO.";POLEODUTO OU SIMILAR;"L=600; R=320";pç 
LE-06-FD;"LEITO PARA CABOS, CURVA HORIZONTAL DE 75',  TIPO SEMI PESADO, EM AÇO GALVANIZAÇÃO ELETROLÍTICA, ABAS PARA FORA, CONSTITUÍDA DE DUAS LONGARINAS DE PERFIL TIPO ""U"" 19x100mm, RAIO SEGMENTADO.";POLEODUTO OU SIMILAR;"L=600; R=520";pç 
LA-07-AB;"LEITO PARA CABOS, CURVA HORIZONTAL DE 90°,  TIPO PESADO, EM AÇO GALVANIZADO A FOGO, ABAS PARA DENTRO, CONSTITUÍDA DE DUAS LONGARINAS DE PERFIL TIPO ""U"" 19 X 100MM, RAIO SEGMENTADO. L=200; R=320";POLEODUTO OU SIMILAR;"L=200; R=320";pç 
LA-07-AD;"LEITO PARA CABOS, CURVA HORIZONTAL DE 90',  TIPO PESADO, EM AÇO GALVANIZADO A FOGO, ABAS PARA FORA, CONSTITUÍDA DE DUAS LONGARINAS DE PERFIL TIPO ""U"" 19 X 100MM, RAIO SEGMENTADO.";POLEODUTO OU SIMILAR;"L=200; R=520";pç 
LA-07-DB;"LEITO PARA CABOS, CURVA HORIZONTAL DE 90',  TIPO PESADO, EM AÇO GALVANIZADO A FOGO, ABAS PARA FORA, CONSTITUÍDA DE DUAS LONGARINAS DE PERFIL TIPO ""U"" 19 X 100MM, RAIO SEGMENTADO.";POLEODUTO OU SIMILAR;"L=400; R=320";pç 
LA-07-DD;"LEITO PARA CABOS, CURVA HORIZONTAL DE 90',  TIPO PESADO, EM AÇO GALVANIZADO A FOGO, ABAS PARA FORA, CONSTITUÍDA DE DUAS LONGARINAS DE PERFIL TIPO ""U"" 19 X 100MM, RAIO SEGMENTADO.";POLEODUTO OU SIMILAR;"L=400; R=520";pç 
LA-07-FB;"LEITO PARA CABOS, CURVA HORIZONTAL DE 90',  TIPO PESADO, EM AÇO GALVANIZADO A FOGO, ABAS PARA FORA, CONSTITUÍDA DE DUAS LONGARINAS DE PERFIL TIPO ""U"" 19 X 100MM, RAIO SEGMENTADO.";POLEODUTO OU SIMILAR;"L=600; R=320";pç 
LA-07-FD;"LEITO PARA CABOS, CURVA HORIZONTAL DE 90',  TIPO PESADO, EM AÇO GALVANIZADO A FOGO, ABAS PARA FORA, CONSTITUÍDA DE DUAS LONGARINAS DE PERFIL TIPO ""U"" 19 X 100MM, RAIO SEGMENTADO.";POLEODUTO OU SIMILAR;"L=600; R=520";pç 
LA-07-IB;"LEITO PARA CABOS, CURVA HORIZONTAL DE 90',  TIPO PESADO, EM AÇO GALVANIZADO A FOGO, ABAS PARA FORA, CONSTITUÍDA DE DUAS LONGARINAS DE PERFIL TIPO ""U"" 19 X 100MM, RAIO SEGMENTADO.";POLEODUTO OU SIMILAR;"L=800; R=320";pç 
LA-07-ID;"LEITO PARA CABOS, CURVA HORIZONTAL DE 90',  TIPO PESADO, EM AÇO GALVANIZADO A FOGO, ABAS PARA FORA, CONSTITUÍDA DE DUAS LONGARINAS DE PERFIL TIPO ""U"" 19 X 100MM, RAIO SEGMENTADO.";POLEODUTO OU SIMILAR;"L=800; R=520";pç 
LD-07-ID;"LEITO PARA CABOS, CURVA HORIZONTAL DE 90',  TIPO PESADO, EM AÇO GALVANIZADO A FOGO, ABAS PARA FORA, CONSTITUÍDA DE DUAS LONGARINAS DE PERFIL TIPO ""U"" 19 X 100MM, RAIO SEGMENTADO.";POLEODUTO OU SIMILAR;"L=800; R=520";pç 
LE-07-AB;"LEITO PARA CABOS, CURVA HORIZONTAL DE 90',  TIPO SEMI PESADO, EM AÇO GALVANIZAÇÃO ELETROLÍTICA, ABAS PARA FORA, CONSTITUÍDA DE DUAS LONGARINAS DE PERFIL TIPO ""U"" 19x100mm, RAIO SEGMENTADO.";POLEODUTO OU SIMILAR;"L=200; R=320";pç 
LE-07-AD;"LEITO PARA CABOS, CURVA HORIZONTAL DE 90',  TIPO SEMI PESADO, EM AÇO GALVANIZAÇÃO ELETROLÍTICA, ABAS PARA FORA, CONSTITUÍDA DE DUAS LONGARINAS DE PERFIL TIPO ""U"" 19x100mm, RAIO SEGMENTADO.";POLEODUTO OU SIMILAR;"L=200; R=520";pç 
LE-07-DB;"LEITO PARA CABOS, CURVA HORIZONTAL DE 90',  TIPO SEMI PESADO, EM AÇO GALVANIZAÇÃO ELETROLÍTICA, ABAS PARA FORA, CONSTITUÍDA DE DUAS LONGARINAS DE PERFIL TIPO ""U"" 19x100mm, RAIO SEGMENTADO.";POLEODUTO OU SIMILAR;"L=400; R=320";pç 
LE-07-DD;"LEITO PARA CABOS, CURVA HORIZONTAL DE 90',  TIPO SEMI PESADO, EM AÇO GALVANIZAÇÃO ELETROLÍTICA, ABAS PARA FORA, CONSTITUÍDA DE DUAS LONGARINAS DE PERFIL TIPO ""U"" 19x100mm, RAIO SEGMENTADO.";POLEODUTO OU SIMILAR;"L=400; R=520";pç 
LE-07-FB;"LEITO PARA CABOS, CURVA HORIZONTAL DE 90',  TIPO SEMI PESADO, EM AÇO GALVANIZAÇÃO ELETROLÍTICA, ABAS PARA FORA, CONSTITUÍDA DE DUAS LONGARINAS DE PERFIL TIPO ""U"" 19x100mm, RAIO SEGMENTADO.";POLEODUTO OU SIMILAR;"L=600; R=320";pç 
LE-07-FD;"LEITO PARA CABOS, CURVA HORIZONTAL DE 90',  TIPO SEMI PESADO, EM AÇO GALVANIZAÇÃO ELETROLÍTICA, ABAS PARA FORA, CONSTITUÍDA DE DUAS LONGARINAS DE PERFIL TIPO ""U"" 19x100mm, RAIO SEGMENTADO.";POLEODUTO OU SIMILAR;"L=600; R=520";pç 
LE-07-ID;"LEITO PARA CABOS, CURVA HORIZONTAL DE 90',  TIPO SEMI PESADO, EM AÇO GALVANIZAÇÃO ELETROLÍTICA, ABAS PARA FORA, CONSTITUÍDA DE DUAS LONGARINAS DE PERFIL TIPO ""U"" 19x100mm, RAIO SEGMENTADO.";POLEODUTO OU SIMILAR;"L=800; R=520";pç 
LG-06-A;"LEITO PARA CABOS, CURVA VERTICAL ARTICULADA, TIPO SEMI PESADO, EM AÇO GALVANIZAÇÃO ARTICULADA, ABAS PARA FORA, CONSTITUÍDA DE DUAS LONGARINAS DE PERFIL TIPO ""U"" 19x100mm.";POLEODUTO OU SIMILAR;L=200;pç 
LG-06-D;"LEITO PARA CABOS, CURVA VERTICAL ARTICULADA, TIPO SEMI PESADO, EM AÇO GALVANIZAÇÃO ARTICULADA, ABAS PARA FORA, CONSTITUÍDA DE DUAS LONGARINAS DE PERFIL TIPO ""U"" 19x100mm.";POLEODUTO OU SIMILAR;L=400;pç 
LG-06-F;"LEITO PARA CABOS, CURVA VERTICAL ARTICULADA, TIPO SEMI PESADO, EM AÇO GALVANIZAÇÃO ARTICULADA, ABAS PARA FORA, CONSTITUÍDA DE DUAS LONGARINAS DE PERFIL TIPO ""U"" 19x100mm.";POLEODUTO OU SIMILAR;L=600;pç 
LG-06-I;"LEITO PARA CABOS, CURVA VERTICAL ARTICULADA, TIPO SEMI PESADO, EM AÇO GALVANIZAÇÃO ARTICULADA, ABAS PARA FORA, CONSTITUÍDA DE DUAS LONGARINAS DE PERFIL TIPO ""U"" 19x100mm.";POLEODUTO OU SIMILAR;L=600;pç 
LE-08-AB;"LEITO PARA CABOS, CURVA VERTICAL EXTERNA DE 15',   TIPO SEMI PESADO, EM AÇO GALVANIZAÇÃO ELETROLÍTICA, ABAS PARA FORA, CONSTITUÍDA DE DUAS LONGARINAS DE PERFIL TIPO ""U"" 19x100mm, RAIO SEGMENTADO.";POLEODUTO OU SIMILAR;"L=200; R=320";pç 
LE-08-AD;"LEITO PARA CABOS, CURVA VERTICAL EXTERNA DE 15',   TIPO SEMI PESADO, EM AÇO GALVANIZAÇÃO ELETROLÍTICA, ABAS PARA FORA, CONSTITUÍDA DE DUAS LONGARINAS DE PERFIL TIPO ""U"" 19x100mm, RAIO SEGMENTADO.";POLEODUTO OU SIMILAR;"L=200; R=520";pç 
LE-08-DB;"LEITO PARA CABOS, CURVA VERTICAL EXTERNA DE 15',   TIPO SEMI PESADO, EM AÇO GALVANIZAÇÃO ELETROLÍTICA, ABAS PARA FORA, CONSTITUÍDA DE DUAS LONGARINAS DE PERFIL TIPO ""U"" 19x100mm, RAIO SEGMENTADO.";POLEODUTO OU SIMILAR;"L=400; R=320";pç 
LE-08-DD;"LEITO PARA CABOS, CURVA VERTICAL EXTERNA DE 15',   TIPO SEMI PESADO, EM AÇO GALVANIZAÇÃO ELETROLÍTICA, ABAS PARA FORA, CONSTITUÍDA DE DUAS LONGARINAS DE PERFIL TIPO ""U"" 19x100mm, RAIO SEGMENTADO.";POLEODUTO OU SIMILAR;"L=400; R=520";pç 
LE-08-FB;"LEITO PARA CABOS, CURVA VERTICAL EXTERNA DE 15',   TIPO SEMI PESADO, EM AÇO GALVANIZAÇÃO ELETROLÍTICA, ABAS PARA FORA, CONSTITUÍDA DE DUAS LONGARINAS DE PERFIL TIPO ""U"" 19x100mm, RAIO SEGMENTADO.";POLEODUTO OU SIMILAR;"L=600; R=320";pç 
LE-08-FD;"LEITO PARA CABOS, CURVA VERTICAL EXTERNA DE 15',   TIPO SEMI PESADO, EM AÇO GALVANIZAÇÃO ELETROLÍTICA, ABAS PARA FORA, CONSTITUÍDA DE DUAS LONGARINAS DE PERFIL TIPO ""U"" 19x100mm, RAIO SEGMENTADO.";POLEODUTO OU SIMILAR;"L=600; R=520";pç 
LE-09-AB;"LEITO PARA CABOS, CURVA VERTICAL EXTERNA DE 30',   TIPO SEMI PESADO, EM AÇO GALVANIZAÇÃO ELETROLÍTICIA, ABAS PARA FORA, CONSTITUÍDA DE DUAS LONGARINAS DE PERFIL TIPO ""U"" 19x100mm, RAIO SEGMENTADO.";POLEODUTO OU SIMILAR;"L=200; R=320";pç 
LE-09-AD;"LEITO PARA CABOS, CURVA VERTICAL EXTERNA DE 30',   TIPO SEMI PESADO, EM AÇO GALVANIZAÇÃO ELETROLÍTICIA, ABAS PARA FORA, CONSTITUÍDA DE DUAS LONGARINAS DE PERFIL TIPO ""U"" 19x100mm, RAIO SEGMENTADO.";POLEODUTO OU SIMILAR;"L=200; R=520";pç 
LE-09-DB;"LEITO PARA CABOS, CURVA VERTICAL EXTERNA DE 30',   TIPO SEMI PESADO, EM AÇO GALVANIZAÇÃO ELETROLÍTICIA, ABAS PARA FORA, CONSTITUÍDA DE DUAS LONGARINAS DE PERFIL TIPO ""U"" 19x100mm, RAIO SEGMENTADO.";POLEODUTO OU SIMILAR;"L=400; R=320";pç 
LE-09-DD;"LEITO PARA CABOS, CURVA VERTICAL EXTERNA DE 30',   TIPO SEMI PESADO, EM AÇO GALVANIZAÇÃO ELETROLÍTICIA, ABAS PARA FORA, CONSTITUÍDA DE DUAS LONGARINAS DE PERFIL TIPO ""U"" 19x100mm, RAIO SEGMENTADO.";POLEODUTO OU SIMILAR;"L=400; R=520";pç 
LE-09-FB;"LEITO PARA CABOS, CURVA VERTICAL EXTERNA DE 30',   TIPO SEMI PESADO, EM AÇO GALVANIZAÇÃO ELETROLÍTICIA, ABAS PARA FORA, CONSTITUÍDA DE DUAS LONGARINAS DE PERFIL TIPO ""U"" 19x100mm, RAIO SEGMENTADO.";POLEODUTO OU SIMILAR;"L=600; R=320";pç 
LE-09-FD;"LEITO PARA CABOS, CURVA VERTICAL EXTERNA DE 30',   TIPO SEMI PESADO, EM AÇO GALVANIZAÇÃO ELETROLÍTICIA, ABAS PARA FORA, CONSTITUÍDA DE DUAS LONGARINAS DE PERFIL TIPO ""U"" 19x100mm, RAIO SEGMENTADO.";POLEODUTO OU SIMILAR;"L=600; R=520";pç 
LE-10-AB;"LEITO PARA CABOS, CURVA VERTICAL EXTERNA DE 45',   TIPO SEMI PESADO, EM AÇO GALVANIZAÇÃO ELETROLÍTICA, ABAS PARA FORA, CONSTITUÍDA DE DUAS LONGARINAS DE PERFIL TIPO ""U"" 19x100mm, RAIO SEGMENTADO.";POLEODUTO OU SIMILAR;"L=200; R=320";pç 
LE-10-AD;"LEITO PARA CABOS, CURVA VERTICAL EXTERNA DE 45',   TIPO SEMI PESADO, EM AÇO GALVANIZAÇÃO ELETROLÍTICA, ABAS PARA FORA, CONSTITUÍDA DE DUAS LONGARINAS DE PERFIL TIPO ""U"" 19x100mm, RAIO SEGMENTADO.";POLEODUTO OU SIMILAR;"L=200; R=520";pç 
LE-10-DB;"LEITO PARA CABOS, CURVA VERTICAL EXTERNA DE 45',   TIPO SEMI PESADO, EM AÇO GALVANIZAÇÃO ELETROLÍTICA, ABAS PARA FORA, CONSTITUÍDA DE DUAS LONGARINAS DE PERFIL TIPO ""U"" 19x100mm, RAIO SEGMENTADO.";POLEODUTO OU SIMILAR;"L=400; R=320";pç 
LE-10-DD;"LEITO PARA CABOS, CURVA VERTICAL EXTERNA DE 45',   TIPO SEMI PESADO, EM AÇO GALVANIZAÇÃO ELETROLÍTICA, ABAS PARA FORA, CONSTITUÍDA DE DUAS LONGARINAS DE PERFIL TIPO ""U"" 19x100mm, RAIO SEGMENTADO.";POLEODUTO OU SIMILAR;"L=400; R=520";pç 
LE-10-FB;"LEITO PARA CABOS, CURVA VERTICAL EXTERNA DE 45',   TIPO SEMI PESADO, EM AÇO GALVANIZAÇÃO ELETROLÍTICA, ABAS PARA FORA, CONSTITUÍDA DE DUAS LONGARINAS DE PERFIL TIPO ""U"" 19x100mm, RAIO SEGMENTADO.";POLEODUTO OU SIMILAR;"L=600; R=320";pç 
LE-10-FD;"LEITO PARA CABOS, CURVA VERTICAL EXTERNA DE 45',   TIPO SEMI PESADO, EM AÇO GALVANIZAÇÃO ELETROLÍTICA, ABAS PARA FORA, CONSTITUÍDA DE DUAS LONGARINAS DE PERFIL TIPO ""U"" 19x100mm, RAIO SEGMENTADO.";POLEODUTO OU SIMILAR;"L=600; R=520";pç 
LE-11-AB;"LEITO PARA CABOS, CURVA VERTICAL EXTERNA DE 60',   TIPO SEMI PESADO, EM AÇO GALVANIZAÇÃO ELETROLÍTICA, ABAS PARA FORA, CONSTITUÍDA DE DUAS LONGARINAS DE PERFIL TIPO ""U"" 19x100mm, RAIO SEGMENTADO.";POLEODUTO OU SIMILAR;"L=200; R=320";pç 
LE-11-AD;"LEITO PARA CABOS, CURVA VERTICAL EXTERNA DE 60',   TIPO SEMI PESADO, EM AÇO GALVANIZAÇÃO ELETROLÍTICA, ABAS PARA FORA, CONSTITUÍDA DE DUAS LONGARINAS DE PERFIL TIPO ""U"" 19x100mm, RAIO SEGMENTADO.";POLEODUTO OU SIMILAR;"L=200; R=520";pç 
LE-11-DB;"LEITO PARA CABOS, CURVA VERTICAL EXTERNA DE 60',   TIPO SEMI PESADO, EM AÇO GALVANIZAÇÃO ELETROLÍTICA, ABAS PARA FORA, CONSTITUÍDA DE DUAS LONGARINAS DE PERFIL TIPO ""U"" 19x100mm, RAIO SEGMENTADO.";POLEODUTO OU SIMILAR;"L=400; R=320";pç 
LE-11-DD;"LEITO PARA CABOS, CURVA VERTICAL EXTERNA DE 60',   TIPO SEMI PESADO, EM AÇO GALVANIZAÇÃO ELETROLÍTICA, ABAS PARA FORA, CONSTITUÍDA DE DUAS LONGARINAS DE PERFIL TIPO ""U"" 19x100mm, RAIO SEGMENTADO.";POLEODUTO OU SIMILAR;"L=400; R=520";pç 
LE-11-FB;"LEITO PARA CABOS, CURVA VERTICAL EXTERNA DE 60',   TIPO SEMI PESADO, EM AÇO GALVANIZAÇÃO ELETROLÍTICA, ABAS PARA FORA, CONSTITUÍDA DE DUAS LONGARINAS DE PERFIL TIPO ""U"" 19x100mm, RAIO SEGMENTADO.";POLEODUTO OU SIMILAR;"L=600; R=320";pç 
LE-11-FD;"LEITO PARA CABOS, CURVA VERTICAL EXTERNA DE 60',   TIPO SEMI PESADO, EM AÇO GALVANIZAÇÃO ELETROLÍTICA, ABAS PARA FORA, CONSTITUÍDA DE DUAS LONGARINAS DE PERFIL TIPO ""U"" 19x100mm, RAIO SEGMENTADO.";POLEODUTO OU SIMILAR;"L=600; R=520";pç 
LE-12-AB;"LEITO PARA CABOS, CURVA VERTICAL EXTERNA DE 75',   TIPO SEMI PESADO, EM AÇO GALVANIZADO A FRIO, ABAS PARA FORA, CONSTITUÍDA DE DUAS LONGARINAS DE PERFIL TIPO ""U"" 19x100mm, RAIO SEGMENTADO.";POLEODUTO OU SIMILAR;"L=200; R=320";pç 
LE-12-AD;"LEITO PARA CABOS, CURVA VERTICAL EXTERNA DE 75',   TIPO SEMI PESADO, EM AÇO GALVANIZADO A FRIO, ABAS PARA FORA, CONSTITUÍDA DE DUAS LONGARINAS DE PERFIL TIPO ""U"" 19x100mm, RAIO SEGMENTADO.";POLEODUTO OU SIMILAR;"L=200; R=520";pç 
LE-12-DB;"LEITO PARA CABOS, CURVA VERTICAL EXTERNA DE 75',   TIPO SEMI PESADO, EM AÇO GALVANIZADO A FRIO, ABAS PARA FORA, CONSTITUÍDA DE DUAS LONGARINAS DE PERFIL TIPO ""U"" 19x100mm, RAIO SEGMENTADO.";POLEODUTO OU SIMILAR;"L=400; R=320";pç 
LE-12-DD;"LEITO PARA CABOS, CURVA VERTICAL EXTERNA DE 75',   TIPO SEMI PESADO, EM AÇO GALVANIZADO A FRIO, ABAS PARA FORA, CONSTITUÍDA DE DUAS LONGARINAS DE PERFIL TIPO ""U"" 19x100mm, RAIO SEGMENTADO.";POLEODUTO OU SIMILAR;"L=400; R=520";pç 
LE-12-FB;"LEITO PARA CABOS, CURVA VERTICAL EXTERNA DE 75',   TIPO SEMI PESADO, EM AÇO GALVANIZADO A FRIO, ABAS PARA FORA, CONSTITUÍDA DE DUAS LONGARINAS DE PERFIL TIPO ""U"" 19x100mm, RAIO SEGMENTADO.";POLEODUTO OU SIMILAR;"L=600; R=320";pç 
LE-12-FD;"LEITO PARA CABOS, CURVA VERTICAL EXTERNA DE 75',   TIPO SEMI PESADO, EM AÇO GALVANIZADO A FRIO, ABAS PARA FORA, CONSTITUÍDA DE DUAS LONGARINAS DE PERFIL TIPO ""U"" 19x100mm, RAIO SEGMENTADO.";POLEODUTO OU SIMILAR;"L=600; R=520";pç 
LA-13-AB;"LEITO PARA CABOS, CURVA VERTICAL EXTERNA DE 90',   TIPO PESADO, EM AÇO GALVANIZADO A FOGO, ABAS PARA FORA, CONSTITUÍDA DE DUAS LONGARINAS DE PERFIL TIPO ""U"" 19 X 100MM, RAIO SEGMENTADO. L=200; R=320";POLEODUTO OU SIMILAR;"L=200; R=320";pç 
LA-13-AD;"LEITO PARA CABOS, CURVA VERTICAL EXTERNA DE 90',   TIPO PESADO, EM AÇO GALVANIZADO A FOGO, ABAS PARA FORA, CONSTITUÍDA DE DUAS LONGARINAS DE PERFIL TIPO ""U"" 19 X 100MM, RAIO SEGMENTADO.";POLEODUTO OU SIMILAR;"L=200; R=520";pç 
LA-13-DB;"LEITO PARA CABOS, CURVA VERTICAL EXTERNA DE 90',   TIPO PESADO, EM AÇO GALVANIZADO A FOGO, ABAS PARA FORA, CONSTITUÍDA DE DUAS LONGARINAS DE PERFIL TIPO ""U"" 19 X 100MM, RAIO SEGMENTADO.";POLEODUTO OU SIMILAR;"L=400; R=320";pç 
LA-13-DD;"LEITO PARA CABOS, CURVA VERTICAL EXTERNA DE 90',   TIPO PESADO, EM AÇO GALVANIZADO A FOGO, ABAS PARA FORA, CONSTITUÍDA DE DUAS LONGARINAS DE PERFIL TIPO ""U"" 19 X 100MM, RAIO SEGMENTADO.";POLEODUTO OU SIMILAR;"L=400; R=520";pç 
LA-13-FB;"LEITO PARA CABOS, CURVA VERTICAL EXTERNA DE 90',   TIPO PESADO, EM AÇO GALVANIZADO A FOGO, ABAS PARA FORA, CONSTITUÍDA DE DUAS LONGARINAS DE PERFIL TIPO ""U"" 19 X 100MM, RAIO SEGMENTADO.";POLEODUTO OU SIMILAR;"L=600; R=320";pç 
LA-13-FD;"LEITO PARA CABOS, CURVA VERTICAL EXTERNA DE 90',   TIPO PESADO, EM AÇO GALVANIZADO A FOGO, ABAS PARA FORA, CONSTITUÍDA DE DUAS LONGARINAS DE PERFIL TIPO ""U"" 19 X 100MM, RAIO SEGMENTADO.";POLEODUTO OU SIMILAR;"L=600; R=520";pç 
LA-13-IB;"LEITO PARA CABOS, CURVA VERTICAL EXTERNA DE 90',   TIPO PESADO, EM AÇO GALVANIZADO A FOGO, ABAS PARA FORA, CONSTITUÍDA DE DUAS LONGARINAS DE PERFIL TIPO ""U"" 19 X 100MM, RAIO SEGMENTADO.";POLEODUTO OU SIMILAR;"L=800; R=320";pç 
LA-13-ID;"LEITO PARA CABOS, CURVA VERTICAL EXTERNA DE 90',   TIPO PESADO, EM AÇO GALVANIZADO A FOGO, ABAS PARA FORA, CONSTITUÍDA DE DUAS LONGARINAS DE PERFIL TIPO ""U"" 19 X 100MM, RAIO SEGMENTADO.";POLEODUTO OU SIMILAR;"L=800; R=520";pç 
LE-13-AB;"LEITO PARA CABOS, CURVA VERTICAL EXTERNA DE 90',   TIPO SEMI PESADO, EM AÇO GALVANIZAÇÃO ELETROLÍTICA, ABAS PARA FORA, CONSTITUÍDA DE DUAS LONGARINAS DE PERFIL TIPO ""U"" 19x100mm, RAIO SEGMENTADO.";POLEODUTO OU SIMILAR;"L=200; R=320";pç 
LE-13-AD;"LEITO PARA CABOS, CURVA VERTICAL EXTERNA DE 90',   TIPO SEMI PESADO, EM AÇO GALVANIZAÇÃO ELETROLÍTICA, ABAS PARA FORA, CONSTITUÍDA DE DUAS LONGARINAS DE PERFIL TIPO ""U"" 19x100mm, RAIO SEGMENTADO.";POLEODUTO OU SIMILAR;"L=200; R=520";pç 
LE-13-DB;"LEITO PARA CABOS, CURVA VERTICAL EXTERNA DE 90',   TIPO SEMI PESADO, EM AÇO GALVANIZAÇÃO ELETROLÍTICA, ABAS PARA FORA, CONSTITUÍDA DE DUAS LONGARINAS DE PERFIL TIPO ""U"" 19x100mm, RAIO SEGMENTADO.";POLEODUTO OU SIMILAR;"L=400; R=320";pç 
LE-13-DD;"LEITO PARA CABOS, CURVA VERTICAL EXTERNA DE 90',   TIPO SEMI PESADO, EM AÇO GALVANIZAÇÃO ELETROLÍTICA, ABAS PARA FORA, CONSTITUÍDA DE DUAS LONGARINAS DE PERFIL TIPO ""U"" 19x100mm, RAIO SEGMENTADO.";POLEODUTO OU SIMILAR;"L=400; R=520";pç 
LE-13-FB;"LEITO PARA CABOS, CURVA VERTICAL EXTERNA DE 90',   TIPO SEMI PESADO, EM AÇO GALVANIZAÇÃO ELETROLÍTICA, ABAS PARA FORA, CONSTITUÍDA DE DUAS LONGARINAS DE PERFIL TIPO ""U"" 19x100mm, RAIO SEGMENTADO.";POLEODUTO OU SIMILAR;"L=600; R=320";pç 
LE-13-FD;"LEITO PARA CABOS, CURVA VERTICAL EXTERNA DE 90',   TIPO SEMI PESADO, EM AÇO GALVANIZAÇÃO ELETROLÍTICA, ABAS PARA FORA, CONSTITUÍDA DE DUAS LONGARINAS DE PERFIL TIPO ""U"" 19x100mm, RAIO SEGMENTADO.";POLEODUTO OU SIMILAR;"L=600; R=520";pç 
LE-13-ID;"LEITO PARA CABOS, CURVA VERTICAL EXTERNA DE 90',   TIPO SEMI PESADO, EM AÇO GALVANIZAÇÃO ELETROLÍTICA, ABAS PARA FORA, CONSTITUÍDA DE DUAS LONGARINAS DE PERFIL TIPO ""U"" 19x100mm, RAIO SEGMENTADO.";POLEODUTO OU SIMILAR;"L=800; R=520";pç 
LE-23-AB;"LEITO PARA CABOS, CURVA VERTICAL EXTERNA DE 90',   TIPO SEMI PESADO, EM AÇO GALVANIZADO A FOGO, ABAS PARA FORA, CONSTITUÍDA DE DUAS LONGARINAS DE PERFIL TIPO ""U"" 19x100mm, RAIO SEGMENTADO.";POLEODUTO OU SIMILAR;"L=200; R=320";pç 
LE-23-AD;"LEITO PARA CABOS, CURVA VERTICAL EXTERNA DE 90',   TIPO SEMI PESADO, EM AÇO GALVANIZADO A FOGO, ABAS PARA FORA, CONSTITUÍDA DE DUAS LONGARINAS DE PERFIL TIPO ""U"" 19x100mm, RAIO SEGMENTADO.";POLEODUTO OU SIMILAR;"L=200; R=520";pç 
LE-23-DB;"LEITO PARA CABOS, CURVA VERTICAL EXTERNA DE 90',   TIPO SEMI PESADO, EM AÇO GALVANIZADO A FOGO, ABAS PARA FORA, CONSTITUÍDA DE DUAS LONGARINAS DE PERFIL TIPO ""U"" 19x100mm, RAIO SEGMENTADO.";POLEODUTO OU SIMILAR;"L=400; R=320";pç 
LE-23-DD;"LEITO PARA CABOS, CURVA VERTICAL EXTERNA DE 90',   TIPO SEMI PESADO, EM AÇO GALVANIZADO A FOGO, ABAS PARA FORA, CONSTITUÍDA DE DUAS LONGARINAS DE PERFIL TIPO ""U"" 19x100mm, RAIO SEGMENTADO.";POLEODUTO OU SIMILAR;"L=400; R=520";pç 
LE-23-FB;"LEITO PARA CABOS, CURVA VERTICAL EXTERNA DE 90',   TIPO SEMI PESADO, EM AÇO GALVANIZADO A FOGO, ABAS PARA FORA, CONSTITUÍDA DE DUAS LONGARINAS DE PERFIL TIPO ""U"" 19x100mm, RAIO SEGMENTADO.";POLEODUTO OU SIMILAR;"L=600; R=320";pç 
LE-23-FD;"LEITO PARA CABOS, CURVA VERTICAL EXTERNA DE 90',   TIPO SEMI PESADO, EM AÇO GALVANIZADO A FOGO, ABAS PARA FORA, CONSTITUÍDA DE DUAS LONGARINAS DE PERFIL TIPO ""U"" 19x100mm, RAIO SEGMENTADO.";POLEODUTO OU SIMILAR;"L=600; R=520";pç 
LE-23-ID;"LEITO PARA CABOS, CURVA VERTICAL EXTERNA DE 90',   TIPO SEMI PESADO, EM AÇO GALVANIZADO A FOGO, ABAS PARA FORA, CONSTITUÍDA DE DUAS LONGARINAS DE PERFIL TIPO ""U"" 19x100mm, RAIO SEGMENTADO.";POLEODUTO OU SIMILAR;"L=800; R=520";pç 
LE-14-AB;"LEITO PARA CABOS, CURVA VERTICAL INTERNA DE 15',   TIPO SEMI PESADO, EM AÇO GALVANIZAÇÃO ELETROLÍTICA, ABAS PARA FORA, CONSTITUÍDA DE DUAS LONGARINAS DE PERFIL TIPO ""U"" 19x100mm, RAIO SEGMENTADO.";POLEODUTO OU SIMILAR;"L=200; R=320";pç 
LE-14-AD;"LEITO PARA CABOS, CURVA VERTICAL INTERNA DE 15',   TIPO SEMI PESADO, EM AÇO GALVANIZAÇÃO ELETROLÍTICA, ABAS PARA FORA, CONSTITUÍDA DE DUAS LONGARINAS DE PERFIL TIPO ""U"" 19x100mm, RAIO SEGMENTADO.";POLEODUTO OU SIMILAR;"L=200; R=520";pç 
LE-14-DB;"LEITO PARA CABOS, CURVA VERTICAL INTERNA DE 15',   TIPO SEMI PESADO, EM AÇO GALVANIZAÇÃO ELETROLÍTICA, ABAS PARA FORA, CONSTITUÍDA DE DUAS LONGARINAS DE PERFIL TIPO ""U"" 19x100mm, RAIO SEGMENTADO.";POLEODUTO OU SIMILAR;"L=400; R=320";pç 
LE-14-DD;"LEITO PARA CABOS, CURVA VERTICAL INTERNA DE 15',   TIPO SEMI PESADO, EM AÇO GALVANIZAÇÃO ELETROLÍTICA, ABAS PARA FORA, CONSTITUÍDA DE DUAS LONGARINAS DE PERFIL TIPO ""U"" 19x100mm, RAIO SEGMENTADO.";POLEODUTO OU SIMILAR;"L=400; R=520";pç 
LE-14-FB;"LEITO PARA CABOS, CURVA VERTICAL INTERNA DE 15',   TIPO SEMI PESADO, EM AÇO GALVANIZAÇÃO ELETROLÍTICA, ABAS PARA FORA, CONSTITUÍDA DE DUAS LONGARINAS DE PERFIL TIPO ""U"" 19x100mm, RAIO SEGMENTADO.";POLEODUTO OU SIMILAR;"L=600; R=320";pç 
LE-14-FD;"LEITO PARA CABOS, CURVA VERTICAL INTERNA DE 15',   TIPO SEMI PESADO, EM AÇO GALVANIZAÇÃO ELETROLÍTICA, ABAS PARA FORA, CONSTITUÍDA DE DUAS LONGARINAS DE PERFIL TIPO ""U"" 19x100mm, RAIO SEGMENTADO.";POLEODUTO OU SIMILAR;"L=600; R=520";pç 
LE-15-AB;"LEITO PARA CABOS, CURVA VERTICAL INTERNA DE 30',   TIPO SEMI PESADO, EM AÇO GALVANIZAÇÃO ELETROLÍTICA, ABAS PARA FORA, CONSTITUÍDA DE DUAS LONGARINAS DE PERFIL TIPO ""U"" 19x100mm, RAIO SEGMENTADO.";POLEODUTO OU SIMILAR;"L=200; R=320";pç 
LE-15-AD;"LEITO PARA CABOS, CURVA VERTICAL INTERNA DE 30',   TIPO SEMI PESADO, EM AÇO GALVANIZAÇÃO ELETROLÍTICA, ABAS PARA FORA, CONSTITUÍDA DE DUAS LONGARINAS DE PERFIL TIPO ""U"" 19x100mm, RAIO SEGMENTADO.";POLEODUTO OU SIMILAR;"L=200; R=520";pç 
LE-15-DB;"LEITO PARA CABOS, CURVA VERTICAL INTERNA DE 30',   TIPO SEMI PESADO, EM AÇO GALVANIZAÇÃO ELETROLÍTICA, ABAS PARA FORA, CONSTITUÍDA DE DUAS LONGARINAS DE PERFIL TIPO ""U"" 19x100mm, RAIO SEGMENTADO.";POLEODUTO OU SIMILAR;"L=400; R=320";pç 
LE-15-DD;"LEITO PARA CABOS, CURVA VERTICAL INTERNA DE 30',   TIPO SEMI PESADO, EM AÇO GALVANIZAÇÃO ELETROLÍTICA, ABAS PARA FORA, CONSTITUÍDA DE DUAS LONGARINAS DE PERFIL TIPO ""U"" 19x100mm, RAIO SEGMENTADO.";POLEODUTO OU SIMILAR;"L=400; R=520";pç 
LE-15-FB;"LEITO PARA CABOS, CURVA VERTICAL INTERNA DE 30',   TIPO SEMI PESADO, EM AÇO GALVANIZAÇÃO ELETROLÍTICA, ABAS PARA FORA, CONSTITUÍDA DE DUAS LONGARINAS DE PERFIL TIPO ""U"" 19x100mm, RAIO SEGMENTADO.";POLEODUTO OU SIMILAR;"L=600; R=320";pç 
LE-15-FD;"LEITO PARA CABOS, CURVA VERTICAL INTERNA DE 30',   TIPO SEMI PESADO, EM AÇO GALVANIZAÇÃO ELETROLÍTICA, ABAS PARA FORA, CONSTITUÍDA DE DUAS LONGARINAS DE PERFIL TIPO ""U"" 19x100mm, RAIO SEGMENTADO.";POLEODUTO OU SIMILAR;"L=600; R=520";pç 
LE-16-AB;"LEITO PARA CABOS, CURVA VERTICAL INTERNA DE 45',   TIPO SEMI PESADO, EM AÇO GALVANIZAÇÃO ELETROLÍTICA, ABAS PARA FORA, CONSTITUÍDA DE DUAS LONGARINAS DE PERFIL TIPO ""U"" 19x100mm, RAIO SEGMENTADO..";POLEODUTO OU SIMILAR;"L=200; R=320";pç 
LE-16-AD;"LEITO PARA CABOS, CURVA VERTICAL INTERNA DE 45',   TIPO SEMI PESADO, EM AÇO GALVANIZAÇÃO ELETROLÍTICA, ABAS PARA FORA, CONSTITUÍDA DE DUAS LONGARINAS DE PERFIL TIPO ""U"" 19x100mm, RAIO SEGMENTADO..";POLEODUTO OU SIMILAR;"L=200; R=520";pç 
LE-16-DB;"LEITO PARA CABOS, CURVA VERTICAL INTERNA DE 45',   TIPO SEMI PESADO, EM AÇO GALVANIZAÇÃO ELETROLÍTICA, ABAS PARA FORA, CONSTITUÍDA DE DUAS LONGARINAS DE PERFIL TIPO ""U"" 19x100mm, RAIO SEGMENTADO..";POLEODUTO OU SIMILAR;"L=400; R=320";pç 
LE-16-DD;"LEITO PARA CABOS, CURVA VERTICAL INTERNA DE 45',   TIPO SEMI PESADO, EM AÇO GALVANIZAÇÃO ELETROLÍTICA, ABAS PARA FORA, CONSTITUÍDA DE DUAS LONGARINAS DE PERFIL TIPO ""U"" 19x100mm, RAIO SEGMENTADO..";POLEODUTO OU SIMILAR;"L=400; R=520";pç 
LE-16-FB;"LEITO PARA CABOS, CURVA VERTICAL INTERNA DE 45',   TIPO SEMI PESADO, EM AÇO GALVANIZAÇÃO ELETROLÍTICA, ABAS PARA FORA, CONSTITUÍDA DE DUAS LONGARINAS DE PERFIL TIPO ""U"" 19x100mm, RAIO SEGMENTADO..";POLEODUTO OU SIMILAR;"L=600; R=320";pç 
LE-16-FD;"LEITO PARA CABOS, CURVA VERTICAL INTERNA DE 45',   TIPO SEMI PESADO, EM AÇO GALVANIZAÇÃO ELETROLÍTICA, ABAS PARA FORA, CONSTITUÍDA DE DUAS LONGARINAS DE PERFIL TIPO ""U"" 19x100mm, RAIO SEGMENTADO..";POLEODUTO OU SIMILAR;"L=600; R=520";pç 
LE-17-AB;"LEITO PARA CABOS, CURVA VERTICAL INTERNA DE 60',   TIPO SEMI PESADO, EM AÇO GALVANIZAÇÃO ELETROLÍTICA, ABAS PARA FORA, CONSTITUÍDA DE DUAS LONGARINAS DE PERFIL TIPO ""U"" 19x100mm, RAIO SEGMENTADO.";POLEODUTO OU SIMILAR;"L=200; R=320";pç 
LE-17-AD;"LEITO PARA CABOS, CURVA VERTICAL INTERNA DE 60',   TIPO SEMI PESADO, EM AÇO GALVANIZAÇÃO ELETROLÍTICA, ABAS PARA FORA, CONSTITUÍDA DE DUAS LONGARINAS DE PERFIL TIPO ""U"" 19x100mm, RAIO SEGMENTADO.";POLEODUTO OU SIMILAR;"L=200; R=520";pç 
LE-17-DB;"LEITO PARA CABOS, CURVA VERTICAL INTERNA DE 60',   TIPO SEMI PESADO, EM AÇO GALVANIZAÇÃO ELETROLÍTICA, ABAS PARA FORA, CONSTITUÍDA DE DUAS LONGARINAS DE PERFIL TIPO ""U"" 19x100mm, RAIO SEGMENTADO.";POLEODUTO OU SIMILAR;"L=400; R=320";pç 
LE-17-DD;"LEITO PARA CABOS, CURVA VERTICAL INTERNA DE 60',   TIPO SEMI PESADO, EM AÇO GALVANIZAÇÃO ELETROLÍTICA, ABAS PARA FORA, CONSTITUÍDA DE DUAS LONGARINAS DE PERFIL TIPO ""U"" 19x100mm, RAIO SEGMENTADO.";POLEODUTO OU SIMILAR;"L=400; R=520";pç 
LE-17-FB;"LEITO PARA CABOS, CURVA VERTICAL INTERNA DE 60',   TIPO SEMI PESADO, EM AÇO GALVANIZAÇÃO ELETROLÍTICA, ABAS PARA FORA, CONSTITUÍDA DE DUAS LONGARINAS DE PERFIL TIPO ""U"" 19x100mm, RAIO SEGMENTADO.";POLEODUTO OU SIMILAR;"L=600; R=320";pç 
LE-17-FD;"LEITO PARA CABOS, CURVA VERTICAL INTERNA DE 60',   TIPO SEMI PESADO, EM AÇO GALVANIZAÇÃO ELETROLÍTICA, ABAS PARA FORA, CONSTITUÍDA DE DUAS LONGARINAS DE PERFIL TIPO ""U"" 19x100mm, RAIO SEGMENTADO.";POLEODUTO OU SIMILAR;"L=600; R=520";pç 
LE-18-AB;"LEITO PARA CABOS, CURVA VERTICAL INTERNA DE 75',   TIPO SEMI PESADO, EM AÇO GALVANIZAÇÃO ELETROLÍTICA, ABAS PARA FORA, CONSTITUÍDA DE DUAS LONGARINAS DE PERFIL TIPO ""U"" 19x100mm, RAIO SEGMENTADO.";POLEODUTO OU SIMILAR;"L=200; R=320";pç 
LE-18-AD;"LEITO PARA CABOS, CURVA VERTICAL INTERNA DE 75',   TIPO SEMI PESADO, EM AÇO GALVANIZAÇÃO ELETROLÍTICA, ABAS PARA FORA, CONSTITUÍDA DE DUAS LONGARINAS DE PERFIL TIPO ""U"" 19x100mm, RAIO SEGMENTADO.";POLEODUTO OU SIMILAR;"L=200; R=520";pç 
LE-18-DB;"LEITO PARA CABOS, CURVA VERTICAL INTERNA DE 75',   TIPO SEMI PESADO, EM AÇO GALVANIZAÇÃO ELETROLÍTICA, ABAS PARA FORA, CONSTITUÍDA DE DUAS LONGARINAS DE PERFIL TIPO ""U"" 19x100mm, RAIO SEGMENTADO.";POLEODUTO OU SIMILAR;"L=400; R=320";pç 
LE-18-DD;"LEITO PARA CABOS, CURVA VERTICAL INTERNA DE 75',   TIPO SEMI PESADO, EM AÇO GALVANIZAÇÃO ELETROLÍTICA, ABAS PARA FORA, CONSTITUÍDA DE DUAS LONGARINAS DE PERFIL TIPO ""U"" 19x100mm, RAIO SEGMENTADO.";POLEODUTO OU SIMILAR;"L=400; R=520";pç 
LE-18-FB;"LEITO PARA CABOS, CURVA VERTICAL INTERNA DE 75',   TIPO SEMI PESADO, EM AÇO GALVANIZAÇÃO ELETROLÍTICA, ABAS PARA FORA, CONSTITUÍDA DE DUAS LONGARINAS DE PERFIL TIPO ""U"" 19x100mm, RAIO SEGMENTADO.";POLEODUTO OU SIMILAR;"L=600; R=320";pç 
LE-18-FD;"LEITO PARA CABOS, CURVA VERTICAL INTERNA DE 75',   TIPO SEMI PESADO, EM AÇO GALVANIZAÇÃO ELETROLÍTICA, ABAS PARA FORA, CONSTITUÍDA DE DUAS LONGARINAS DE PERFIL TIPO ""U"" 19x100mm, RAIO SEGMENTADO.";POLEODUTO OU SIMILAR;"L=600; R=520";pç 
LA-19-AB;"LEITO PARA CABOS, CURVA VERTICAL INTERNA DE 90',   TIPO PESADO, EM AÇO GALVANIZADO A FOGO, ABAS PARA FORA, CONSTITUÍDA DE DUAS LONGARINAS DE PERFIL TIPO ""U"" 19 X 100MM, RAIO SEGMENTADO.";POLEODUTO OU SIMILAR;"L=200; R=320";pç 
LA-19-AD;"LEITO PARA CABOS, CURVA VERTICAL INTERNA DE 90',   TIPO PESADO, EM AÇO GALVANIZADO A FOGO, ABAS PARA FORA, CONSTITUÍDA DE DUAS LONGARINAS DE PERFIL TIPO ""U"" 19 X 100MM, RAIO SEGMENTADO.";POLEODUTO OU SIMILAR;"L=200; R=520";pç 
LA-19-DB;"LEITO PARA CABOS, CURVA VERTICAL INTERNA DE 90',   TIPO PESADO, EM AÇO GALVANIZADO A FOGO, ABAS PARA FORA, CONSTITUÍDA DE DUAS LONGARINAS DE PERFIL TIPO ""U"" 19 X 100MM, RAIO SEGMENTADO.";POLEODUTO OU SIMILAR;"L=400; R=320";pç 
LA-19-DD;"LEITO PARA CABOS, CURVA VERTICAL INTERNA DE 90',   TIPO PESADO, EM AÇO GALVANIZADO A FOGO, ABAS PARA FORA, CONSTITUÍDA DE DUAS LONGARINAS DE PERFIL TIPO ""U"" 19 X 100MM, RAIO SEGMENTADO.";POLEODUTO OU SIMILAR;"L=400; R=520";pç 
LA-19-FB;"LEITO PARA CABOS, CURVA VERTICAL INTERNA DE 90',   TIPO PESADO, EM AÇO GALVANIZADO A FOGO, ABAS PARA FORA, CONSTITUÍDA DE DUAS LONGARINAS DE PERFIL TIPO ""U"" 19 X 100MM, RAIO SEGMENTADO.";POLEODUTO OU SIMILAR;"L=600; R=320";pç 
LA-19-FD;"LEITO PARA CABOS, CURVA VERTICAL INTERNA DE 90',   TIPO PESADO, EM AÇO GALVANIZADO A FOGO, ABAS PARA FORA, CONSTITUÍDA DE DUAS LONGARINAS DE PERFIL TIPO ""U"" 19 X 100MM, RAIO SEGMENTADO.";POLEODUTO OU SIMILAR;"L=600; R=520";pç 
LA-19-IB;"LEITO PARA CABOS, CURVA VERTICAL INTERNA DE 90',   TIPO PESADO, EM AÇO GALVANIZADO A FOGO, ABAS PARA FORA, CONSTITUÍDA DE DUAS LONGARINAS DE PERFIL TIPO ""U"" 19 X 100MM, RAIO SEGMENTADO.";POLEODUTO OU SIMILAR;"L=800; R=320";pç 
LA-19-ID;"LEITO PARA CABOS, CURVA VERTICAL INTERNA DE 90',   TIPO PESADO, EM AÇO GALVANIZADO A FOGO, ABAS PARA FORA, CONSTITUÍDA DE DUAS LONGARINAS DE PERFIL TIPO ""U"" 19 X 100MM, RAIO SEGMENTADO.";POLEODUTO OU SIMILAR;"L=800; R=520";pç 
LE-29-AB;"LEITO PARA CABOS, CURVA VERTICAL INTERNA DE 90',   TIPO SEMI PESADO, EM AÇO GALVANIZADO A FOGO, ABAS PARA FORA, CONSTITUÍDA DE DUAS LONGARINAS DE PERFIL TIPO ""U"" 29x100mm, RAIO SEGMENTADO.";POLEODUTO OU SIMILAR;"L=200; R=320";pç 
LE-29-AD;"LEITO PARA CABOS, CURVA VERTICAL INTERNA DE 90',   TIPO SEMI PESADO, EM AÇO GALVANIZADO A FOGO, ABAS PARA FORA, CONSTITUÍDA DE DUAS LONGARINAS DE PERFIL TIPO ""U"" 29x100mm, RAIO SEGMENTADO.";POLEODUTO OU SIMILAR;"L=200; R=520";pç 
LE-29-DB;"LEITO PARA CABOS, CURVA VERTICAL INTERNA DE 90',   TIPO SEMI PESADO, EM AÇO GALVANIZADO A FOGO, ABAS PARA FORA, CONSTITUÍDA DE DUAS LONGARINAS DE PERFIL TIPO ""U"" 29x100mm, RAIO SEGMENTADO.";POLEODUTO OU SIMILAR;"L=400; R=320";pç 
LE-29-DD;"LEITO PARA CABOS, CURVA VERTICAL INTERNA DE 90',   TIPO SEMI PESADO, EM AÇO GALVANIZADO A FOGO, ABAS PARA FORA, CONSTITUÍDA DE DUAS LONGARINAS DE PERFIL TIPO ""U"" 29x100mm, RAIO SEGMENTADO.";POLEODUTO OU SIMILAR;"L=400; R=520";pç 
LE-29-FB;"LEITO PARA CABOS, CURVA VERTICAL INTERNA DE 90',   TIPO SEMI PESADO, EM AÇO GALVANIZADO A FOGO, ABAS PARA FORA, CONSTITUÍDA DE DUAS LONGARINAS DE PERFIL TIPO ""U"" 29x100mm, RAIO SEGMENTADO.";POLEODUTO OU SIMILAR;"L=600; R=320";pç 
LE-29-FD;"LEITO PARA CABOS, CURVA VERTICAL INTERNA DE 90',   TIPO SEMI PESADO, EM AÇO GALVANIZADO A FOGO, ABAS PARA FORA, CONSTITUÍDA DE DUAS LONGARINAS DE PERFIL TIPO ""U"" 29x100mm, RAIO SEGMENTADO.";POLEODUTO OU SIMILAR;"L=600; R=520";pç 
LE-29-ID;"LEITO PARA CABOS, CURVA VERTICAL INTERNA DE 90',   TIPO SEMI PESADO, EM AÇO GALVANIZADO A FOGO, ABAS PARA FORA, CONSTITUÍDA DE DUAS LONGARINAS DE PERFIL TIPO ""U"" 29x100mm, RAIO SEGMENTADO.";POLEODUTO OU SIMILAR;"L=800; R=520";pç 
LG-10-D;"LEITO PARA CABOS, FLANGE PARA PROTEÇÃO, TIPO SEMI PESADO, EM AÇO GALVANIZAÇÃO ELETROLÍTICA, ABAS PARA FORA, CONSTITUÍDA DE DUAS LONGARINAS DE PERFIL TIPO ""U"" 19x100mm, RAIO SEGMENTADO.";POLEODUTO OU SIMILAR;L=400;pç 
LG-10-F;"LEITO PARA CABOS, FLANGE PARA PROTEÇÃO, TIPO SEMI PESADO, EM AÇO GALVANIZAÇÃO ELETROLÍTICA, ABAS PARA FORA, CONSTITUÍDA DE DUAS LONGARINAS DE PERFIL TIPO ""U"" 19x100mm, RAIO SEGMENTADO.";POLEODUTO OU SIMILAR;L=600;pç 
LG-10-A;"LEITO PARA CABOS, FLANGE PARA PROTEÇÃO, TIPO SEMI PESADO, EM AÇO GALVANIZAÇÃO ELETROLÍTICA, ABAS PARA FORA, CONSTITUÍDA DE DUAS LONGARINAS DE PERFIL TIPO ""U"" 19x100mmRAIO SEGMENTADO.";POLEODUTO OU SIMILAR;L=200;pç 
LC-05-DA;"LEITO PARA CABOS, REDUÇÃO A DIREITA, TIPO PESADO, EM AÇO GALVANIZADO A FOGO, ABAS PARA FORA,  CONSTITUÍDA DE DUAS LONGARINAS DE PERFIL TIPO ""U"" 19 X 100MM, RAIO SEGMENTADO.";POLEODUTO OU SIMILAR;L=400 X 200;pç 
LC-05-FD;"LEITO PARA CABOS, REDUÇÃO A DIREITA, TIPO PESADO, EM AÇO GALVANIZADO A FOGO, ABAS PARA FORA,  CONSTITUÍDA DE DUAS LONGARINAS DE PERFIL TIPO ""U"" 19 X 100MM, RAIO SEGMENTADO.";POLEODUTO OU SIMILAR;L=600 X 400;pç 
LC-05-IA;"LEITO PARA CABOS, REDUÇÃO A DIREITA, TIPO PESADO, EM AÇO GALVANIZADO A FOGO, ABAS PARA FORA,  CONSTITUÍDA DE DUAS LONGARINAS DE PERFIL TIPO ""U"" 19 X 100MM, RAIO SEGMENTADO.";POLEODUTO OU SIMILAR;L=800 X 200;pç 
LC-05-ID;"LEITO PARA CABOS, REDUÇÃO A DIREITA, TIPO PESADO, EM AÇO GALVANIZADO A FOGO, ABAS PARA FORA,  CONSTITUÍDA DE DUAS LONGARINAS DE PERFIL TIPO ""U"" 19 X 100MM, RAIO SEGMENTADO.";POLEODUTO OU SIMILAR;L=800 X 400;pç 
LC-05-IF;"LEITO PARA CABOS, REDUÇÃO A DIREITA, TIPO PESADO, EM AÇO GALVANIZADO A FOGO, ABAS PARA FORA,  CONSTITUÍDA DE DUAS LONGARINAS DE PERFIL TIPO ""U"" 19 X 100MM, RAIO SEGMENTADO.";POLEODUTO OU SIMILAR;L=800 X 600;pç 
LC-05-FA;"LEITO PARA CABOS, REDUÇÃO A DIREITA, TIPO PESADO, EM AÇO GALVANIZADO A FOGO, ABAS PARA FORA,  CONSTITUÍDA DE DUAS LONGARINAS DE PERFIL TIPO ""U"" 19 X 100MM, RAIOS EGMENTADO.";POLEODUTO OU SIMILAR;L=600 X 200;pç 
LG-05-DA;"LEITO PARA CABOS, REDUÇÃO A DIREITA, TIPO SEMI PESADO, EM AÇO GALVANIZAÇÃO ELETROLÍTICA, ABAS PARA FORA,  CONSTITUÍDA DE DUAS LONGARINAS DE PERFIL TIPO ""U"" 19x100mm, RAIO SEGMENTADO.";POLEODUTO OU SIMILAR;L=400 X 200;pç 
LG-05-FA;"LEITO PARA CABOS, REDUÇÃO A DIREITA, TIPO SEMI PESADO, EM AÇO GALVANIZAÇÃO ELETROLÍTICA, ABAS PARA FORA,  CONSTITUÍDA DE DUAS LONGARINAS DE PERFIL TIPO ""U"" 19x100mm, RAIO SEGMENTADO.";POLEODUTO OU SIMILAR;L=600 X 200;pç 
LG-05-FD;"LEITO PARA CABOS, REDUÇÃO A DIREITA, TIPO SEMI PESADO, EM AÇO GALVANIZAÇÃO ELETROLÍTICA, ABAS PARA FORA,  CONSTITUÍDA DE DUAS LONGARINAS DE PERFIL TIPO ""U"" 19x100mm, RAIO SEGMENTADO.";POLEODUTO OU SIMILAR;L=600 X 400;pç 
LG-05-ID;"LEITO PARA CABOS, REDUÇÃO A DIREITA, TIPO SEMI PESADO, EM AÇO GALVANIZAÇÃO ELETROLÍTICA, ABAS PARA FORA,  CONSTITUÍDA DE DUAS LONGARINAS DE PERFIL TIPO ""U"" 19x100mm, RAIO SEGMENTADO.";POLEODUTO OU SIMILAR;L=800 X 400;pç 
LG-05-IF;"LEITO PARA CABOS, REDUÇÃO A DIREITA, TIPO SEMI PESADO, EM AÇO GALVANIZAÇÃO ELETROLÍTICA, ABAS PARA FORA,  CONSTITUÍDA DE DUAS LONGARINAS DE PERFIL TIPO ""U"" 19x100mm, RAIO SEGMENTADO.";POLEODUTO OU SIMILAR;L=800 X 600;pç 
LC-04-DA;"LEITO PARA CABOS, REDUÇÃO A ESQUERDA, TIPO PESADO, EM AÇO GALVANIZADO A FOGO, ABAS PARA FORA, CONSTITUÍDA DE DUAS LONGARINAS DE PERFIL TIPO ""U"" 19 X 100MM, RAIO SEGMENTADO.";POLEODUTO OU SIMILAR;L=400 X 200;pç 
LC-04-FA;"LEITO PARA CABOS, REDUÇÃO A ESQUERDA, TIPO PESADO, EM AÇO GALVANIZADO A FOGO, ABAS PARA FORA, CONSTITUÍDA DE DUAS LONGARINAS DE PERFIL TIPO ""U"" 19 X 100MM, RAIO SEGMENTADO.";POLEODUTO OU SIMILAR;L=600 X 200;pç 
LC-04-FD;"LEITO PARA CABOS, REDUÇÃO A ESQUERDA, TIPO PESADO, EM AÇO GALVANIZADO A FOGO, ABAS PARA FORA, CONSTITUÍDA DE DUAS LONGARINAS DE PERFIL TIPO ""U"" 19 X 100MM, RAIO SEGMENTADO.";POLEODUTO OU SIMILAR;L=600 X 400;pç 
LC-04-IA;"LEITO PARA CABOS, REDUÇÃO A ESQUERDA, TIPO PESADO, EM AÇO GALVANIZADO A FOGO, ABAS PARA FORA, CONSTITUÍDA DE DUAS LONGARINAS DE PERFIL TIPO ""U"" 19 X 100MM, RAIO SEGMENTADO.";POLEODUTO OU SIMILAR;L=800 X 200;pç 
LC-04-ID;"LEITO PARA CABOS, REDUÇÃO A ESQUERDA, TIPO PESADO, EM AÇO GALVANIZADO A FOGO, ABAS PARA FORA, CONSTITUÍDA DE DUAS LONGARINAS DE PERFIL TIPO ""U"" 19 X 100MM, RAIO SEGMENTADO.";POLEODUTO OU SIMILAR;L=800 X 400;pç 
LC-04-IF;"LEITO PARA CABOS, REDUÇÃO A ESQUERDA, TIPO PESADO, EM AÇO GALVANIZADO A FOGO, ABAS PARA FORA, CONSTITUÍDA DE DUAS LONGARINAS DE PERFIL TIPO ""U"" 19 X 100MM, RAIO SEGMENTADO.";POLEODUTO OU SIMILAR;L=800 X 600;pç 
LG-04-AB;"LEITO PARA CABOS, REDUÇÃO A ESQUERDA, TIPO SEMI PESADO, EM AÇO GALVANIZAÇÃO ELETROLÍTICA, ABAS PARA FORA, CONSTITUÍDA DE DUAS LONGARINAS DE PERFIL TIPO ""U"" 19x100mm, RAIO SEGMENTADO.";POLEODUTO OU SIMILAR;L=200x100;pç 
LG-04-DA;"LEITO PARA CABOS, REDUÇÃO A ESQUERDA, TIPO SEMI PESADO, EM AÇO GALVANIZAÇÃO ELETROLÍTICA, ABAS PARA FORA, CONSTITUÍDA DE DUAS LONGARINAS DE PERFIL TIPO ""U"" 19x100mm, RAIO SEGMENTADO.";POLEODUTO OU SIMILAR;L=400 X 200;pç 
LG-04-FA;"LEITO PARA CABOS, REDUÇÃO A ESQUERDA, TIPO SEMI PESADO, EM AÇO GALVANIZAÇÃO ELETROLÍTICA, ABAS PARA FORA, CONSTITUÍDA DE DUAS LONGARINAS DE PERFIL TIPO ""U"" 19x100mm, RAIO SEGMENTADO.";POLEODUTO OU SIMILAR;L=600 X 200;pç 
LG-04-FD;"LEITO PARA CABOS, REDUÇÃO A ESQUERDA, TIPO SEMI PESADO, EM AÇO GALVANIZAÇÃO ELETROLÍTICA, ABAS PARA FORA, CONSTITUÍDA DE DUAS LONGARINAS DE PERFIL TIPO ""U"" 19x100mm, RAIO SEGMENTADO.";POLEODUTO OU SIMILAR;L=600 X 400;pç 
LG-04-ID;"LEITO PARA CABOS, REDUÇÃO A ESQUERDA, TIPO SEMI PESADO, EM AÇO GALVANIZAÇÃO ELETROLÍTICA, ABAS PARA FORA, CONSTITUÍDA DE DUAS LONGARINAS DE PERFIL TIPO ""U"" 19x100mm, RAIO SEGMENTADO.";POLEODUTO OU SIMILAR;L=800 X 400;pç 
LG-03-DA;"LEITO PARA CABOS, REDUÇÃO CONCENTRICA, TIPO SEMI PESADO, EM AÇO GALVANIZAÇÃO ELETROLÍTICA, ABAS PARA FORA, CONSTITUÍDA DE DUAS LONGARINAS DE PERFIL TIPO ""U"" 19x100mm, RAIO SEGMENTADO.";POLEODUTO OU SIMILAR;L=400 X 200;pç 
LG-03-FA;"LEITO PARA CABOS, REDUÇÃO CONCENTRICA, TIPO SEMI PESADO, EM AÇO GALVANIZAÇÃO ELETROLÍTICA, ABAS PARA FORA, CONSTITUÍDA DE DUAS LONGARINAS DE PERFIL TIPO ""U"" 19x100mm, RAIO SEGMENTADO.";POLEODUTO OU SIMILAR;L=600 X 200;pç 
LG-03-FD;"LEITO PARA CABOS, REDUÇÃO CONCENTRICA, TIPO SEMI PESADO, EM AÇO GALVANIZAÇÃO ELETROLÍTICA, ABAS PARA FORA, CONSTITUÍDA DE DUAS LONGARINAS DE PERFIL TIPO ""U"" 19x100mm, RAIO SEGMENTADO.";POLEODUTO OU SIMILAR;L=600 X 400;pç 
LQ-03-02;LEITO PARA CABOS, SAÍDA HORIZONTAL SUPERIOR OU INFERIOR, DE LEITO PARA ELETRODUTO, EM AÇO GALVANIZAÇÃO ELETROLÍTICA.;POLEODUTO OU SIMILAR;"3/4""";pç 
LQ-03-03;LEITO PARA CABOS, SAÍDA HORIZONTAL SUPERIOR OU INFERIOR, DE LEITO PARA ELETRODUTO, EM AÇO GALVANIZAÇÃO ELETROLÍTICA.;POLEODUTO OU SIMILAR;"1""";pç 
LQ-03-05;LEITO PARA CABOS, SAÍDA HORIZONTAL SUPERIOR OU INFERIOR, DE LEITO PARA ELETRODUTO, EM AÇO GALVANIZAÇÃO ELETROLÍTICA.;POLEODUTO OU SIMILAR;"1.1/2""";pç 
LQ-03-06;LEITO PARA CABOS, SAÍDA HORIZONTAL SUPERIOR OU INFERIOR, DE LEITO PARA ELETRODUTO, EM AÇO GALVANIZAÇÃO ELETROLÍTICA.;POLEODUTO OU SIMILAR;"2""";pç 
LQ-03-07;LEITO PARA CABOS, SAÍDA HORIZONTAL SUPERIOR OU INFERIOR, DE LEITO PARA ELETRODUTO, EM AÇO GALVANIZAÇÃO ELETROLÍTICA.;POLEODUTO OU SIMILAR;2.1/2';pç 
LQ-03-08;LEITO PARA CABOS, SAÍDA HORIZONTAL SUPERIOR OU INFERIOR, DE LEITO PARA ELETRODUTO, EM AÇO GALVANIZAÇÃO ELETROLÍTICA.;POLEODUTO OU SIMILAR;"3""";pç 
LQ-03-09;LEITO PARA CABOS, SAÍDA HORIZONTAL SUPERIOR OU INFERIOR, DE LEITO PARA ELETRODUTO, EM AÇO GALVANIZADO A FOGO.;POLEODUTO OU SIMILAR;"4""";pç 
LQ-03-12;LEITO PARA CABOS, SAÍDA HORIZONTAL SUPERIOR OU INFERIOR, DE LEITO PARA ELETRODUTO, EM AÇO GALVANIZADO A FOGO.;POLEODUTO OU SIMILAR;"3/4""";pç 
LQ-03-13;LEITO PARA CABOS, SAÍDA HORIZONTAL SUPERIOR OU INFERIOR, DE LEITO PARA ELETRODUTO, EM AÇO GALVANIZADO A FOGO.;POLEODUTO OU SIMILAR;"1""";pç 
LQ-03-15;LEITO PARA CABOS, SAÍDA HORIZONTAL SUPERIOR OU INFERIOR, DE LEITO PARA ELETRODUTO, EM AÇO GALVANIZADO A FOGO.;POLEODUTO OU SIMILAR;"1.1/2""";pç 
LQ-03-16;LEITO PARA CABOS, SAÍDA HORIZONTAL SUPERIOR OU INFERIOR, DE LEITO PARA ELETRODUTO, EM AÇO GALVANIZADO A FOGO.;POLEODUTO OU SIMILAR;"2""";pç 
LQ-03-17;"LEITO PARA CABOS, SAÍDA HORIZONTAL SUPERIOR OU INFERIOR, DE LEITO PARA ELETRODUTO, EM AÇO GALVANIZADO A FOGO. 2.1/2""";POLEODUTO OU SIMILAR;"2.1/2""";pç 
LQ-03-18;LEITO PARA CABOS, SAÍDA HORIZONTAL SUPERIOR OU INFERIOR, DE LEITO PARA ELETRODUTO, EM AÇO GALVANIZADO A FOGO.;POLEODUTO OU SIMILAR;"3""";pç 
LQ-03-19;LEITO PARA CABOS, SAÍDA HORIZONTAL SUPERIOR OU INFERIOR, DE LEITO PARA ELETRODUTO, EM AÇO GALVANIZADO A FOGO.;POLEODUTO OU SIMILAR;"4""";pç 
LQ-07-03;LEITO PARA CABOS, SAÍDA VERTICAL SUPERIOR OU INFERIOR, DE LEITO PARA ELETRODUTO, EM AÇO GALVANIZAÇÃO ELETROLÍTICA.;POLEODUTO OU SIMILAR;"1""";pç 
LQ-07-05;LEITO PARA CABOS, SAÍDA VERTICAL SUPERIOR OU INFERIOR, DE LEITO PARA ELETRODUTO, EM AÇO GALVANIZAÇÃO ELETROLÍTICA.;POLEODUTO OU SIMILAR;"1.1/2""";pç 
LQ-07-06;LEITO PARA CABOS, SAÍDA VERTICAL SUPERIOR OU INFERIOR, DE LEITO PARA ELETRODUTO, EM AÇO GALVANIZAÇÃO ELETROLÍTICA.;POLEODUTO OU SIMILAR;"2""";pç 
LQ-07-07;LEITO PARA CABOS, SAÍDA VERTICAL SUPERIOR OU INFERIOR, DE LEITO PARA ELETRODUTO, EM AÇO GALVANIZAÇÃO ELETROLÍTICA.;POLEODUTO OU SIMILAR;"2.1/2""";pç 
LQ-07-08;LEITO PARA CABOS, SAÍDA VERTICAL SUPERIOR OU INFERIOR, DE LEITO PARA ELETRODUTO, EM AÇO GALVANIZAÇÃO ELETROLÍTICA.;POLEODUTO OU SIMILAR;"3""";pç 
LQ-07-09;LEITO PARA CABOS, SAÍDA VERTICAL SUPERIOR OU INFERIOR, DE LEITO PARA ELETRODUTO, EM AÇO GALVANIZAÇÃO ELETROLÍTICA.;POLEODUTO OU SIMILAR;"4""";pç 
LQ-07-12;LEITO PARA CABOS, SAÍDA VERTICAL SUPERIOR OU INFERIOR, DE LEITO PARA ELETRODUTO, EM AÇO GALVANIZADO A FOGO.;POLEODUTO OU SIMILAR;"3/4""";pç 
LQ-07-13;LEITO PARA CABOS, SAÍDA VERTICAL SUPERIOR OU INFERIOR, DE LEITO PARA ELETRODUTO, EM AÇO GALVANIZADO A FOGO.;POLEODUTO OU SIMILAR;"1""";pç 
LQ-07-15;LEITO PARA CABOS, SAÍDA VERTICAL SUPERIOR OU INFERIOR, DE LEITO PARA ELETRODUTO, EM AÇO GALVANIZADO A FOGO.;POLEODUTO OU SIMILAR;"1.1/2""";pç 
LQ-07-16;LEITO PARA CABOS, SAÍDA VERTICAL SUPERIOR OU INFERIOR, DE LEITO PARA ELETRODUTO, EM AÇO GALVANIZADO A FOGO.;POLEODUTO OU SIMILAR;"2""";pç 
LQ-07-17;LEITO PARA CABOS, SAÍDA VERTICAL SUPERIOR OU INFERIOR, DE LEITO PARA ELETRODUTO, EM AÇO GALVANIZADO A FOGO.;POLEODUTO OU SIMILAR;2.1/2';pç 
LQ-07-18;LEITO PARA CABOS, SAÍDA VERTICAL SUPERIOR OU INFERIOR, DE LEITO PARA ELETRODUTO, EM AÇO GALVANIZADO A FOGO.;POLEODUTO OU SIMILAR;"3""";pç 
LQ-07-19;LEITO PARA CABOS, SAÍDA VERTICAL SUPERIOR OU INFERIOR, DE LEITO PARA ELETRODUTO, EM AÇO GALVANIZADO A FOGO.;POLEODUTO OU SIMILAR;"4""";pç 
LQ-07-02;LEITO PARA CABOS, SAÍDA VERTICAL SUPERIOR OU INFERIOR, DE LEITO PARA ELETRODUTO, EM AÇO GALVANIZADO A FRIO.;POLEODUTO OU SIMILAR;"3/4""";pç 
KB-05-AB;LEITO PARA CABOS, TAMPA DE ENCAIXE PARA CRUZETA 90' ABAS EXTERNAS, EM AÇO GALVANIZADO A FOGO, RAIO SEGMENTADO.;POLEODUTO OU SIMILAR;"L=200; R=320";pç 
KB-05-AD;LEITO PARA CABOS, TAMPA DE ENCAIXE PARA CRUZETA 90' ABAS EXTERNAS, EM AÇO GALVANIZADO A FOGO, RAIO SEGMENTADO.;POLEODUTO OU SIMILAR;"L=200; R=520";pç 
KB-05-DB;LEITO PARA CABOS, TAMPA DE ENCAIXE PARA CRUZETA 90' ABAS EXTERNAS, EM AÇO GALVANIZADO A FOGO, RAIO SEGMENTADO.;POLEODUTO OU SIMILAR;"L=400; R=320";pç 
KB-05-DD;LEITO PARA CABOS, TAMPA DE ENCAIXE PARA CRUZETA 90' ABAS EXTERNAS, EM AÇO GALVANIZADO A FOGO, RAIO SEGMENTADO.;POLEODUTO OU SIMILAR;"L=400; R=520";pç 
KB-05-FB;LEITO PARA CABOS, TAMPA DE ENCAIXE PARA CRUZETA 90' ABAS EXTERNAS, EM AÇO GALVANIZADO A FOGO, RAIO SEGMENTADO.;POLEODUTO OU SIMILAR;"L=600; R=320";pç 
KB-05-FD;LEITO PARA CABOS, TAMPA DE ENCAIXE PARA CRUZETA 90' ABAS EXTERNAS, EM AÇO GALVANIZADO A FOGO, RAIO SEGMENTADO.;POLEODUTO OU SIMILAR;"L=600; R=520";pç 
KB-05-IB;LEITO PARA CABOS, TAMPA DE ENCAIXE PARA CRUZETA 90' ABAS EXTERNAS, EM AÇO GALVANIZADO A FOGO, RAIO SEGMENTADO.;POLEODUTO OU SIMILAR;"L=800; R=320";pç 
KB-05-ID;LEITO PARA CABOS, TAMPA DE ENCAIXE PARA CRUZETA 90' ABAS EXTERNAS, EM AÇO GALVANIZADO A FOGO, RAIO SEGMENTADO.;POLEODUTO OU SIMILAR;"L=800; R=520";pç 
KG-05-DA;LEITO PARA CABOS, TAMPA DE ENCAIXE PARA REDUÇÃO A DIREITA ABAS EXTERNAS, FABRICADA EM AÇO GALVANIZAÇÃO ELETROLÍTICA.;POLEODUTO OU SIMILAR;L=400 X 200;pç 
KG-05-FA;LEITO PARA CABOS, TAMPA DE ENCAIXE PARA REDUÇÃO A DIREITA ABAS EXTERNAS, FABRICADA EM AÇO GALVANIZAÇÃO ELETROLÍTICA.;POLEODUTO OU SIMILAR;L=600 X 200;pç 
KG-05-FD;LEITO PARA CABOS, TAMPA DE ENCAIXE PARA REDUÇÃO A DIREITA ABAS EXTERNAS, FABRICADA EM AÇO GALVANIZAÇÃO ELETROLÍTICA.;POLEODUTO OU SIMILAR;L=600 X 400;pç 
KG-05-ID;LEITO PARA CABOS, TAMPA DE ENCAIXE PARA REDUÇÃO A DIREITA ABAS EXTERNAS, FABRICADA EM AÇO GALVANIZAÇÃO ELETROLÍTICA.;POLEODUTO OU SIMILAR;L=800 X 400;pç 
KG-05-IF;LEITO PARA CABOS, TAMPA DE ENCAIXE PARA REDUÇÃO A DIREITA ABAS EXTERNAS, FABRICADA EM AÇO GALVANIZAÇÃO ELETROLÍTICA.;POLEODUTO OU SIMILAR;L=800 X 600;pç 
KG-04-DA;LEITO PARA CABOS, TAMPA DE ENCAIXE PARA REDUÇÃO A ESQUERDA ABAS EXTERNAS, FABRICADA EM AÇO GALVANIZAÇÃO ELETROLÍTICA.;POLEODUTO OU SIMILAR;L=400 X 200;pç 
KG-04-FA;LEITO PARA CABOS, TAMPA DE ENCAIXE PARA REDUÇÃO A ESQUERDA ABAS EXTERNAS, FABRICADA EM AÇO GALVANIZAÇÃO ELETROLÍTICA.;POLEODUTO OU SIMILAR;L=600 X 200;pç 
KG-04-FD;LEITO PARA CABOS, TAMPA DE ENCAIXE PARA REDUÇÃO A ESQUERDA ABAS EXTERNAS, FABRICADA EM AÇO GALVANIZAÇÃO ELETROLÍTICA.;POLEODUTO OU SIMILAR;L=600 X 400;pç 
KG-04-ID;LEITO PARA CABOS, TAMPA DE ENCAIXE PARA REDUÇÃO A ESQUERDA ABAS EXTERNAS, FABRICADA EM AÇO GALVANIZAÇÃO ELETROLÍTICA.;POLEODUTO OU SIMILAR;L=800 X 400;pç 
KG-04-IF;LEITO PARA CABOS, TAMPA DE ENCAIXE PARA REDUÇÃO A ESQUERDA ABAS EXTERNAS, FABRICADA EM AÇO GALVANIZAÇÃO ELETROLÍTICA.;POLEODUTO OU SIMILAR;L=800 X 600;pç 
KG-03-DA;LEITO PARA CABOS, TAMPA DE ENCAIXE PARA REDUÇÃO CONCENTRICA ABAS EXTERNAS, FABRICADA EM AÇO GALVANIZAÇÃO ELETROLÍTICA.;POLEODUTO OU SIMILAR;L=400 X 200;pç 
KG-03-FA;LEITO PARA CABOS, TAMPA DE ENCAIXE PARA REDUÇÃO CONCENTRICA ABAS EXTERNAS, FABRICADA EM AÇO GALVANIZAÇÃO ELETROLÍTICA.;POLEODUTO OU SIMILAR;L=600 X 200;pç 
KG-03-FD;LEITO PARA CABOS, TAMPA DE ENCAIXE PARA REDUÇÃO CONCENTRICA ABAS EXTERNAS, FABRICADA EM AÇO GALVANIZAÇÃO ELETROLÍTICA.;POLEODUTO OU SIMILAR;L=600 X 400;pç 
KG-03-ID;LEITO PARA CABOS, TAMPA DE ENCAIXE PARA REDUÇÃO CONCENTRICA ABAS EXTERNAS, FABRICADA EM AÇO GALVANIZAÇÃO ELETROLÍTICA.;POLEODUTO OU SIMILAR;L=800 X 400;pç 
KG-03-IF;LEITO PARA CABOS, TAMPA DE ENCAIXE PARA REDUÇÃO CONCENTRICA ABAS EXTERNAS, FABRICADA EM AÇO GALVANIZAÇÃO ELETROLÍTICA.;POLEODUTO OU SIMILAR;L=800 X 600;pç 
KF-01-A3;LEITO PARA CABOS, TAMPA DE ENCAIXE PARA TÊ HORIZONTAL 90' ABAS EXTERNAS, FABRICADA EM AÇO GALVANIZAÇÃO ELETROLÍTICA, RAIO SEGMENTADO.;POLEODUTO OU SIMILAR;"L=200; R=520";pç 
KF-01-AB;LEITO PARA CABOS, TAMPA DE ENCAIXE PARA TÊ HORIZONTAL 90' ABAS EXTERNAS, FABRICADA EM AÇO GALVANIZAÇÃO ELETROLÍTICA, RAIO SEGMENTADO.;POLEODUTO OU SIMILAR;"L=200; R=320";pç 
KF-01-AD;LEITO PARA CABOS, TAMPA DE ENCAIXE PARA TÊ HORIZONTAL 90' ABAS EXTERNAS, FABRICADA EM AÇO GALVANIZAÇÃO ELETROLÍTICA, RAIO SEGMENTADO.;POLEODUTO OU SIMILAR;"L=200; R=520";pç 
KF-01-D3;LEITO PARA CABOS, TAMPA DE ENCAIXE PARA TÊ HORIZONTAL 90' ABAS EXTERNAS, FABRICADA EM AÇO GALVANIZAÇÃO ELETROLÍTICA, RAIO SEGMENTADO.;POLEODUTO OU SIMILAR;"L=400; R=520";pç 
KF-01-DB;LEITO PARA CABOS, TAMPA DE ENCAIXE PARA TÊ HORIZONTAL 90' ABAS EXTERNAS, FABRICADA EM AÇO GALVANIZAÇÃO ELETROLÍTICA, RAIO SEGMENTADO.;POLEODUTO OU SIMILAR;"L=400; R=320";pç 
KF-01-DD;LEITO PARA CABOS, TAMPA DE ENCAIXE PARA TÊ HORIZONTAL 90' ABAS EXTERNAS, FABRICADA EM AÇO GALVANIZAÇÃO ELETROLÍTICA, RAIO SEGMENTADO.;POLEODUTO OU SIMILAR;"L=400; R=520";pç 
KF-01-F3;LEITO PARA CABOS, TAMPA DE ENCAIXE PARA TÊ HORIZONTAL 90' ABAS EXTERNAS, FABRICADA EM AÇO GALVANIZAÇÃO ELETROLÍTICA, RAIO SEGMENTADO.;POLEODUTO OU SIMILAR;"L=600; R=520";pç 
KF-01-FB;LEITO PARA CABOS, TAMPA DE ENCAIXE PARA TÊ HORIZONTAL 90' ABAS EXTERNAS, FABRICADA EM AÇO GALVANIZAÇÃO ELETROLÍTICA, RAIO SEGMENTADO.;POLEODUTO OU SIMILAR;"L=600; R=320";pç 
KF-01-FD;LEITO PARA CABOS, TAMPA DE ENCAIXE PARA TÊ HORIZONTAL 90' ABAS EXTERNAS, FABRICADA EM AÇO GALVANIZAÇÃO ELETROLÍTICA, RAIO SEGMENTADO.;POLEODUTO OU SIMILAR;"L=600; R=520";pç 
KF-01-I3;LEITO PARA CABOS, TAMPA DE ENCAIXE PARA TÊ HORIZONTAL 90' ABAS EXTERNAS, FABRICADA EM AÇO GALVANIZAÇÃO ELETROLÍTICA, RAIO SEGMENTADO.;POLEODUTO OU SIMILAR;"L=800; R=520";pç 
KE-22-AB;LEITO PARA CABOS, TAMPA DE ENCAIXE RETA CURVA 90' DE PASSAGEM RETA DESCIDA ABAS EXTERNAS, EM AÇO GALVANIZAÇÃO ELETROLÍTICA, RAIO SEGMENTADO.;POLEODUTO OU SIMILAR;"L=200; R=320";pç 
KE-22-AD;LEITO PARA CABOS, TAMPA DE ENCAIXE RETA CURVA 90' DE PASSAGEM RETA DESCIDA ABAS EXTERNAS, EM AÇO GALVANIZAÇÃO ELETROLÍTICA, RAIO SEGMENTADO.;POLEODUTO OU SIMILAR;"L=200; R=520";pç 
KE-22-DB;LEITO PARA CABOS, TAMPA DE ENCAIXE RETA CURVA 90' DE PASSAGEM RETA DESCIDA ABAS EXTERNAS, EM AÇO GALVANIZAÇÃO ELETROLÍTICA, RAIO SEGMENTADO.;POLEODUTO OU SIMILAR;"L=400; R=320";pç 
KE-22-DD;LEITO PARA CABOS, TAMPA DE ENCAIXE RETA CURVA 90' DE PASSAGEM RETA DESCIDA ABAS EXTERNAS, EM AÇO GALVANIZAÇÃO ELETROLÍTICA, RAIO SEGMENTADO.;POLEODUTO OU SIMILAR;"L=400; R=520";pç 
KE-22-FB;LEITO PARA CABOS, TAMPA DE ENCAIXE RETA CURVA 90' DE PASSAGEM RETA DESCIDA ABAS EXTERNAS, EM AÇO GALVANIZAÇÃO ELETROLÍTICA, RAIO SEGMENTADO.;POLEODUTO OU SIMILAR;"L=600; R=320";pç 
KE-22-FD;LEITO PARA CABOS, TAMPA DE ENCAIXE RETA CURVA 90' DE PASSAGEM RETA DESCIDA ABAS EXTERNAS, EM AÇO GALVANIZAÇÃO ELETROLÍTICA, RAIO SEGMENTADO.;POLEODUTO OU SIMILAR;"L=600; R=520";pç 
KA-22-AB;LEITO PARA CABOS, TAMPA DE ENCAIXE RETA CURVA 90' DE PASSAGEM RETA DESCIDA ABAS EXTERNAS, EM AÇO GALVANIZADO A FOGO, RAIO SEGMENTADO.;POLEODUTO OU SIMILAR;"L=200; R=320";pç 
KA-22-AD;LEITO PARA CABOS, TAMPA DE ENCAIXE RETA CURVA 90' DE PASSAGEM RETA DESCIDA ABAS EXTERNAS, EM AÇO GALVANIZADO A FOGO, RAIO SEGMENTADO.;POLEODUTO OU SIMILAR;"L=200; R=520";pç 
KA-22-DB;LEITO PARA CABOS, TAMPA DE ENCAIXE RETA CURVA 90' DE PASSAGEM RETA DESCIDA ABAS EXTERNAS, EM AÇO GALVANIZADO A FOGO, RAIO SEGMENTADO.;POLEODUTO OU SIMILAR;"L=400; R=320";pç 
KA-22-DD;LEITO PARA CABOS, TAMPA DE ENCAIXE RETA CURVA 90' DE PASSAGEM RETA DESCIDA ABAS EXTERNAS, EM AÇO GALVANIZADO A FOGO, RAIO SEGMENTADO.;POLEODUTO OU SIMILAR;"L=400; R=520";pç 
KA-22-FB;LEITO PARA CABOS, TAMPA DE ENCAIXE RETA CURVA 90' DE PASSAGEM RETA DESCIDA ABAS EXTERNAS, EM AÇO GALVANIZADO A FOGO, RAIO SEGMENTADO.;POLEODUTO OU SIMILAR;"L=600; R=320";pç 
KA-22-FD;LEITO PARA CABOS, TAMPA DE ENCAIXE RETA CURVA 90' DE PASSAGEM RETA DESCIDA ABAS EXTERNAS, EM AÇO GALVANIZADO A FOGO, RAIO SEGMENTADO.;POLEODUTO OU SIMILAR;"L=600; R=520";pç 
KA-22-IB;LEITO PARA CABOS, TAMPA DE ENCAIXE RETA CURVA 90' DE PASSAGEM RETA DESCIDA ABAS EXTERNAS, EM AÇO GALVANIZADO A FOGO, RAIO SEGMENTADO.;POLEODUTO OU SIMILAR;"L=800; R=320";pç 
KA-22-ID;LEITO PARA CABOS, TAMPA DE ENCAIXE RETA CURVA 90' DE PASSAGEM RETA DESCIDA ABAS EXTERNAS, EM AÇO GALVANIZADO A FOGO, RAIO SEGMENTADO.;POLEODUTO OU SIMILAR;"L=800; R=520";pç 
KE-21-AB;LEITO PARA CABOS, TAMPA DE ENCAIXE RETA CURVA 90' DE PASSAGEM RETA SUBIDA ABAS EXTERNAS, EM AÇO GALVANIZAÇÃO ELETROLÍTICA, RAIO SEGMENTADO.;POLEODUTO OU SIMILAR;"L=200; R=320";pç 
KE-21-AD;LEITO PARA CABOS, TAMPA DE ENCAIXE RETA CURVA 90' DE PASSAGEM RETA SUBIDA ABAS EXTERNAS, EM AÇO GALVANIZAÇÃO ELETROLÍTICA, RAIO SEGMENTADO.;POLEODUTO OU SIMILAR;"L=200; R=520";pç 
KE-21-DB;LEITO PARA CABOS, TAMPA DE ENCAIXE RETA CURVA 90' DE PASSAGEM RETA SUBIDA ABAS EXTERNAS, EM AÇO GALVANIZAÇÃO ELETROLÍTICA, RAIO SEGMENTADO.;POLEODUTO OU SIMILAR;"L=400; R=320";pç 
KE-21-DD;LEITO PARA CABOS, TAMPA DE ENCAIXE RETA CURVA 90' DE PASSAGEM RETA SUBIDA ABAS EXTERNAS, EM AÇO GALVANIZAÇÃO ELETROLÍTICA, RAIO SEGMENTADO.;POLEODUTO OU SIMILAR;"L=400; R=520";pç 
KE-21-FB;LEITO PARA CABOS, TAMPA DE ENCAIXE RETA CURVA 90' DE PASSAGEM RETA SUBIDA ABAS EXTERNAS, EM AÇO GALVANIZAÇÃO ELETROLÍTICA, RAIO SEGMENTADO.;POLEODUTO OU SIMILAR;"L=600; R=320";pç 
KE-21-FD;LEITO PARA CABOS, TAMPA DE ENCAIXE RETA CURVA 90' DE PASSAGEM RETA SUBIDA ABAS EXTERNAS, EM AÇO GALVANIZAÇÃO ELETROLÍTICA, RAIO SEGMENTADO.;POLEODUTO OU SIMILAR;"L=600; R=520";pç 
KA-21-AB;LEITO PARA CABOS, TAMPA DE ENCAIXE RETA CURVA 90' DE PASSAGEM RETA SUBIDA ABAS EXTERNAS, EM AÇO GALVANIZADO A FOGO, RAIO SEGMENTADO.;POLEODUTO OU SIMILAR;"L=200; R=320";pç 
KA-21-AD;LEITO PARA CABOS, TAMPA DE ENCAIXE RETA CURVA 90' DE PASSAGEM RETA SUBIDA ABAS EXTERNAS, EM AÇO GALVANIZADO A FOGO, RAIO SEGMENTADO.;POLEODUTO OU SIMILAR;"L=200; R=520";pç 
KA-21-DB;LEITO PARA CABOS, TAMPA DE ENCAIXE RETA CURVA 90' DE PASSAGEM RETA SUBIDA ABAS EXTERNAS, EM AÇO GALVANIZADO A FOGO, RAIO SEGMENTADO.;POLEODUTO OU SIMILAR;"L=400; R=320";pç 
KA-21-DD;LEITO PARA CABOS, TAMPA DE ENCAIXE RETA CURVA 90' DE PASSAGEM RETA SUBIDA ABAS EXTERNAS, EM AÇO GALVANIZADO A FOGO, RAIO SEGMENTADO.;POLEODUTO OU SIMILAR;"L=400; R=520";pç 
KA-21-FB;LEITO PARA CABOS, TAMPA DE ENCAIXE RETA CURVA 90' DE PASSAGEM RETA SUBIDA ABAS EXTERNAS, EM AÇO GALVANIZADO A FOGO, RAIO SEGMENTADO.;POLEODUTO OU SIMILAR;"L=600; R=320";pç 
KA-21-FD;LEITO PARA CABOS, TAMPA DE ENCAIXE RETA CURVA 90' DE PASSAGEM RETA SUBIDA ABAS EXTERNAS, EM AÇO GALVANIZADO A FOGO, RAIO SEGMENTADO.;POLEODUTO OU SIMILAR;"L=600; R=520";pç 
KA-21-IB;LEITO PARA CABOS, TAMPA DE ENCAIXE RETA CURVA 90' DE PASSAGEM RETA SUBIDA ABAS EXTERNAS, EM AÇO GALVANIZADO A FOGO, RAIO SEGMENTADO.;POLEODUTO OU SIMILAR;"L=800; R=320";pç 
KA-21-ID;LEITO PARA CABOS, TAMPA DE ENCAIXE RETA CURVA 90' DE PASSAGEM RETA SUBIDA ABAS EXTERNAS, EM AÇO GALVANIZADO A FOGO, RAIO SEGMENTADO.;POLEODUTO OU SIMILAR;"L=800; R=520";pç 
KF-05-AB;LEITO PARA CABOS, TAMPA DE ENCAIXE RETA PARA CRUZETA 90' ABAS EXTERNAS, EM AÇO GALVANIZAÇÃO ELETROLÍTICA, RAIO SEGMENTADO.;POLEODUTO OU SIMILAR;"L=200; R=320";pç 
KF-05-AD;LEITO PARA CABOS, TAMPA DE ENCAIXE RETA PARA CRUZETA 90' ABAS EXTERNAS, EM AÇO GALVANIZAÇÃO ELETROLÍTICA, RAIO SEGMENTADO.;POLEODUTO OU SIMILAR;"L=200; R=520";pç 
KF-05-DB;LEITO PARA CABOS, TAMPA DE ENCAIXE RETA PARA CRUZETA 90' ABAS EXTERNAS, EM AÇO GALVANIZAÇÃO ELETROLÍTICA, RAIO SEGMENTADO.;POLEODUTO OU SIMILAR;"L=400; R=320";pç 
KF-05-DD;LEITO PARA CABOS, TAMPA DE ENCAIXE RETA PARA CRUZETA 90' ABAS EXTERNAS, EM AÇO GALVANIZAÇÃO ELETROLÍTICA, RAIO SEGMENTADO.;POLEODUTO OU SIMILAR;"L=400; R=520";pç 
KF-05-FB;LEITO PARA CABOS, TAMPA DE ENCAIXE RETA PARA CRUZETA 90' ABAS EXTERNAS, EM AÇO GALVANIZAÇÃO ELETROLÍTICA, RAIO SEGMENTADO.;POLEODUTO OU SIMILAR;"L=600; R=320";pç 
KF-05-FD;LEITO PARA CABOS, TAMPA DE ENCAIXE RETA PARA CRUZETA 90' ABAS EXTERNAS, EM AÇO GALVANIZAÇÃO ELETROLÍTICA, RAIO SEGMENTADO.;POLEODUTO OU SIMILAR;"L=600; R=520";pç 
KF-06-A;LEITO PARA CABOS, TAMPA DE ENCAIXE RETA PARA CRUZETA 90' ABAS EXTERNAS, EM AÇO GALVANIZAÇÃO ELETROLÍTICA, RAIO SEGMENTADO.;POLEODUTO OU SIMILAR;L=200;pç 
KF-06-D;LEITO PARA CABOS, TAMPA DE ENCAIXE RETA PARA CRUZETA 90' ABAS EXTERNAS, EM AÇO GALVANIZAÇÃO ELETROLÍTICA, RAIO SEGMENTADO.;POLEODUTO OU SIMILAR;L=400;pç 
KF-06-F;LEITO PARA CABOS, TAMPA DE ENCAIXE RETA PARA CRUZETA 90' ABAS EXTERNAS, EM AÇO GALVANIZAÇÃO ELETROLÍTICA, RAIO SEGMENTADO.;POLEODUTO OU SIMILAR;L=600;pç 
KF-06-I;LEITO PARA CABOS, TAMPA DE ENCAIXE RETA PARA CRUZETA 90' ABAS EXTERNAS, EM AÇO GALVANIZAÇÃO ELETROLÍTICA, RAIO SEGMENTADO.;POLEODUTO OU SIMILAR;L=800;pç 
KE-20-AB;LEITO PARA CABOS, TAMPA DE ENCAIXE RETA PARA CURVA DE INVERSAO 90' ABAS EXTERNAS,  EM AÇO GALVANIZAÇÃO ELETROLÍTICA, RAIO SEGMENTADO.;POLEODUTO OU SIMILAR;"L=200; R=320";pç 
KE-20-AD;LEITO PARA CABOS, TAMPA DE ENCAIXE RETA PARA CURVA DE INVERSAO 90' ABAS EXTERNAS,  EM AÇO GALVANIZAÇÃO ELETROLÍTICA, RAIO SEGMENTADO.;POLEODUTO OU SIMILAR;"L=200; R=520";pç 
KE-20-DB;LEITO PARA CABOS, TAMPA DE ENCAIXE RETA PARA CURVA DE INVERSAO 90' ABAS EXTERNAS,  EM AÇO GALVANIZAÇÃO ELETROLÍTICA, RAIO SEGMENTADO.;POLEODUTO OU SIMILAR;"L=400; R=320";pç 
KE-20-DD;LEITO PARA CABOS, TAMPA DE ENCAIXE RETA PARA CURVA DE INVERSAO 90' ABAS EXTERNAS,  EM AÇO GALVANIZAÇÃO ELETROLÍTICA, RAIO SEGMENTADO.;POLEODUTO OU SIMILAR;"L=400; R=520";pç 
KE-20-FB;LEITO PARA CABOS, TAMPA DE ENCAIXE RETA PARA CURVA DE INVERSAO 90' ABAS EXTERNAS,  EM AÇO GALVANIZAÇÃO ELETROLÍTICA, RAIO SEGMENTADO.;POLEODUTO OU SIMILAR;"L=600; R=320";pç 
KE-20-FD;LEITO PARA CABOS, TAMPA DE ENCAIXE RETA PARA CURVA DE INVERSAO 90' ABAS EXTERNAS,  EM AÇO GALVANIZAÇÃO ELETROLÍTICA, RAIO SEGMENTADO.;POLEODUTO OU SIMILAR;"L=600; R=520";pç 
KA-20-AB;LEITO PARA CABOS, TAMPA DE ENCAIXE RETA PARA CURVA DE INVERSAO 90' ABAS EXTERNAS,  EM AÇO GALVANIZADO A FOGO, RAIO SEGMENTADO.;POLEODUTO OU SIMILAR;"L=200; R=320";pç 
KA-20-AD;LEITO PARA CABOS, TAMPA DE ENCAIXE RETA PARA CURVA DE INVERSAO 90' ABAS EXTERNAS,  EM AÇO GALVANIZADO A FOGO, RAIO SEGMENTADO.;POLEODUTO OU SIMILAR;"L=200; R=520";pç 
KA-20-DB;LEITO PARA CABOS, TAMPA DE ENCAIXE RETA PARA CURVA DE INVERSAO 90' ABAS EXTERNAS,  EM AÇO GALVANIZADO A FOGO, RAIO SEGMENTADO.;POLEODUTO OU SIMILAR;"L=400; R=320";pç 
KA-20-DD;LEITO PARA CABOS, TAMPA DE ENCAIXE RETA PARA CURVA DE INVERSAO 90' ABAS EXTERNAS,  EM AÇO GALVANIZADO A FOGO, RAIO SEGMENTADO.;POLEODUTO OU SIMILAR;"L=400; R=520";pç 
KA-20-FB;LEITO PARA CABOS, TAMPA DE ENCAIXE RETA PARA CURVA DE INVERSAO 90' ABAS EXTERNAS,  EM AÇO GALVANIZADO A FOGO, RAIO SEGMENTADO.;POLEODUTO OU SIMILAR;"L=600; R=320";pç 
KA-20-FD;LEITO PARA CABOS, TAMPA DE ENCAIXE RETA PARA CURVA DE INVERSAO 90' ABAS EXTERNAS,  EM AÇO GALVANIZADO A FOGO, RAIO SEGMENTADO.;POLEODUTO OU SIMILAR;"L=600; R=520";pç 
KA-20-IB;LEITO PARA CABOS, TAMPA DE ENCAIXE RETA PARA CURVA DE INVERSAO 90' ABAS EXTERNAS,  EM AÇO GALVANIZADO A FOGO, RAIO SEGMENTADO.;POLEODUTO OU SIMILAR;"L=800; R=320";pç 
KA-20-ID;LEITO PARA CABOS, TAMPA DE ENCAIXE RETA PARA CURVA DE INVERSAO 90' ABAS EXTERNAS,  EM AÇO GALVANIZADO A FOGO, RAIO SEGMENTADO.;POLEODUTO OU SIMILAR;"L=800; R=520";pç 
KA-02-AB;LEITO PARA CABOS, TAMPA DE ENCAIXE RETA PARA CURVA HORIZONTAL DE 15' ABAS EXTERNAS,  EM AÇO GALVANIZADO A FOGO, RAIO SEGMENTADO.;POLEODUTO OU SIMILAR;"L=200; R=320";pç 
KA-02-AD;LEITO PARA CABOS, TAMPA DE ENCAIXE RETA PARA CURVA HORIZONTAL DE 15' ABAS EXTERNAS,  EM AÇO GALVANIZADO A FOGO, RAIO SEGMENTADO.;POLEODUTO OU SIMILAR;"L=200; R=520";pç 
KA-02-DB;LEITO PARA CABOS, TAMPA DE ENCAIXE RETA PARA CURVA HORIZONTAL DE 15' ABAS EXTERNAS,  EM AÇO GALVANIZADO A FOGO, RAIO SEGMENTADO.;POLEODUTO OU SIMILAR;"L=400; R=320";pç 
KA-02-DD;LEITO PARA CABOS, TAMPA DE ENCAIXE RETA PARA CURVA HORIZONTAL DE 15' ABAS EXTERNAS,  EM AÇO GALVANIZADO A FOGO, RAIO SEGMENTADO.;POLEODUTO OU SIMILAR;"L=400; R=520";pç 
KA-02-FB;LEITO PARA CABOS, TAMPA DE ENCAIXE RETA PARA CURVA HORIZONTAL DE 15' ABAS EXTERNAS,  EM AÇO GALVANIZADO A FOGO, RAIO SEGMENTADO.;POLEODUTO OU SIMILAR;"L=600; R=320";pç 
KA-02-FD;LEITO PARA CABOS, TAMPA DE ENCAIXE RETA PARA CURVA HORIZONTAL DE 15' ABAS EXTERNAS,  EM AÇO GALVANIZADO A FOGO, RAIO SEGMENTADO.;POLEODUTO OU SIMILAR;"L=600; R=520";pç 
KA-02-IB;LEITO PARA CABOS, TAMPA DE ENCAIXE RETA PARA CURVA HORIZONTAL DE 15' ABAS EXTERNAS,  EM AÇO GALVANIZADO A FOGO, RAIO SEGMENTADO.;POLEODUTO OU SIMILAR;"L=800; R=320";pç 
KA-02-ID;LEITO PARA CABOS, TAMPA DE ENCAIXE RETA PARA CURVA HORIZONTAL DE 15' ABAS EXTERNAS,  EM AÇO GALVANIZADO A FOGO, RAIO SEGMENTADO.;POLEODUTO OU SIMILAR;"L=800; R=520";pç 
KE-02-AB;LEITO PARA CABOS, TAMPA DE ENCAIXE RETA PARA CURVA HORIZONTAL DE 15' COM ABAS EXTERNAS,  EM AÇO GALVANIZAÇÃO ELETROLÍTICA, RAIO SEGMENTADO.;POLEODUTO OU SIMILAR;"L=200; R=320";pç 
KE-02-AD;LEITO PARA CABOS, TAMPA DE ENCAIXE RETA PARA CURVA HORIZONTAL DE 15' COM ABAS EXTERNAS,  EM AÇO GALVANIZAÇÃO ELETROLÍTICA, RAIO SEGMENTADO.;POLEODUTO OU SIMILAR;"L=200; R=520";pç 
KE-02-DB;LEITO PARA CABOS, TAMPA DE ENCAIXE RETA PARA CURVA HORIZONTAL DE 15' COM ABAS EXTERNAS,  EM AÇO GALVANIZAÇÃO ELETROLÍTICA, RAIO SEGMENTADO.;POLEODUTO OU SIMILAR;"L=400; R=320";pç 
KE-02-DD;LEITO PARA CABOS, TAMPA DE ENCAIXE RETA PARA CURVA HORIZONTAL DE 15' COM ABAS EXTERNAS,  EM AÇO GALVANIZAÇÃO ELETROLÍTICA, RAIO SEGMENTADO.;POLEODUTO OU SIMILAR;"L=400; R=520";pç 
KE-02-FB;LEITO PARA CABOS, TAMPA DE ENCAIXE RETA PARA CURVA HORIZONTAL DE 15' COM ABAS EXTERNAS,  EM AÇO GALVANIZAÇÃO ELETROLÍTICA, RAIO SEGMENTADO.;POLEODUTO OU SIMILAR;"L=600; R=320";pç 
KE-02-FD;LEITO PARA CABOS, TAMPA DE ENCAIXE RETA PARA CURVA HORIZONTAL DE 15' COM ABAS EXTERNAS,  EM AÇO GALVANIZAÇÃO ELETROLÍTICA, RAIO SEGMENTADO.;POLEODUTO OU SIMILAR;"L=600; R=520";pç 
KE-02-IB;LEITO PARA CABOS, TAMPA DE ENCAIXE RETA PARA CURVA HORIZONTAL DE 15' COM ABAS EXTERNAS,  EM AÇO GALVANIZAÇÃO ELETROLÍTICA, RAIO SEGMENTADO.;POLEODUTO OU SIMILAR;"L=800; R=320";pç 
KE-02-ID;LEITO PARA CABOS, TAMPA DE ENCAIXE RETA PARA CURVA HORIZONTAL DE 15' COM ABAS EXTERNAS,  EM AÇO GALVANIZAÇÃO ELETROLÍTICA, RAIO SEGMENTADO.;POLEODUTO OU SIMILAR;"L=800; R=520";pç 
KA-03-AB;LEITO PARA CABOS, TAMPA DE ENCAIXE RETA PARA CURVA HORIZONTAL DE 30' ABAS EXTERNAS,  EM AÇO GALVANIZADO A FOGO, RAIO SEGMENTADO.;POLEODUTO OU SIMILAR;"L=200; R=320";pç 
KA-03-AD;LEITO PARA CABOS, TAMPA DE ENCAIXE RETA PARA CURVA HORIZONTAL DE 30' ABAS EXTERNAS,  EM AÇO GALVANIZADO A FOGO, RAIO SEGMENTADO.;POLEODUTO OU SIMILAR;"L=200; R=520";pç 
KA-03-DB;LEITO PARA CABOS, TAMPA DE ENCAIXE RETA PARA CURVA HORIZONTAL DE 30' ABAS EXTERNAS,  EM AÇO GALVANIZADO A FOGO, RAIO SEGMENTADO.;POLEODUTO OU SIMILAR;"L=400; R=320";pç 
KA-03-DD;LEITO PARA CABOS, TAMPA DE ENCAIXE RETA PARA CURVA HORIZONTAL DE 30' ABAS EXTERNAS,  EM AÇO GALVANIZADO A FOGO, RAIO SEGMENTADO.;POLEODUTO OU SIMILAR;"L=400; R=520";pç 
KA-03-FB;LEITO PARA CABOS, TAMPA DE ENCAIXE RETA PARA CURVA HORIZONTAL DE 30' ABAS EXTERNAS,  EM AÇO GALVANIZADO A FOGO, RAIO SEGMENTADO.;POLEODUTO OU SIMILAR;"L=600; R=320";pç 
KA-03-FD;LEITO PARA CABOS, TAMPA DE ENCAIXE RETA PARA CURVA HORIZONTAL DE 30' ABAS EXTERNAS,  EM AÇO GALVANIZADO A FOGO, RAIO SEGMENTADO.;POLEODUTO OU SIMILAR;"L=600; R=520";pç 
KA-03-IB;LEITO PARA CABOS, TAMPA DE ENCAIXE RETA PARA CURVA HORIZONTAL DE 30' ABAS EXTERNAS,  EM AÇO GALVANIZADO A FOGO, RAIO SEGMENTADO.;POLEODUTO OU SIMILAR;"L=800; R=320";pç 
KA-03-ID;LEITO PARA CABOS, TAMPA DE ENCAIXE RETA PARA CURVA HORIZONTAL DE 30' ABAS EXTERNAS,  EM AÇO GALVANIZADO A FOGO, RAIO SEGMENTADO.;POLEODUTO OU SIMILAR;"L=800; R=520";pç 
KE-03-AB;LEITO PARA CABOS, TAMPA DE ENCAIXE RETA PARA CURVA HORIZONTAL DE 30' COM ABAS EXTERNAS,  EM AÇO GALVANIZAÇÃO ELETROLÍTICA, RAIO SEGMENTADO.;POLEODUTO OU SIMILAR;"L=200; R=320";pç 
KE-03-AD;LEITO PARA CABOS, TAMPA DE ENCAIXE RETA PARA CURVA HORIZONTAL DE 30' COM ABAS EXTERNAS,  EM AÇO GALVANIZAÇÃO ELETROLÍTICA, RAIO SEGMENTADO.;POLEODUTO OU SIMILAR;"L=200; R=520";pç 
KE-03-DB;LEITO PARA CABOS, TAMPA DE ENCAIXE RETA PARA CURVA HORIZONTAL DE 30' COM ABAS EXTERNAS,  EM AÇO GALVANIZAÇÃO ELETROLÍTICA, RAIO SEGMENTADO.;POLEODUTO OU SIMILAR;"L=400; R=320";pç 
KE-03-DD;LEITO PARA CABOS, TAMPA DE ENCAIXE RETA PARA CURVA HORIZONTAL DE 30' COM ABAS EXTERNAS,  EM AÇO GALVANIZAÇÃO ELETROLÍTICA, RAIO SEGMENTADO.;POLEODUTO OU SIMILAR;"L=400; R=520";pç 
KE-03-FB;LEITO PARA CABOS, TAMPA DE ENCAIXE RETA PARA CURVA HORIZONTAL DE 30' COM ABAS EXTERNAS,  EM AÇO GALVANIZAÇÃO ELETROLÍTICA, RAIO SEGMENTADO.;POLEODUTO OU SIMILAR;"L=600; R=320";pç 
KE-03-FD;LEITO PARA CABOS, TAMPA DE ENCAIXE RETA PARA CURVA HORIZONTAL DE 30' COM ABAS EXTERNAS,  EM AÇO GALVANIZAÇÃO ELETROLÍTICA, RAIO SEGMENTADO.;POLEODUTO OU SIMILAR;"L=600; R=520";pç 
KA-04-AB;LEITO PARA CABOS, TAMPA DE ENCAIXE RETA PARA CURVA HORIZONTAL DE 45' ABAS EXTERNAS,  EM AÇO GALVANIZADO A FOGO, RAIO SEGMENTADO.;POLEODUTO OU SIMILAR;"L=200; R=320";pç 
KA-04-AD;LEITO PARA CABOS, TAMPA DE ENCAIXE RETA PARA CURVA HORIZONTAL DE 45' ABAS EXTERNAS,  EM AÇO GALVANIZADO A FOGO, RAIO SEGMENTADO.;POLEODUTO OU SIMILAR;"L=200; R=520";pç 
KA-04-DB;LEITO PARA CABOS, TAMPA DE ENCAIXE RETA PARA CURVA HORIZONTAL DE 45' ABAS EXTERNAS,  EM AÇO GALVANIZADO A FOGO, RAIO SEGMENTADO.;POLEODUTO OU SIMILAR;"L=400; R=320";pç 
KA-04-DD;LEITO PARA CABOS, TAMPA DE ENCAIXE RETA PARA CURVA HORIZONTAL DE 45' ABAS EXTERNAS,  EM AÇO GALVANIZADO A FOGO, RAIO SEGMENTADO.;POLEODUTO OU SIMILAR;"L=400; R=520";pç 
KA-04-FB;LEITO PARA CABOS, TAMPA DE ENCAIXE RETA PARA CURVA HORIZONTAL DE 45' ABAS EXTERNAS,  EM AÇO GALVANIZADO A FOGO, RAIO SEGMENTADO.;POLEODUTO OU SIMILAR;"L=600; R=320";pç 
KA-04-FD;LEITO PARA CABOS, TAMPA DE ENCAIXE RETA PARA CURVA HORIZONTAL DE 45' ABAS EXTERNAS,  EM AÇO GALVANIZADO A FOGO, RAIO SEGMENTADO.;POLEODUTO OU SIMILAR;"L=600; R=520";pç 
KA-04-IB;LEITO PARA CABOS, TAMPA DE ENCAIXE RETA PARA CURVA HORIZONTAL DE 45' ABAS EXTERNAS,  EM AÇO GALVANIZADO A FOGO, RAIO SEGMENTADO.;POLEODUTO OU SIMILAR;"L=800; R=320";pç 
KA-04-ID;LEITO PARA CABOS, TAMPA DE ENCAIXE RETA PARA CURVA HORIZONTAL DE 45' ABAS EXTERNAS,  EM AÇO GALVANIZADO A FOGO, RAIO SEGMENTADO.;POLEODUTO OU SIMILAR;"L=800; R=520";pç 
KE-04-A3;LEITO PARA CABOS, TAMPA DE ENCAIXE RETA PARA CURVA HORIZONTAL DE 45' COM ABAS EXTERNAS,  EM AÇO GALVANIZAÇÃO ELETROLÍTICA, RAIO SEGMENTADO.;POLEODUTO OU SIMILAR;"L=200; R=520";pç 
KE-04-AB;LEITO PARA CABOS, TAMPA DE ENCAIXE RETA PARA CURVA HORIZONTAL DE 45' COM ABAS EXTERNAS,  EM AÇO GALVANIZAÇÃO ELETROLÍTICA, RAIO SEGMENTADO.;POLEODUTO OU SIMILAR;"L=200; R=320";pç 
KE-04-AD;LEITO PARA CABOS, TAMPA DE ENCAIXE RETA PARA CURVA HORIZONTAL DE 45' COM ABAS EXTERNAS,  EM AÇO GALVANIZAÇÃO ELETROLÍTICA, RAIO SEGMENTADO.;POLEODUTO OU SIMILAR;"L=200; R=520";pç 
KE-04-D3;LEITO PARA CABOS, TAMPA DE ENCAIXE RETA PARA CURVA HORIZONTAL DE 45' COM ABAS EXTERNAS,  EM AÇO GALVANIZAÇÃO ELETROLÍTICA, RAIO SEGMENTADO.;POLEODUTO OU SIMILAR;"L=400; R=520";pç 
KE-04-DB;LEITO PARA CABOS, TAMPA DE ENCAIXE RETA PARA CURVA HORIZONTAL DE 45' COM ABAS EXTERNAS,  EM AÇO GALVANIZAÇÃO ELETROLÍTICA, RAIO SEGMENTADO.;POLEODUTO OU SIMILAR;"L=400; R=320";pç 
KE-04-DD;LEITO PARA CABOS, TAMPA DE ENCAIXE RETA PARA CURVA HORIZONTAL DE 45' COM ABAS EXTERNAS,  EM AÇO GALVANIZAÇÃO ELETROLÍTICA, RAIO SEGMENTADO.;POLEODUTO OU SIMILAR;"L=400; R=520";pç 
KE-04-F3;LEITO PARA CABOS, TAMPA DE ENCAIXE RETA PARA CURVA HORIZONTAL DE 45' COM ABAS EXTERNAS,  EM AÇO GALVANIZAÇÃO ELETROLÍTICA, RAIO SEGMENTADO.;POLEODUTO OU SIMILAR;"L=600; R=520";pç 
KE-04-FB;LEITO PARA CABOS, TAMPA DE ENCAIXE RETA PARA CURVA HORIZONTAL DE 45' COM ABAS EXTERNAS,  EM AÇO GALVANIZAÇÃO ELETROLÍTICA, RAIO SEGMENTADO.;POLEODUTO OU SIMILAR;"L=600; R=320";pç 
KE-04-FD;LEITO PARA CABOS, TAMPA DE ENCAIXE RETA PARA CURVA HORIZONTAL DE 45' COM ABAS EXTERNAS,  EM AÇO GALVANIZAÇÃO ELETROLÍTICA, RAIO SEGMENTADO.;POLEODUTO OU SIMILAR;"L=600; R=520";pç 
KE-04-I3;LEITO PARA CABOS, TAMPA DE ENCAIXE RETA PARA CURVA HORIZONTAL DE 45' COM ABAS EXTERNAS,  EM AÇO GALVANIZAÇÃO ELETROLÍTICA, RAIO SEGMENTADO.;POLEODUTO OU SIMILAR;"L=800; R=520";pç 
KA-05-AB;LEITO PARA CABOS, TAMPA DE ENCAIXE RETA PARA CURVA HORIZONTAL DE 60' ABAS EXTERNAS,  EM AÇO GALVANIZADO A FOGO, RAIO SEGMENTADO.;POLEODUTO OU SIMILAR;"L=200; R=320";pç 
KA-05-AD;LEITO PARA CABOS, TAMPA DE ENCAIXE RETA PARA CURVA HORIZONTAL DE 60' ABAS EXTERNAS,  EM AÇO GALVANIZADO A FOGO, RAIO SEGMENTADO.;POLEODUTO OU SIMILAR;"L=200; R=520";pç 
KA-05-DB;LEITO PARA CABOS, TAMPA DE ENCAIXE RETA PARA CURVA HORIZONTAL DE 60' ABAS EXTERNAS,  EM AÇO GALVANIZADO A FOGO, RAIO SEGMENTADO.;POLEODUTO OU SIMILAR;"L=400; R=320";pç 
KA-05-DD;LEITO PARA CABOS, TAMPA DE ENCAIXE RETA PARA CURVA HORIZONTAL DE 60' ABAS EXTERNAS,  EM AÇO GALVANIZADO A FOGO, RAIO SEGMENTADO.;POLEODUTO OU SIMILAR;"L=400; R=520";pç 
KA-05-FB;LEITO PARA CABOS, TAMPA DE ENCAIXE RETA PARA CURVA HORIZONTAL DE 60' ABAS EXTERNAS,  EM AÇO GALVANIZADO A FOGO, RAIO SEGMENTADO.;POLEODUTO OU SIMILAR;"L=600; R=320";pç 
KA-05-FD;LEITO PARA CABOS, TAMPA DE ENCAIXE RETA PARA CURVA HORIZONTAL DE 60' ABAS EXTERNAS,  EM AÇO GALVANIZADO A FOGO, RAIO SEGMENTADO.;POLEODUTO OU SIMILAR;"L=600; R=520";pç 
KA-05-IB;LEITO PARA CABOS, TAMPA DE ENCAIXE RETA PARA CURVA HORIZONTAL DE 60' ABAS EXTERNAS,  EM AÇO GALVANIZADO A FOGO, RAIO SEGMENTADO.;POLEODUTO OU SIMILAR;"L=800; R=320";pç 
KA-05-ID;LEITO PARA CABOS, TAMPA DE ENCAIXE RETA PARA CURVA HORIZONTAL DE 60' ABAS EXTERNAS,  EM AÇO GALVANIZADO A FOGO, RAIO SEGMENTADO.;POLEODUTO OU SIMILAR;"L=800; R=520";pç 
KE-05-AB;LEITO PARA CABOS, TAMPA DE ENCAIXE RETA PARA CURVA HORIZONTAL DE 60' COM ABAS EXTERNAS,  EM AÇO GALVANIZAÇÃO ELETROLÍTICA, RAIO SEGMENTADO.;POLEODUTO OU SIMILAR;"L=200; R=320";pç 
KE-05-AD;LEITO PARA CABOS, TAMPA DE ENCAIXE RETA PARA CURVA HORIZONTAL DE 60' COM ABAS EXTERNAS,  EM AÇO GALVANIZAÇÃO ELETROLÍTICA, RAIO SEGMENTADO.;POLEODUTO OU SIMILAR;"L=200; R=520";pç 
KE-05-DB;LEITO PARA CABOS, TAMPA DE ENCAIXE RETA PARA CURVA HORIZONTAL DE 60' COM ABAS EXTERNAS,  EM AÇO GALVANIZAÇÃO ELETROLÍTICA, RAIO SEGMENTADO.;POLEODUTO OU SIMILAR;"L=400; R=320";pç 
KE-05-DD;LEITO PARA CABOS, TAMPA DE ENCAIXE RETA PARA CURVA HORIZONTAL DE 60' COM ABAS EXTERNAS,  EM AÇO GALVANIZAÇÃO ELETROLÍTICA, RAIO SEGMENTADO.;POLEODUTO OU SIMILAR;"L=400; R=520";pç 
KE-05-FB;LEITO PARA CABOS, TAMPA DE ENCAIXE RETA PARA CURVA HORIZONTAL DE 60' COM ABAS EXTERNAS,  EM AÇO GALVANIZAÇÃO ELETROLÍTICA, RAIO SEGMENTADO.;POLEODUTO OU SIMILAR;"L=600; R=320";pç 
KE-05-FD;LEITO PARA CABOS, TAMPA DE ENCAIXE RETA PARA CURVA HORIZONTAL DE 60' COM ABAS EXTERNAS,  EM AÇO GALVANIZAÇÃO ELETROLÍTICA, RAIO SEGMENTADO.;POLEODUTO OU SIMILAR;"L=600; R=520";pç 
KE-06-AB;LEITO PARA CABOS, TAMPA DE ENCAIXE RETA PARA CURVA HORIZONTAL DE 60' COM ABAS EXTERNAS,  EM AÇO GALVANIZAÇÃO ELETROLÍTICA, RAIO SEGMENTADO.;POLEODUTO OU SIMILAR;"L=200; R=320";pç 
KA-06-AB;LEITO PARA CABOS, TAMPA DE ENCAIXE RETA PARA CURVA HORIZONTAL DE 75' ABAS EXTERNAS,  EM AÇO GALVANIZADO A FOGO, RAIO SEGMENTADO.;POLEODUTO OU SIMILAR;"L=200; R=320";pç 
KA-06-AD;LEITO PARA CABOS, TAMPA DE ENCAIXE RETA PARA CURVA HORIZONTAL DE 75' ABAS EXTERNAS,  EM AÇO GALVANIZADO A FOGO, RAIO SEGMENTADO.;POLEODUTO OU SIMILAR;"L=200; R=520";pç 
KA-06-DB;LEITO PARA CABOS, TAMPA DE ENCAIXE RETA PARA CURVA HORIZONTAL DE 75' ABAS EXTERNAS,  EM AÇO GALVANIZADO A FOGO, RAIO SEGMENTADO.;POLEODUTO OU SIMILAR;"L=400; R=320";pç 
KA-06-DD;LEITO PARA CABOS, TAMPA DE ENCAIXE RETA PARA CURVA HORIZONTAL DE 75' ABAS EXTERNAS,  EM AÇO GALVANIZADO A FOGO, RAIO SEGMENTADO.;POLEODUTO OU SIMILAR;"L=400; R=520";pç 
KA-06-FB;LEITO PARA CABOS, TAMPA DE ENCAIXE RETA PARA CURVA HORIZONTAL DE 75' ABAS EXTERNAS,  EM AÇO GALVANIZADO A FOGO, RAIO SEGMENTADO.;POLEODUTO OU SIMILAR;"L=600; R=320";pç 
KA-06-FD;LEITO PARA CABOS, TAMPA DE ENCAIXE RETA PARA CURVA HORIZONTAL DE 75' ABAS EXTERNAS,  EM AÇO GALVANIZADO A FOGO, RAIO SEGMENTADO.;POLEODUTO OU SIMILAR;"L=600; R=520";pç 
KA-06-IB;LEITO PARA CABOS, TAMPA DE ENCAIXE RETA PARA CURVA HORIZONTAL DE 75' ABAS EXTERNAS,  EM AÇO GALVANIZADO A FOGO, RAIO SEGMENTADO.;POLEODUTO OU SIMILAR;"L=800; R=320";pç 
KA-06-ID;LEITO PARA CABOS, TAMPA DE ENCAIXE RETA PARA CURVA HORIZONTAL DE 75' ABAS EXTERNAS,  EM AÇO GALVANIZADO A FOGO, RAIO SEGMENTADO.;POLEODUTO OU SIMILAR;"L=800; R=520";pç 
KE-06-AD;LEITO PARA CABOS, TAMPA DE ENCAIXE RETA PARA CURVA HORIZONTAL DE 75' COM ABAS EXTERNAS,  EM AÇO GALVANIZAÇÃO ELETROLÍTICA, RAIO SEGMENTADO.;POLEODUTO OU SIMILAR;"L=200; R=520";pç 
KE-06-DB;LEITO PARA CABOS, TAMPA DE ENCAIXE RETA PARA CURVA HORIZONTAL DE 75' COM ABAS EXTERNAS,  EM AÇO GALVANIZAÇÃO ELETROLÍTICA, RAIO SEGMENTADO.;POLEODUTO OU SIMILAR;"L=400; R=320";pç 
KE-06-DD;LEITO PARA CABOS, TAMPA DE ENCAIXE RETA PARA CURVA HORIZONTAL DE 75' COM ABAS EXTERNAS,  EM AÇO GALVANIZAÇÃO ELETROLÍTICA, RAIO SEGMENTADO.;POLEODUTO OU SIMILAR;"L=400; R=520";pç 
KE-06-FB;LEITO PARA CABOS, TAMPA DE ENCAIXE RETA PARA CURVA HORIZONTAL DE 75' COM ABAS EXTERNAS,  EM AÇO GALVANIZAÇÃO ELETROLÍTICA, RAIO SEGMENTADO.;POLEODUTO OU SIMILAR;"L=600; R=320";pç 
KE-06-FD;LEITO PARA CABOS, TAMPA DE ENCAIXE RETA PARA CURVA HORIZONTAL DE 75' COM ABAS EXTERNAS,  EM AÇO GALVANIZAÇÃO ELETROLÍTICA, RAIO SEGMENTADO.;POLEODUTO OU SIMILAR;"L=600; R=520";pç 
KA-07-AB;LEITO PARA CABOS, TAMPA DE ENCAIXE RETA PARA CURVA HORIZONTAL DE 90' ABAS EXTERNAS,  EM AÇO GALVANIZADO A FOGO, RAIO SEGMENTADO.;POLEODUTO OU SIMILAR;"L=200; R=320";pç 
KA-07-AD;LEITO PARA CABOS, TAMPA DE ENCAIXE RETA PARA CURVA HORIZONTAL DE 90' ABAS EXTERNAS,  EM AÇO GALVANIZADO A FOGO, RAIO SEGMENTADO.;POLEODUTO OU SIMILAR;"L=200; R=520";pç 
KA-07-DB;LEITO PARA CABOS, TAMPA DE ENCAIXE RETA PARA CURVA HORIZONTAL DE 90' ABAS EXTERNAS,  EM AÇO GALVANIZADO A FOGO, RAIO SEGMENTADO.;POLEODUTO OU SIMILAR;"L=400; R=320";pç 
KA-07-DD;LEITO PARA CABOS, TAMPA DE ENCAIXE RETA PARA CURVA HORIZONTAL DE 90' ABAS EXTERNAS,  EM AÇO GALVANIZADO A FOGO, RAIO SEGMENTADO.;POLEODUTO OU SIMILAR;"L=400; R=520";pç 
KA-07-FB;LEITO PARA CABOS, TAMPA DE ENCAIXE RETA PARA CURVA HORIZONTAL DE 90' ABAS EXTERNAS,  EM AÇO GALVANIZADO A FOGO, RAIO SEGMENTADO.;POLEODUTO OU SIMILAR;"L=600; R=320";pç 
KA-07-FD;LEITO PARA CABOS, TAMPA DE ENCAIXE RETA PARA CURVA HORIZONTAL DE 90' ABAS EXTERNAS,  EM AÇO GALVANIZADO A FOGO, RAIO SEGMENTADO.;POLEODUTO OU SIMILAR;"L=600; R=520";pç 
KA-07-IB;LEITO PARA CABOS, TAMPA DE ENCAIXE RETA PARA CURVA HORIZONTAL DE 90' ABAS EXTERNAS,  EM AÇO GALVANIZADO A FOGO, RAIO SEGMENTADO.;POLEODUTO OU SIMILAR;"L=800; R=320";pç 
KA-07-ID;LEITO PARA CABOS, TAMPA DE ENCAIXE RETA PARA CURVA HORIZONTAL DE 90' ABAS EXTERNAS,  EM AÇO GALVANIZADO A FOGO, RAIO SEGMENTADO.;POLEODUTO OU SIMILAR;"L=800; R=520";pç 
KE-27-A3;LEITO PARA CABOS, TAMPA DE ENCAIXE RETA PARA CURVA HORIZONTAL DE 90' COM ABAS EXTERNAS,  EM AÇO GALVANIZADO A FOGO, RAIO SEGMENTADO.;POLEODUTO OU SIMILAR;"L=200; R=520";pç 
KE-27-AB;LEITO PARA CABOS, TAMPA DE ENCAIXE RETA PARA CURVA HORIZONTAL DE 90' COM ABAS EXTERNAS,  EM AÇO GALVANIZADO A FOGO, RAIO SEGMENTADO.;POLEODUTO OU SIMILAR;"L=200; R=320";pç 
KE-27-AD;LEITO PARA CABOS, TAMPA DE ENCAIXE RETA PARA CURVA HORIZONTAL DE 90' COM ABAS EXTERNAS,  EM AÇO GALVANIZADO A FOGO, RAIO SEGMENTADO.;POLEODUTO OU SIMILAR;"L=200; R=520";pç 
KE-27-D3;LEITO PARA CABOS, TAMPA DE ENCAIXE RETA PARA CURVA HORIZONTAL DE 90' COM ABAS EXTERNAS,  EM AÇO GALVANIZADO A FOGO, RAIO SEGMENTADO.;POLEODUTO OU SIMILAR;"L=400; R=520";pç 
KE-27-DB;LEITO PARA CABOS, TAMPA DE ENCAIXE RETA PARA CURVA HORIZONTAL DE 90' COM ABAS EXTERNAS,  EM AÇO GALVANIZADO A FOGO, RAIO SEGMENTADO.;POLEODUTO OU SIMILAR;"L=400; R=320";pç 
KE-27-DD;LEITO PARA CABOS, TAMPA DE ENCAIXE RETA PARA CURVA HORIZONTAL DE 90' COM ABAS EXTERNAS,  EM AÇO GALVANIZADO A FOGO, RAIO SEGMENTADO.;POLEODUTO OU SIMILAR;"L=400; R=520";pç 
KE-27-F3;LEITO PARA CABOS, TAMPA DE ENCAIXE RETA PARA CURVA HORIZONTAL DE 90' COM ABAS EXTERNAS,  EM AÇO GALVANIZADO A FOGO, RAIO SEGMENTADO.;POLEODUTO OU SIMILAR;"L=600; R=520";pç 
KE-27-FB;LEITO PARA CABOS, TAMPA DE ENCAIXE RETA PARA CURVA HORIZONTAL DE 90' COM ABAS EXTERNAS,  EM AÇO GALVANIZADO A FOGO, RAIO SEGMENTADO.;POLEODUTO OU SIMILAR;"L=600; R=320";pç 
KE-27-FD;LEITO PARA CABOS, TAMPA DE ENCAIXE RETA PARA CURVA HORIZONTAL DE 90' COM ABAS EXTERNAS,  EM AÇO GALVANIZADO A FOGO, RAIO SEGMENTADO.;POLEODUTO OU SIMILAR;"L=600; R=520";pç 
KE-27-I3;LEITO PARA CABOS, TAMPA DE ENCAIXE RETA PARA CURVA HORIZONTAL DE 90' COM ABAS EXTERNAS,  EM AÇO GALVANIZADO A FOGO, RAIO SEGMENTADO.;POLEODUTO OU SIMILAR;"L=800; R=520";pç 
KE-27-ID;LEITO PARA CABOS, TAMPA DE ENCAIXE RETA PARA CURVA HORIZONTAL DE 90' COM ABAS EXTERNAS,  EM AÇO GALVANIZADO A FOGO, RAIO SEGMENTADO.;POLEODUTO OU SIMILAR;"L=800; R=520";pç 
KE-23-A3;LEITO PARA CABOS, TAMPA DE ENCAIXE RETA PARA CURVA VERTICAL EXTERNA DE 90' COM ABAS EXTERNAS,  EM AÇO GALVANIZADO A FOGO, RAIO SEGMENTADO.;POLEODUTO OU SIMILAR;"L=200; R=520";pç 
KE-23-AB;LEITO PARA CABOS, TAMPA DE ENCAIXE RETA PARA CURVA VERTICAL EXTERNA DE 90' COM ABAS EXTERNAS,  EM AÇO GALVANIZADO A FOGO, RAIO SEGMENTADO.;POLEODUTO OU SIMILAR;"L=200; R=320";pç 
KE-23-AD;LEITO PARA CABOS, TAMPA DE ENCAIXE RETA PARA CURVA VERTICAL EXTERNA DE 90' COM ABAS EXTERNAS,  EM AÇO GALVANIZADO A FOGO, RAIO SEGMENTADO.;POLEODUTO OU SIMILAR;"L=200; R=520";pç 
KE-23-D3;LEITO PARA CABOS, TAMPA DE ENCAIXE RETA PARA CURVA VERTICAL EXTERNA DE 90' COM ABAS EXTERNAS,  EM AÇO GALVANIZADO A FOGO, RAIO SEGMENTADO.;POLEODUTO OU SIMILAR;"L=400; R=520";pç 
KE-23-DB;LEITO PARA CABOS, TAMPA DE ENCAIXE RETA PARA CURVA VERTICAL EXTERNA DE 90' COM ABAS EXTERNAS,  EM AÇO GALVANIZADO A FOGO, RAIO SEGMENTADO.;POLEODUTO OU SIMILAR;"L=400; R=320";pç 
KE-23-DD;LEITO PARA CABOS, TAMPA DE ENCAIXE RETA PARA CURVA VERTICAL EXTERNA DE 90' COM ABAS EXTERNAS,  EM AÇO GALVANIZADO A FOGO, RAIO SEGMENTADO.;POLEODUTO OU SIMILAR;"L=400; R=520";pç 
KE-23-F3;LEITO PARA CABOS, TAMPA DE ENCAIXE RETA PARA CURVA VERTICAL EXTERNA DE 90' COM ABAS EXTERNAS,  EM AÇO GALVANIZADO A FOGO, RAIO SEGMENTADO.;POLEODUTO OU SIMILAR;"L=600; R=520";pç 
KE-23-FB;LEITO PARA CABOS, TAMPA DE ENCAIXE RETA PARA CURVA VERTICAL EXTERNA DE 90' COM ABAS EXTERNAS,  EM AÇO GALVANIZADO A FOGO, RAIO SEGMENTADO.;POLEODUTO OU SIMILAR;"L=600; R=320";pç 
KE-23-FD;LEITO PARA CABOS, TAMPA DE ENCAIXE RETA PARA CURVA VERTICAL EXTERNA DE 90' COM ABAS EXTERNAS,  EM AÇO GALVANIZADO A FOGO, RAIO SEGMENTADO.;POLEODUTO OU SIMILAR;"L=600; R=520";pç 
KE-23-I3;LEITO PARA CABOS, TAMPA DE ENCAIXE RETA PARA CURVA VERTICAL EXTERNA DE 90' COM ABAS EXTERNAS,  EM AÇO GALVANIZADO A FOGO, RAIO SEGMENTADO.;POLEODUTO OU SIMILAR;"L=800; R=520";pç 
KE-23-ID;LEITO PARA CABOS, TAMPA DE ENCAIXE RETA PARA CURVA VERTICAL EXTERNA DE 90' COM ABAS EXTERNAS,  EM AÇO GALVANIZADO A FOGO, RAIO SEGMENTADO.;POLEODUTO OU SIMILAR;"L=800; R=520";pç 
KE-29-A3;LEITO PARA CABOS, TAMPA DE ENCAIXE RETA PARA CURVA VERTICAL INTERNA DE 90' COM ABAS EXTERNAS,  EM AÇO GALVANIZADO A FOGO, RAIO SEGMENTADO.;POLEODUTO OU SIMILAR;"L=200; R=520";pç 
KE-29-AB;LEITO PARA CABOS, TAMPA DE ENCAIXE RETA PARA CURVA VERTICAL INTERNA DE 90' COM ABAS EXTERNAS,  EM AÇO GALVANIZADO A FOGO, RAIO SEGMENTADO.;POLEODUTO OU SIMILAR;"L=200; R=320";pç 
KE-29-AD;LEITO PARA CABOS, TAMPA DE ENCAIXE RETA PARA CURVA VERTICAL INTERNA DE 90' COM ABAS EXTERNAS,  EM AÇO GALVANIZADO A FOGO, RAIO SEGMENTADO.;POLEODUTO OU SIMILAR;"L=200; R=520";pç 
KE-29-D3;LEITO PARA CABOS, TAMPA DE ENCAIXE RETA PARA CURVA VERTICAL INTERNA DE 90' COM ABAS EXTERNAS,  EM AÇO GALVANIZADO A FOGO, RAIO SEGMENTADO.;POLEODUTO OU SIMILAR;"L=400; R=520";pç 
KE-29-DB;LEITO PARA CABOS, TAMPA DE ENCAIXE RETA PARA CURVA VERTICAL INTERNA DE 90' COM ABAS EXTERNAS,  EM AÇO GALVANIZADO A FOGO, RAIO SEGMENTADO.;POLEODUTO OU SIMILAR;"L=400; R=320";pç 
KE-29-DD;LEITO PARA CABOS, TAMPA DE ENCAIXE RETA PARA CURVA VERTICAL INTERNA DE 90' COM ABAS EXTERNAS,  EM AÇO GALVANIZADO A FOGO, RAIO SEGMENTADO.;POLEODUTO OU SIMILAR;"L=400; R=520";pç 
KE-29-F3;LEITO PARA CABOS, TAMPA DE ENCAIXE RETA PARA CURVA VERTICAL INTERNA DE 90' COM ABAS EXTERNAS,  EM AÇO GALVANIZADO A FOGO, RAIO SEGMENTADO.;POLEODUTO OU SIMILAR;"L=600; R=520";pç 
KE-29-FB;LEITO PARA CABOS, TAMPA DE ENCAIXE RETA PARA CURVA VERTICAL INTERNA DE 90' COM ABAS EXTERNAS,  EM AÇO GALVANIZADO A FOGO, RAIO SEGMENTADO.;POLEODUTO OU SIMILAR;"L=600; R=320";pç 
KE-29-FD;LEITO PARA CABOS, TAMPA DE ENCAIXE RETA PARA CURVA VERTICAL INTERNA DE 90' COM ABAS EXTERNAS,  EM AÇO GALVANIZADO A FOGO, RAIO SEGMENTADO.;POLEODUTO OU SIMILAR;"L=600; R=520";pç 
KE-29-I3;LEITO PARA CABOS, TAMPA DE ENCAIXE RETA PARA CURVA VERTICAL INTERNA DE 90' COM ABAS EXTERNAS,  EM AÇO GALVANIZADO A FOGO, RAIO SEGMENTADO.;POLEODUTO OU SIMILAR;"L=800; R=520";pç 
KE-29-ID;LEITO PARA CABOS, TAMPA DE ENCAIXE RETA PARA CURVA VERTICAL INTERNA DE 90' COM ABAS EXTERNAS,  EM AÇO GALVANIZADO A FOGO, RAIO SEGMENTADO.;POLEODUTO OU SIMILAR;"L=800; R=520";pç 
KG-06-A;LEITO PARA CABOS, TAMPA DE ENCAIXE RETA PARA CURVA VERTICAL ARTICULADA ABAS EXTERNAS, EM AÇO GALVANIZAÇÃO ELETROLÍTICA.;POLEODUTO OU SIMILAR;L=200;pç 
KG-06-D;LEITO PARA CABOS, TAMPA DE ENCAIXE RETA PARA CURVA VERTICAL ARTICULADA ABAS EXTERNAS, EM AÇO GALVANIZAÇÃO ELETROLÍTICA.;POLEODUTO OU SIMILAR;L=400;pç 
KG-06-F;LEITO PARA CABOS, TAMPA DE ENCAIXE RETA PARA CURVA VERTICAL ARTICULADA ABAS EXTERNAS, EM AÇO GALVANIZAÇÃO ELETROLÍTICA.;POLEODUTO OU SIMILAR;L=600;pç 
KE-13-A3;LEITO PARA CABOS, TAMPA DE ENCAIXE RETA PARA CURVA VERTICAL EXTERNA 90º COM ABAS EXTERNAS, FABRICADA EM AÇO GALVANIZAÇÃO ELETROLÍTICA, RAIO SEGMENTADO.;POLEODUTO OU SIMILAR;"L=200; R=520";pç 
KE-13-AB;LEITO PARA CABOS, TAMPA DE ENCAIXE RETA PARA CURVA VERTICAL EXTERNA 90º COM ABAS EXTERNAS, FABRICADA EM AÇO GALVANIZAÇÃO ELETROLÍTICA, RAIO SEGMENTADO.;POLEODUTO OU SIMILAR;"L=200; R=320";pç 
KE-13-AD;LEITO PARA CABOS, TAMPA DE ENCAIXE RETA PARA CURVA VERTICAL EXTERNA 90º COM ABAS EXTERNAS, FABRICADA EM AÇO GALVANIZAÇÃO ELETROLÍTICA, RAIO SEGMENTADO.;POLEODUTO OU SIMILAR;"L=200; R=520";pç 
KE-13-D3;LEITO PARA CABOS, TAMPA DE ENCAIXE RETA PARA CURVA VERTICAL EXTERNA 90º COM ABAS EXTERNAS, FABRICADA EM AÇO GALVANIZAÇÃO ELETROLÍTICA, RAIO SEGMENTADO.;POLEODUTO OU SIMILAR;"L=400; R=520";pç 
KE-13-DB;LEITO PARA CABOS, TAMPA DE ENCAIXE RETA PARA CURVA VERTICAL EXTERNA 90º COM ABAS EXTERNAS, FABRICADA EM AÇO GALVANIZAÇÃO ELETROLÍTICA, RAIO SEGMENTADO.;POLEODUTO OU SIMILAR;"L=400; R=320";pç 
KE-13-DD;LEITO PARA CABOS, TAMPA DE ENCAIXE RETA PARA CURVA VERTICAL EXTERNA 90º COM ABAS EXTERNAS, FABRICADA EM AÇO GALVANIZAÇÃO ELETROLÍTICA, RAIO SEGMENTADO.;POLEODUTO OU SIMILAR;"L=400; R=520";pç 
KE-13-F3;LEITO PARA CABOS, TAMPA DE ENCAIXE RETA PARA CURVA VERTICAL EXTERNA 90º COM ABAS EXTERNAS, FABRICADA EM AÇO GALVANIZAÇÃO ELETROLÍTICA, RAIO SEGMENTADO.;POLEODUTO OU SIMILAR;"L=600; R=520";pç 
KE-13-FB;LEITO PARA CABOS, TAMPA DE ENCAIXE RETA PARA CURVA VERTICAL EXTERNA 90º COM ABAS EXTERNAS, FABRICADA EM AÇO GALVANIZAÇÃO ELETROLÍTICA, RAIO SEGMENTADO.;POLEODUTO OU SIMILAR;"L=600; R=320";pç 
KE-13-FD;LEITO PARA CABOS, TAMPA DE ENCAIXE RETA PARA CURVA VERTICAL EXTERNA 90º COM ABAS EXTERNAS, FABRICADA EM AÇO GALVANIZAÇÃO ELETROLÍTICA, RAIO SEGMENTADO.;POLEODUTO OU SIMILAR;"L=600; R=520";pç 
KE-13-I3;LEITO PARA CABOS, TAMPA DE ENCAIXE RETA PARA CURVA VERTICAL EXTERNA 90º COM ABAS EXTERNAS, FABRICADA EM AÇO GALVANIZAÇÃO ELETROLÍTICA, RAIO SEGMENTADO.;POLEODUTO OU SIMILAR;"L=800; R=520";pç 
KE-13-ID;LEITO PARA CABOS, TAMPA DE ENCAIXE RETA PARA CURVA VERTICAL EXTERNA 90º COM ABAS EXTERNAS, FABRICADA EM AÇO GALVANIZAÇÃO ELETROLÍTICA, RAIO SEGMENTADO.;POLEODUTO OU SIMILAR;"L=800; R=520";pç 
KA-08-AB;LEITO PARA CABOS, TAMPA DE ENCAIXE RETA PARA CURVA VERTICAL EXTERNA DE 15' ABAS EXTERNAS,  EM AÇO GALVANIZADO A FOGO, RAIO SEGMENTADO.;POLEODUTO OU SIMILAR;"L=200; R=320";pç 
KA-08-AD;LEITO PARA CABOS, TAMPA DE ENCAIXE RETA PARA CURVA VERTICAL EXTERNA DE 15' ABAS EXTERNAS,  EM AÇO GALVANIZADO A FOGO, RAIO SEGMENTADO.;POLEODUTO OU SIMILAR;"L=200; R=520";pç 
KA-08-DB;LEITO PARA CABOS, TAMPA DE ENCAIXE RETA PARA CURVA VERTICAL EXTERNA DE 15' ABAS EXTERNAS,  EM AÇO GALVANIZADO A FOGO, RAIO SEGMENTADO.;POLEODUTO OU SIMILAR;"L=400; R=320";pç 
KA-08-DD;LEITO PARA CABOS, TAMPA DE ENCAIXE RETA PARA CURVA VERTICAL EXTERNA DE 15' ABAS EXTERNAS,  EM AÇO GALVANIZADO A FOGO, RAIO SEGMENTADO.;POLEODUTO OU SIMILAR;"L=400; R=520";pç 
KA-08-FB;LEITO PARA CABOS, TAMPA DE ENCAIXE RETA PARA CURVA VERTICAL EXTERNA DE 15' ABAS EXTERNAS,  EM AÇO GALVANIZADO A FOGO, RAIO SEGMENTADO.;POLEODUTO OU SIMILAR;"L=600; R=320";pç 
KA-08-FD;LEITO PARA CABOS, TAMPA DE ENCAIXE RETA PARA CURVA VERTICAL EXTERNA DE 15' ABAS EXTERNAS,  EM AÇO GALVANIZADO A FOGO, RAIO SEGMENTADO.;POLEODUTO OU SIMILAR;"L=600; R=520";pç 
KA-08-IB;LEITO PARA CABOS, TAMPA DE ENCAIXE RETA PARA CURVA VERTICAL EXTERNA DE 15' ABAS EXTERNAS,  EM AÇO GALVANIZADO A FOGO, RAIO SEGMENTADO.;POLEODUTO OU SIMILAR;"L=800; R=320";pç 
KA-08-ID;LEITO PARA CABOS, TAMPA DE ENCAIXE RETA PARA CURVA VERTICAL EXTERNA DE 15' ABAS EXTERNAS,  EM AÇO GALVANIZADO A FOGO, RAIO SEGMENTADO.;POLEODUTO OU SIMILAR;"L=800; R=520";pç 
KE-08-AB;LEITO PARA CABOS, TAMPA DE ENCAIXE RETA PARA CURVA VERTICAL EXTERNA DE 15' COM ABAS EXTERNAS,  EM AÇO GALVANIZAÇÃO ELETROLÍTICA, RAIO SEGMENTADO.;POLEODUTO OU SIMILAR;"L=200; R=320";pç 
KE-08-AD;LEITO PARA CABOS, TAMPA DE ENCAIXE RETA PARA CURVA VERTICAL EXTERNA DE 15' COM ABAS EXTERNAS,  EM AÇO GALVANIZAÇÃO ELETROLÍTICA, RAIO SEGMENTADO.;POLEODUTO OU SIMILAR;"L=200; R=520";pç 
KE-08-DB;LEITO PARA CABOS, TAMPA DE ENCAIXE RETA PARA CURVA VERTICAL EXTERNA DE 15' COM ABAS EXTERNAS,  EM AÇO GALVANIZAÇÃO ELETROLÍTICA, RAIO SEGMENTADO.;POLEODUTO OU SIMILAR;"L=400; R=320";pç 
KE-08-DD;LEITO PARA CABOS, TAMPA DE ENCAIXE RETA PARA CURVA VERTICAL EXTERNA DE 15' COM ABAS EXTERNAS,  EM AÇO GALVANIZAÇÃO ELETROLÍTICA, RAIO SEGMENTADO.;POLEODUTO OU SIMILAR;"L=400; R=520";pç 
KE-08-FB;LEITO PARA CABOS, TAMPA DE ENCAIXE RETA PARA CURVA VERTICAL EXTERNA DE 15' COM ABAS EXTERNAS,  EM AÇO GALVANIZAÇÃO ELETROLÍTICA, RAIO SEGMENTADO.;POLEODUTO OU SIMILAR;"L=600; R=320";pç 
KE-08-FD;LEITO PARA CABOS, TAMPA DE ENCAIXE RETA PARA CURVA VERTICAL EXTERNA DE 15' COM ABAS EXTERNAS,  EM AÇO GALVANIZAÇÃO ELETROLÍTICA, RAIO SEGMENTADO.;POLEODUTO OU SIMILAR;"L=600; R=520";pç 
KA-09-AB;LEITO PARA CABOS, TAMPA DE ENCAIXE RETA PARA CURVA VERTICAL EXTERNA DE 30' ABAS EXTERNAS,  EM AÇO GALVANIZADO A FOGO, RAIO SEGMENTADO.;POLEODUTO OU SIMILAR;"L=200; R=320";pç 
KA-09-AD;LEITO PARA CABOS, TAMPA DE ENCAIXE RETA PARA CURVA VERTICAL EXTERNA DE 30' ABAS EXTERNAS,  EM AÇO GALVANIZADO A FOGO, RAIO SEGMENTADO.;POLEODUTO OU SIMILAR;"L=200; R=520";pç 
KA-09-DB;LEITO PARA CABOS, TAMPA DE ENCAIXE RETA PARA CURVA VERTICAL EXTERNA DE 30' ABAS EXTERNAS,  EM AÇO GALVANIZADO A FOGO, RAIO SEGMENTADO.;POLEODUTO OU SIMILAR;"L=400; R=320";pç 
KA-09-DD;LEITO PARA CABOS, TAMPA DE ENCAIXE RETA PARA CURVA VERTICAL EXTERNA DE 30' ABAS EXTERNAS,  EM AÇO GALVANIZADO A FOGO, RAIO SEGMENTADO.;POLEODUTO OU SIMILAR;"L=400; R=520";pç 
KA-09-FB;LEITO PARA CABOS, TAMPA DE ENCAIXE RETA PARA CURVA VERTICAL EXTERNA DE 30' ABAS EXTERNAS,  EM AÇO GALVANIZADO A FOGO, RAIO SEGMENTADO.;POLEODUTO OU SIMILAR;"L=600; R=320";pç 
KA-09-FD;LEITO PARA CABOS, TAMPA DE ENCAIXE RETA PARA CURVA VERTICAL EXTERNA DE 30' ABAS EXTERNAS,  EM AÇO GALVANIZADO A FOGO, RAIO SEGMENTADO.;POLEODUTO OU SIMILAR;"L=600; R=520";pç 
KA-09-IB;LEITO PARA CABOS, TAMPA DE ENCAIXE RETA PARA CURVA VERTICAL EXTERNA DE 30' ABAS EXTERNAS,  EM AÇO GALVANIZADO A FOGO, RAIO SEGMENTADO.;POLEODUTO OU SIMILAR;"L=800; R=320";pç 
KA-09-ID;LEITO PARA CABOS, TAMPA DE ENCAIXE RETA PARA CURVA VERTICAL EXTERNA DE 30' ABAS EXTERNAS,  EM AÇO GALVANIZADO A FOGO, RAIO SEGMENTADO.;POLEODUTO OU SIMILAR;"L=800; R=520";pç 
KE-09-AB;LEITO PARA CABOS, TAMPA DE ENCAIXE RETA PARA CURVA VERTICAL EXTERNA DE 30' COM ABAS EXTERNAS,  EM AÇO GALVANIZAÇÃO ELETROLÍTICA, RAIO SEGMENTADO.;POLEODUTO OU SIMILAR;"L=200; R=320";pç 
KE-09-AD;LEITO PARA CABOS, TAMPA DE ENCAIXE RETA PARA CURVA VERTICAL EXTERNA DE 30' COM ABAS EXTERNAS,  EM AÇO GALVANIZAÇÃO ELETROLÍTICA, RAIO SEGMENTADO.;POLEODUTO OU SIMILAR;"L=200; R=520";pç 
KE-09-DB;LEITO PARA CABOS, TAMPA DE ENCAIXE RETA PARA CURVA VERTICAL EXTERNA DE 30' COM ABAS EXTERNAS,  EM AÇO GALVANIZAÇÃO ELETROLÍTICA, RAIO SEGMENTADO.;POLEODUTO OU SIMILAR;"L=400; R=320";pç 
KE-09-DD;LEITO PARA CABOS, TAMPA DE ENCAIXE RETA PARA CURVA VERTICAL EXTERNA DE 30' COM ABAS EXTERNAS,  EM AÇO GALVANIZAÇÃO ELETROLÍTICA, RAIO SEGMENTADO.;POLEODUTO OU SIMILAR;"L=400; R=520";pç 
KE-09-FB;LEITO PARA CABOS, TAMPA DE ENCAIXE RETA PARA CURVA VERTICAL EXTERNA DE 30' COM ABAS EXTERNAS,  EM AÇO GALVANIZAÇÃO ELETROLÍTICA, RAIO SEGMENTADO.;POLEODUTO OU SIMILAR;"L=600; R=320";pç 
KE-09-FD;LEITO PARA CABOS, TAMPA DE ENCAIXE RETA PARA CURVA VERTICAL EXTERNA DE 30' COM ABAS EXTERNAS,  EM AÇO GALVANIZAÇÃO ELETROLÍTICA, RAIO SEGMENTADO.;POLEODUTO OU SIMILAR;"L=600; R=520";pç 
KA-10-AB;LEITO PARA CABOS, TAMPA DE ENCAIXE RETA PARA CURVA VERTICAL EXTERNA DE 45' ABAS EXTERNAS,  EM AÇO GALVANIZADO A FOGO, RAIO SEGMENTADO.;POLEODUTO OU SIMILAR;"L=200; R=320";pç 
KA-10-AD;LEITO PARA CABOS, TAMPA DE ENCAIXE RETA PARA CURVA VERTICAL EXTERNA DE 45' ABAS EXTERNAS,  EM AÇO GALVANIZADO A FOGO, RAIO SEGMENTADO.;POLEODUTO OU SIMILAR;"L=200; R=520";pç 
KA-10-DB;LEITO PARA CABOS, TAMPA DE ENCAIXE RETA PARA CURVA VERTICAL EXTERNA DE 45' ABAS EXTERNAS,  EM AÇO GALVANIZADO A FOGO, RAIO SEGMENTADO.;POLEODUTO OU SIMILAR;"L=400; R=320";pç 
KA-10-DD;LEITO PARA CABOS, TAMPA DE ENCAIXE RETA PARA CURVA VERTICAL EXTERNA DE 45' ABAS EXTERNAS,  EM AÇO GALVANIZADO A FOGO, RAIO SEGMENTADO.;POLEODUTO OU SIMILAR;"L=400; R=520";pç 
KA-10-FB;LEITO PARA CABOS, TAMPA DE ENCAIXE RETA PARA CURVA VERTICAL EXTERNA DE 45' ABAS EXTERNAS,  EM AÇO GALVANIZADO A FOGO, RAIO SEGMENTADO.;POLEODUTO OU SIMILAR;"L=600; R=320";pç 
KA-10-FD;LEITO PARA CABOS, TAMPA DE ENCAIXE RETA PARA CURVA VERTICAL EXTERNA DE 45' ABAS EXTERNAS,  EM AÇO GALVANIZADO A FOGO, RAIO SEGMENTADO.;POLEODUTO OU SIMILAR;"L=600; R=520";pç 
KA-10-IB;LEITO PARA CABOS, TAMPA DE ENCAIXE RETA PARA CURVA VERTICAL EXTERNA DE 45' ABAS EXTERNAS,  EM AÇO GALVANIZADO A FOGO, RAIO SEGMENTADO.;POLEODUTO OU SIMILAR;"L=800; R=320";pç 
KA-10-ID;LEITO PARA CABOS, TAMPA DE ENCAIXE RETA PARA CURVA VERTICAL EXTERNA DE 45' ABAS EXTERNAS,  EM AÇO GALVANIZADO A FOGO, RAIO SEGMENTADO.;POLEODUTO OU SIMILAR;"L=800; R=520";pç 
KE-10-AB;LEITO PARA CABOS, TAMPA DE ENCAIXE RETA PARA CURVA VERTICAL EXTERNA DE 45' COM ABAS EXTERNAS,  EM AÇO GALVANIZAÇÃO ELETROLÍTICA, RAIO SEGMENTADO.;POLEODUTO OU SIMILAR;"L=200; R=320";pç 
KE-10-AD;LEITO PARA CABOS, TAMPA DE ENCAIXE RETA PARA CURVA VERTICAL EXTERNA DE 45' COM ABAS EXTERNAS,  EM AÇO GALVANIZAÇÃO ELETROLÍTICA, RAIO SEGMENTADO.;POLEODUTO OU SIMILAR;"L=200; R=520";pç 
KE-10-DB;LEITO PARA CABOS, TAMPA DE ENCAIXE RETA PARA CURVA VERTICAL EXTERNA DE 45' COM ABAS EXTERNAS,  EM AÇO GALVANIZAÇÃO ELETROLÍTICA, RAIO SEGMENTADO.;POLEODUTO OU SIMILAR;"L=400; R=320";pç 
KE-10-DD;LEITO PARA CABOS, TAMPA DE ENCAIXE RETA PARA CURVA VERTICAL EXTERNA DE 45' COM ABAS EXTERNAS,  EM AÇO GALVANIZAÇÃO ELETROLÍTICA, RAIO SEGMENTADO.;POLEODUTO OU SIMILAR;"L=400; R=520";pç 
KE-10-FB;LEITO PARA CABOS, TAMPA DE ENCAIXE RETA PARA CURVA VERTICAL EXTERNA DE 45' COM ABAS EXTERNAS,  EM AÇO GALVANIZAÇÃO ELETROLÍTICA, RAIO SEGMENTADO.;POLEODUTO OU SIMILAR;"L=600; R=320";pç 
KE-10-FD;LEITO PARA CABOS, TAMPA DE ENCAIXE RETA PARA CURVA VERTICAL EXTERNA DE 45' COM ABAS EXTERNAS,  EM AÇO GALVANIZAÇÃO ELETROLÍTICA, RAIO SEGMENTADO.;POLEODUTO OU SIMILAR;"L=600; R=520";pç 
KA-11-AB;LEITO PARA CABOS, TAMPA DE ENCAIXE RETA PARA CURVA VERTICAL EXTERNA DE 60' ABAS EXTERNAS,  EM AÇO GALVANIZADO A FOGO, RAIO SEGMENTADO.;POLEODUTO OU SIMILAR;"L=200; R=320";pç 
KA-11-AD;LEITO PARA CABOS, TAMPA DE ENCAIXE RETA PARA CURVA VERTICAL EXTERNA DE 60' ABAS EXTERNAS,  EM AÇO GALVANIZADO A FOGO, RAIO SEGMENTADO.;POLEODUTO OU SIMILAR;"L=200; R=520";pç 
KA-11-DB;LEITO PARA CABOS, TAMPA DE ENCAIXE RETA PARA CURVA VERTICAL EXTERNA DE 60' ABAS EXTERNAS,  EM AÇO GALVANIZADO A FOGO, RAIO SEGMENTADO.;POLEODUTO OU SIMILAR;"L=400; R=320";pç 
KA-11-DD;LEITO PARA CABOS, TAMPA DE ENCAIXE RETA PARA CURVA VERTICAL EXTERNA DE 60' ABAS EXTERNAS,  EM AÇO GALVANIZADO A FOGO, RAIO SEGMENTADO.;POLEODUTO OU SIMILAR;"L=400; R=520";pç 
KA-11-FB;LEITO PARA CABOS, TAMPA DE ENCAIXE RETA PARA CURVA VERTICAL EXTERNA DE 60' ABAS EXTERNAS,  EM AÇO GALVANIZADO A FOGO, RAIO SEGMENTADO.;POLEODUTO OU SIMILAR;"L=600; R=320";pç 
KA-11-FD;LEITO PARA CABOS, TAMPA DE ENCAIXE RETA PARA CURVA VERTICAL EXTERNA DE 60' ABAS EXTERNAS,  EM AÇO GALVANIZADO A FOGO, RAIO SEGMENTADO.;POLEODUTO OU SIMILAR;"L=600; R=520";pç 
KA-11-IB;LEITO PARA CABOS, TAMPA DE ENCAIXE RETA PARA CURVA VERTICAL EXTERNA DE 60' ABAS EXTERNAS,  EM AÇO GALVANIZADO A FOGO, RAIO SEGMENTADO.;POLEODUTO OU SIMILAR;"L=800; R=320";pç 
KA-11-ID;LEITO PARA CABOS, TAMPA DE ENCAIXE RETA PARA CURVA VERTICAL EXTERNA DE 60' ABAS EXTERNAS,  EM AÇO GALVANIZADO A FOGO, RAIO SEGMENTADO.;POLEODUTO OU SIMILAR;"L=800; R=520";pç 
KE-11-AB;LEITO PARA CABOS, TAMPA DE ENCAIXE RETA PARA CURVA VERTICAL EXTERNA DE 60' COM ABAS EXTERNAS,  EM AÇO GALVANIZAÇÃO ELETROLÍTICA, RAIO SEGMENTADO.;POLEODUTO OU SIMILAR;"L=200; R=320";pç 
KE-11-AD;LEITO PARA CABOS, TAMPA DE ENCAIXE RETA PARA CURVA VERTICAL EXTERNA DE 60' COM ABAS EXTERNAS,  EM AÇO GALVANIZAÇÃO ELETROLÍTICA, RAIO SEGMENTADO.;POLEODUTO OU SIMILAR;"L=200; R=520";pç 
KE-11-DB;LEITO PARA CABOS, TAMPA DE ENCAIXE RETA PARA CURVA VERTICAL EXTERNA DE 60' COM ABAS EXTERNAS,  EM AÇO GALVANIZAÇÃO ELETROLÍTICA, RAIO SEGMENTADO.;POLEODUTO OU SIMILAR;"L=400; R=320";pç 
KE-11-DD;LEITO PARA CABOS, TAMPA DE ENCAIXE RETA PARA CURVA VERTICAL EXTERNA DE 60' COM ABAS EXTERNAS,  EM AÇO GALVANIZAÇÃO ELETROLÍTICA, RAIO SEGMENTADO.;POLEODUTO OU SIMILAR;"L=400; R=520";pç 
KE-11-FB;LEITO PARA CABOS, TAMPA DE ENCAIXE RETA PARA CURVA VERTICAL EXTERNA DE 60' COM ABAS EXTERNAS,  EM AÇO GALVANIZAÇÃO ELETROLÍTICA, RAIO SEGMENTADO.;POLEODUTO OU SIMILAR;"L=600; R=320";pç 
KE-11-FD;LEITO PARA CABOS, TAMPA DE ENCAIXE RETA PARA CURVA VERTICAL EXTERNA DE 60' COM ABAS EXTERNAS,  EM AÇO GALVANIZAÇÃO ELETROLÍTICA, RAIO SEGMENTADO.;POLEODUTO OU SIMILAR;"L=600; R=520";pç 
KA-12-AB;LEITO PARA CABOS, TAMPA DE ENCAIXE RETA PARA CURVA VERTICAL EXTERNA DE 75' ABAS EXTERNAS,  EM AÇO GALVANIZADO A FOGO, RAIO SEGMENTADO.;POLEODUTO OU SIMILAR;"L=200; R=320";pç 
KA-12-AD;LEITO PARA CABOS, TAMPA DE ENCAIXE RETA PARA CURVA VERTICAL EXTERNA DE 75' ABAS EXTERNAS,  EM AÇO GALVANIZADO A FOGO, RAIO SEGMENTADO.;POLEODUTO OU SIMILAR;"L=200; R=520";pç 
KA-12-DB;LEITO PARA CABOS, TAMPA DE ENCAIXE RETA PARA CURVA VERTICAL EXTERNA DE 75' ABAS EXTERNAS,  EM AÇO GALVANIZADO A FOGO, RAIO SEGMENTADO.;POLEODUTO OU SIMILAR;"L=400; R=320";pç 
KA-12-DD;LEITO PARA CABOS, TAMPA DE ENCAIXE RETA PARA CURVA VERTICAL EXTERNA DE 75' ABAS EXTERNAS,  EM AÇO GALVANIZADO A FOGO, RAIO SEGMENTADO.;POLEODUTO OU SIMILAR;"L=400; R=520";pç 
KA-12-FB;LEITO PARA CABOS, TAMPA DE ENCAIXE RETA PARA CURVA VERTICAL EXTERNA DE 75' ABAS EXTERNAS,  EM AÇO GALVANIZADO A FOGO, RAIO SEGMENTADO.;POLEODUTO OU SIMILAR;"L=600; R=320";pç 
KA-12-FD;LEITO PARA CABOS, TAMPA DE ENCAIXE RETA PARA CURVA VERTICAL EXTERNA DE 75' ABAS EXTERNAS,  EM AÇO GALVANIZADO A FOGO, RAIO SEGMENTADO.;POLEODUTO OU SIMILAR;"L=600; R=520";pç 
KA-12-IB;LEITO PARA CABOS, TAMPA DE ENCAIXE RETA PARA CURVA VERTICAL EXTERNA DE 75' ABAS EXTERNAS,  EM AÇO GALVANIZADO A FOGO, RAIO SEGMENTADO.;POLEODUTO OU SIMILAR;"L=800; R=320";pç 
KA-12-ID;LEITO PARA CABOS, TAMPA DE ENCAIXE RETA PARA CURVA VERTICAL EXTERNA DE 75' ABAS EXTERNAS,  EM AÇO GALVANIZADO A FOGO, RAIO SEGMENTADO.;POLEODUTO OU SIMILAR;"L=800; R=520";pç 
KE-12-AB;LEITO PARA CABOS, TAMPA DE ENCAIXE RETA PARA CURVA VERTICAL EXTERNA DE 75' COM ABAS EXTERNAS,  EM AÇO GALVANIZAÇÃO ELETROLÍTICA, RAIO SEGMENTADO.;POLEODUTO OU SIMILAR;"L=200; R=320";pç 
KE-12-AD;LEITO PARA CABOS, TAMPA DE ENCAIXE RETA PARA CURVA VERTICAL EXTERNA DE 75' COM ABAS EXTERNAS,  EM AÇO GALVANIZAÇÃO ELETROLÍTICA, RAIO SEGMENTADO.;POLEODUTO OU SIMILAR;"L=200; R=520";pç 
KE-12-DB;LEITO PARA CABOS, TAMPA DE ENCAIXE RETA PARA CURVA VERTICAL EXTERNA DE 75' COM ABAS EXTERNAS,  EM AÇO GALVANIZAÇÃO ELETROLÍTICA, RAIO SEGMENTADO.;POLEODUTO OU SIMILAR;"L=400; R=320";pç 
KE-12-DD;LEITO PARA CABOS, TAMPA DE ENCAIXE RETA PARA CURVA VERTICAL EXTERNA DE 75' COM ABAS EXTERNAS,  EM AÇO GALVANIZAÇÃO ELETROLÍTICA, RAIO SEGMENTADO.;POLEODUTO OU SIMILAR;"L=400; R=520";pç 
KE-12-FB;LEITO PARA CABOS, TAMPA DE ENCAIXE RETA PARA CURVA VERTICAL EXTERNA DE 75' COM ABAS EXTERNAS,  EM AÇO GALVANIZAÇÃO ELETROLÍTICA, RAIO SEGMENTADO.;POLEODUTO OU SIMILAR;"L=600; R=320";pç 
KE-12-FD;LEITO PARA CABOS, TAMPA DE ENCAIXE RETA PARA CURVA VERTICAL EXTERNA DE 75' COM ABAS EXTERNAS,  EM AÇO GALVANIZAÇÃO ELETROLÍTICA, RAIO SEGMENTADO.;POLEODUTO OU SIMILAR;"L=600; R=520";pç 
KA-13-AB;LEITO PARA CABOS, TAMPA DE ENCAIXE RETA PARA CURVA VERTICAL EXTERNA DE 90' ABAS EXTERNAS,  EM AÇO GALVANIZADO A FOGO, RAIO SEGMENTADO.;POLEODUTO OU SIMILAR;"L=200; R=320";pç 
KA-13-AD;LEITO PARA CABOS, TAMPA DE ENCAIXE RETA PARA CURVA VERTICAL EXTERNA DE 90' ABAS EXTERNAS,  EM AÇO GALVANIZADO A FOGO, RAIO SEGMENTADO.;POLEODUTO OU SIMILAR;"L=200; R=520";pç 
KA-13-DB;LEITO PARA CABOS, TAMPA DE ENCAIXE RETA PARA CURVA VERTICAL EXTERNA DE 90' ABAS EXTERNAS,  EM AÇO GALVANIZADO A FOGO, RAIO SEGMENTADO.;POLEODUTO OU SIMILAR;"L=400; R=320";pç 
KA-13-DD;LEITO PARA CABOS, TAMPA DE ENCAIXE RETA PARA CURVA VERTICAL EXTERNA DE 90' ABAS EXTERNAS,  EM AÇO GALVANIZADO A FOGO, RAIO SEGMENTADO.;POLEODUTO OU SIMILAR;"L=400; R=520";pç 
KA-13-FB;LEITO PARA CABOS, TAMPA DE ENCAIXE RETA PARA CURVA VERTICAL EXTERNA DE 90' ABAS EXTERNAS,  EM AÇO GALVANIZADO A FOGO, RAIO SEGMENTADO.;POLEODUTO OU SIMILAR;"L=600; R=320";pç 
KA-13-FD;LEITO PARA CABOS, TAMPA DE ENCAIXE RETA PARA CURVA VERTICAL EXTERNA DE 90' ABAS EXTERNAS,  EM AÇO GALVANIZADO A FOGO, RAIO SEGMENTADO.;POLEODUTO OU SIMILAR;"L=600; R=520";pç 
KA-13-IB;LEITO PARA CABOS, TAMPA DE ENCAIXE RETA PARA CURVA VERTICAL EXTERNA DE 90' ABAS EXTERNAS,  EM AÇO GALVANIZADO A FOGO, RAIO SEGMENTADO.;POLEODUTO OU SIMILAR;"L=800; R=320";pç 
KA-13-ID;LEITO PARA CABOS, TAMPA DE ENCAIXE RETA PARA CURVA VERTICAL EXTERNA DE 90' ABAS EXTERNAS,  EM AÇO GALVANIZADO A FOGO, RAIO SEGMENTADO.;POLEODUTO OU SIMILAR;"L=800; R=520";pç 
KE-14-AB;LEITO PARA CABOS, TAMPA DE ENCAIXE RETA PARA CURVA VERTICAL INTERNA DE 15' ABAS EXTERNAS,  EM AÇO GALVANIZAÇÃO ELETROLÍTICA, RAIO SEGMENTADO.;POLEODUTO OU SIMILAR;"L=200; R=320";pç 
KE-14-AD;LEITO PARA CABOS, TAMPA DE ENCAIXE RETA PARA CURVA VERTICAL INTERNA DE 15' ABAS EXTERNAS,  EM AÇO GALVANIZAÇÃO ELETROLÍTICA, RAIO SEGMENTADO.;POLEODUTO OU SIMILAR;"L=200; R=520";pç 
KE-14-DB;LEITO PARA CABOS, TAMPA DE ENCAIXE RETA PARA CURVA VERTICAL INTERNA DE 15' ABAS EXTERNAS,  EM AÇO GALVANIZAÇÃO ELETROLÍTICA, RAIO SEGMENTADO.;POLEODUTO OU SIMILAR;"L=400; R=320";pç 
KE-14-DD;LEITO PARA CABOS, TAMPA DE ENCAIXE RETA PARA CURVA VERTICAL INTERNA DE 15' ABAS EXTERNAS,  EM AÇO GALVANIZAÇÃO ELETROLÍTICA, RAIO SEGMENTADO.;POLEODUTO OU SIMILAR;"L=400; R=520";pç 
KE-14-FB;LEITO PARA CABOS, TAMPA DE ENCAIXE RETA PARA CURVA VERTICAL INTERNA DE 15' ABAS EXTERNAS,  EM AÇO GALVANIZAÇÃO ELETROLÍTICA, RAIO SEGMENTADO.;POLEODUTO OU SIMILAR;"L=600; R=320";pç 
KE-14-FD;LEITO PARA CABOS, TAMPA DE ENCAIXE RETA PARA CURVA VERTICAL INTERNA DE 15' ABAS EXTERNAS,  EM AÇO GALVANIZAÇÃO ELETROLÍTICA, RAIO SEGMENTADO.;POLEODUTO OU SIMILAR;"L=600; R=520";pç 
KA-14-AB;LEITO PARA CABOS, TAMPA DE ENCAIXE RETA PARA CURVA VERTICAL INTERNA DE 15' ABAS EXTERNAS,  EM AÇO GALVANIZADO A FOGO, RAIO SEGMENTADO.;POLEODUTO OU SIMILAR;"L=200; R=320";pç 
KA-14-AD;LEITO PARA CABOS, TAMPA DE ENCAIXE RETA PARA CURVA VERTICAL INTERNA DE 15' ABAS EXTERNAS,  EM AÇO GALVANIZADO A FOGO, RAIO SEGMENTADO.;POLEODUTO OU SIMILAR;"L=200; R=520";pç 
KA-14-DB;LEITO PARA CABOS, TAMPA DE ENCAIXE RETA PARA CURVA VERTICAL INTERNA DE 15' ABAS EXTERNAS,  EM AÇO GALVANIZADO A FOGO, RAIO SEGMENTADO.;POLEODUTO OU SIMILAR;"L=400; R=320";pç 
KA-14-DD;LEITO PARA CABOS, TAMPA DE ENCAIXE RETA PARA CURVA VERTICAL INTERNA DE 15' ABAS EXTERNAS,  EM AÇO GALVANIZADO A FOGO, RAIO SEGMENTADO.;POLEODUTO OU SIMILAR;"L=400; R=520";pç 
KA-14-FB;LEITO PARA CABOS, TAMPA DE ENCAIXE RETA PARA CURVA VERTICAL INTERNA DE 15' ABAS EXTERNAS,  EM AÇO GALVANIZADO A FOGO, RAIO SEGMENTADO.;POLEODUTO OU SIMILAR;"L=600; R=320";pç 
KA-14-FD;LEITO PARA CABOS, TAMPA DE ENCAIXE RETA PARA CURVA VERTICAL INTERNA DE 15' ABAS EXTERNAS,  EM AÇO GALVANIZADO A FOGO, RAIO SEGMENTADO.;POLEODUTO OU SIMILAR;"L=600; R=520";pç 
KA-14-IB;LEITO PARA CABOS, TAMPA DE ENCAIXE RETA PARA CURVA VERTICAL INTERNA DE 15' ABAS EXTERNAS,  EM AÇO GALVANIZADO A FOGO, RAIO SEGMENTADO.;POLEODUTO OU SIMILAR;"L=800; R=320";pç 
KA-14-ID;LEITO PARA CABOS, TAMPA DE ENCAIXE RETA PARA CURVA VERTICAL INTERNA DE 15' ABAS EXTERNAS,  EM AÇO GALVANIZADO A FOGO, RAIO SEGMENTADO.;POLEODUTO OU SIMILAR;"L=800; R=520";pç 
KE-15-AB;LEITO PARA CABOS, TAMPA DE ENCAIXE RETA PARA CURVA VERTICAL INTERNA DE 30' ABAS EXTERNAS,  EM AÇO GALVANIZAÇÃO ELETROLÍTICA, RAIO SEGMENTADO.;POLEODUTO OU SIMILAR;"L=200; R=320";pç 
KE-15-AD;LEITO PARA CABOS, TAMPA DE ENCAIXE RETA PARA CURVA VERTICAL INTERNA DE 30' ABAS EXTERNAS,  EM AÇO GALVANIZAÇÃO ELETROLÍTICA, RAIO SEGMENTADO.;POLEODUTO OU SIMILAR;"L=200; R=520";pç 
KE-15-DB;LEITO PARA CABOS, TAMPA DE ENCAIXE RETA PARA CURVA VERTICAL INTERNA DE 30' ABAS EXTERNAS,  EM AÇO GALVANIZAÇÃO ELETROLÍTICA, RAIO SEGMENTADO.;POLEODUTO OU SIMILAR;"L=400; R=320";pç 
KE-15-DD;LEITO PARA CABOS, TAMPA DE ENCAIXE RETA PARA CURVA VERTICAL INTERNA DE 30' ABAS EXTERNAS,  EM AÇO GALVANIZAÇÃO ELETROLÍTICA, RAIO SEGMENTADO.;POLEODUTO OU SIMILAR;"L=400; R=520";pç 
KE-15-FB;LEITO PARA CABOS, TAMPA DE ENCAIXE RETA PARA CURVA VERTICAL INTERNA DE 30' ABAS EXTERNAS,  EM AÇO GALVANIZAÇÃO ELETROLÍTICA, RAIO SEGMENTADO.;POLEODUTO OU SIMILAR;"L=600; R=320";pç 
KE-15-FD;LEITO PARA CABOS, TAMPA DE ENCAIXE RETA PARA CURVA VERTICAL INTERNA DE 30' ABAS EXTERNAS,  EM AÇO GALVANIZAÇÃO ELETROLÍTICA, RAIO SEGMENTADO.;POLEODUTO OU SIMILAR;"L=600; R=520";pç 
KA-15-AB;LEITO PARA CABOS, TAMPA DE ENCAIXE RETA PARA CURVA VERTICAL INTERNA DE 30' ABAS EXTERNAS,  EM AÇO GALVANIZADO A FOGO, RAIO SEGMENTADO.;POLEODUTO OU SIMILAR;"L=200; R=320";pç 
KA-15-AD;LEITO PARA CABOS, TAMPA DE ENCAIXE RETA PARA CURVA VERTICAL INTERNA DE 30' ABAS EXTERNAS,  EM AÇO GALVANIZADO A FOGO, RAIO SEGMENTADO.;POLEODUTO OU SIMILAR;"L=200; R=520";pç 
KA-15-DB;LEITO PARA CABOS, TAMPA DE ENCAIXE RETA PARA CURVA VERTICAL INTERNA DE 30' ABAS EXTERNAS,  EM AÇO GALVANIZADO A FOGO, RAIO SEGMENTADO.;POLEODUTO OU SIMILAR;"L=400; R=320";pç 
KA-15-DD;LEITO PARA CABOS, TAMPA DE ENCAIXE RETA PARA CURVA VERTICAL INTERNA DE 30' ABAS EXTERNAS,  EM AÇO GALVANIZADO A FOGO, RAIO SEGMENTADO.;POLEODUTO OU SIMILAR;"L=400; R=520";pç 
KA-15-FB;LEITO PARA CABOS, TAMPA DE ENCAIXE RETA PARA CURVA VERTICAL INTERNA DE 30' ABAS EXTERNAS,  EM AÇO GALVANIZADO A FOGO, RAIO SEGMENTADO.;POLEODUTO OU SIMILAR;"L=600; R=320";pç 
KA-15-FD;LEITO PARA CABOS, TAMPA DE ENCAIXE RETA PARA CURVA VERTICAL INTERNA DE 30' ABAS EXTERNAS,  EM AÇO GALVANIZADO A FOGO, RAIO SEGMENTADO.;POLEODUTO OU SIMILAR;"L=600; R=520";pç 
KA-15-IB;LEITO PARA CABOS, TAMPA DE ENCAIXE RETA PARA CURVA VERTICAL INTERNA DE 30' ABAS EXTERNAS,  EM AÇO GALVANIZADO A FOGO, RAIO SEGMENTADO.;POLEODUTO OU SIMILAR;"L=800; R=320";pç 
KA-15-ID;LEITO PARA CABOS, TAMPA DE ENCAIXE RETA PARA CURVA VERTICAL INTERNA DE 30' ABAS EXTERNAS,  EM AÇO GALVANIZADO A FOGO, RAIO SEGMENTADO.;POLEODUTO OU SIMILAR;"L=800; R=520";pç 
KE-16-AB;LEITO PARA CABOS, TAMPA DE ENCAIXE RETA PARA CURVA VERTICAL INTERNA DE 45' ABAS EXTERNAS,  EM AÇO GALVANIZAÇÃO ELETROLÍTICA, RAIO SEGMENTADO.;POLEODUTO OU SIMILAR;"L=200; R=320";pç 
KE-16-AD;LEITO PARA CABOS, TAMPA DE ENCAIXE RETA PARA CURVA VERTICAL INTERNA DE 45' ABAS EXTERNAS,  EM AÇO GALVANIZAÇÃO ELETROLÍTICA, RAIO SEGMENTADO.;POLEODUTO OU SIMILAR;"L=200; R=520";pç 
KE-16-DB;LEITO PARA CABOS, TAMPA DE ENCAIXE RETA PARA CURVA VERTICAL INTERNA DE 45' ABAS EXTERNAS,  EM AÇO GALVANIZAÇÃO ELETROLÍTICA, RAIO SEGMENTADO.;POLEODUTO OU SIMILAR;"L=400; R=320";pç 
KE-16-DD;LEITO PARA CABOS, TAMPA DE ENCAIXE RETA PARA CURVA VERTICAL INTERNA DE 45' ABAS EXTERNAS,  EM AÇO GALVANIZAÇÃO ELETROLÍTICA, RAIO SEGMENTADO.;POLEODUTO OU SIMILAR;"L=400; R=520";pç 
KE-16-FB;LEITO PARA CABOS, TAMPA DE ENCAIXE RETA PARA CURVA VERTICAL INTERNA DE 45' ABAS EXTERNAS,  EM AÇO GALVANIZAÇÃO ELETROLÍTICA, RAIO SEGMENTADO.;POLEODUTO OU SIMILAR;"L=600; R=320";pç 
KE-16-FD;LEITO PARA CABOS, TAMPA DE ENCAIXE RETA PARA CURVA VERTICAL INTERNA DE 45' ABAS EXTERNAS,  EM AÇO GALVANIZAÇÃO ELETROLÍTICA, RAIO SEGMENTADO.;POLEODUTO OU SIMILAR;"L=600; R=520";pç 
KA-16-AB;LEITO PARA CABOS, TAMPA DE ENCAIXE RETA PARA CURVA VERTICAL INTERNA DE 45' ABAS EXTERNAS,  EM AÇO GALVANIZADO A FOGO, RAIO SEGMENTADO.;POLEODUTO OU SIMILAR;"L=200; R=320";pç 
KA-16-AD;LEITO PARA CABOS, TAMPA DE ENCAIXE RETA PARA CURVA VERTICAL INTERNA DE 45' ABAS EXTERNAS,  EM AÇO GALVANIZADO A FOGO, RAIO SEGMENTADO.;POLEODUTO OU SIMILAR;"L=200; R=520";pç 
KA-16-DB;LEITO PARA CABOS, TAMPA DE ENCAIXE RETA PARA CURVA VERTICAL INTERNA DE 45' ABAS EXTERNAS,  EM AÇO GALVANIZADO A FOGO, RAIO SEGMENTADO.;POLEODUTO OU SIMILAR;"L=400; R=320";pç 
KA-16-DD;LEITO PARA CABOS, TAMPA DE ENCAIXE RETA PARA CURVA VERTICAL INTERNA DE 45' ABAS EXTERNAS,  EM AÇO GALVANIZADO A FOGO, RAIO SEGMENTADO.;POLEODUTO OU SIMILAR;"L=400; R=520";pç 
KA-16-FB;LEITO PARA CABOS, TAMPA DE ENCAIXE RETA PARA CURVA VERTICAL INTERNA DE 45' ABAS EXTERNAS,  EM AÇO GALVANIZADO A FOGO, RAIO SEGMENTADO.;POLEODUTO OU SIMILAR;"L=600; R=320";pç 
KA-16-FD;LEITO PARA CABOS, TAMPA DE ENCAIXE RETA PARA CURVA VERTICAL INTERNA DE 45' ABAS EXTERNAS,  EM AÇO GALVANIZADO A FOGO, RAIO SEGMENTADO.;POLEODUTO OU SIMILAR;"L=600; R=520";pç 
KA-16-IB;LEITO PARA CABOS, TAMPA DE ENCAIXE RETA PARA CURVA VERTICAL INTERNA DE 45' ABAS EXTERNAS,  EM AÇO GALVANIZADO A FOGO, RAIO SEGMENTADO.;POLEODUTO OU SIMILAR;"L=800; R=320";pç 
KA-16-ID;LEITO PARA CABOS, TAMPA DE ENCAIXE RETA PARA CURVA VERTICAL INTERNA DE 45' ABAS EXTERNAS,  EM AÇO GALVANIZADO A FOGO, RAIO SEGMENTADO.;POLEODUTO OU SIMILAR;"L=800; R=520";pç 
KE-17-AB;LEITO PARA CABOS, TAMPA DE ENCAIXE RETA PARA CURVA VERTICAL INTERNA DE 60' ABAS EXTERNAS,  EM AÇO GALVANIZAÇÃO ELETROLÍTICA, RAIO SEGMENTADO.;POLEODUTO OU SIMILAR;"L=200; R=320";pç 
KE-17-AD;LEITO PARA CABOS, TAMPA DE ENCAIXE RETA PARA CURVA VERTICAL INTERNA DE 60' ABAS EXTERNAS,  EM AÇO GALVANIZAÇÃO ELETROLÍTICA, RAIO SEGMENTADO.;POLEODUTO OU SIMILAR;"L=200; R=520";pç 
KE-17-DB;LEITO PARA CABOS, TAMPA DE ENCAIXE RETA PARA CURVA VERTICAL INTERNA DE 60' ABAS EXTERNAS,  EM AÇO GALVANIZAÇÃO ELETROLÍTICA, RAIO SEGMENTADO.;POLEODUTO OU SIMILAR;"L=400; R=320";pç 
KE-17-DD;LEITO PARA CABOS, TAMPA DE ENCAIXE RETA PARA CURVA VERTICAL INTERNA DE 60' ABAS EXTERNAS,  EM AÇO GALVANIZAÇÃO ELETROLÍTICA, RAIO SEGMENTADO.;POLEODUTO OU SIMILAR;"L=400; R=520";pç 
KE-17-FB;LEITO PARA CABOS, TAMPA DE ENCAIXE RETA PARA CURVA VERTICAL INTERNA DE 60' ABAS EXTERNAS,  EM AÇO GALVANIZAÇÃO ELETROLÍTICA, RAIO SEGMENTADO.;POLEODUTO OU SIMILAR;"L=600; R=320";pç 
KE-17-FD;LEITO PARA CABOS, TAMPA DE ENCAIXE RETA PARA CURVA VERTICAL INTERNA DE 60' ABAS EXTERNAS,  EM AÇO GALVANIZAÇÃO ELETROLÍTICA, RAIO SEGMENTADO.;POLEODUTO OU SIMILAR;"L=600; R=520";pç 
KA-17-AB;LEITO PARA CABOS, TAMPA DE ENCAIXE RETA PARA CURVA VERTICAL INTERNA DE 60' ABAS EXTERNAS,  EM AÇO GALVANIZADO A FOGORAIO SEGMENTADO.;POLEODUTO OU SIMILAR;"L=200; R=320";pç 
KA-17-AD;LEITO PARA CABOS, TAMPA DE ENCAIXE RETA PARA CURVA VERTICAL INTERNA DE 60' ABAS EXTERNAS,  EM AÇO GALVANIZADO A FOGORAIO SEGMENTADO.;POLEODUTO OU SIMILAR;"L=200; R=520";pç 
KA-17-DB;LEITO PARA CABOS, TAMPA DE ENCAIXE RETA PARA CURVA VERTICAL INTERNA DE 60' ABAS EXTERNAS,  EM AÇO GALVANIZADO A FOGORAIO SEGMENTADO.;POLEODUTO OU SIMILAR;"L=400; R=320";pç 
KA-17-DD;LEITO PARA CABOS, TAMPA DE ENCAIXE RETA PARA CURVA VERTICAL INTERNA DE 60' ABAS EXTERNAS,  EM AÇO GALVANIZADO A FOGORAIO SEGMENTADO.;POLEODUTO OU SIMILAR;"L=400; R=520";pç 
KA-17-FB;LEITO PARA CABOS, TAMPA DE ENCAIXE RETA PARA CURVA VERTICAL INTERNA DE 60' ABAS EXTERNAS,  EM AÇO GALVANIZADO A FOGORAIO SEGMENTADO.;POLEODUTO OU SIMILAR;"L=600; R=320";pç 
KA-17-FD;LEITO PARA CABOS, TAMPA DE ENCAIXE RETA PARA CURVA VERTICAL INTERNA DE 60' ABAS EXTERNAS,  EM AÇO GALVANIZADO A FOGORAIO SEGMENTADO.;POLEODUTO OU SIMILAR;"L=600; R=520";pç 
KA-17-IB;LEITO PARA CABOS, TAMPA DE ENCAIXE RETA PARA CURVA VERTICAL INTERNA DE 60' ABAS EXTERNAS,  EM AÇO GALVANIZADO A FOGORAIO SEGMENTADO.;POLEODUTO OU SIMILAR;"L=800; R=320";pç 
KA-17-ID;LEITO PARA CABOS, TAMPA DE ENCAIXE RETA PARA CURVA VERTICAL INTERNA DE 60' ABAS EXTERNAS,  EM AÇO GALVANIZADO A FOGORAIO SEGMENTADO.;POLEODUTO OU SIMILAR;"L=800; R=520";pç 
KE-18-AB;LEITO PARA CABOS, TAMPA DE ENCAIXE RETA PARA CURVA VERTICAL INTERNA DE 75' ABAS EXTERNAS,  EM AÇO GALVANIZAÇÃO ELETROLÍTICA, RAIO SEGMENTADO.;POLEODUTO OU SIMILAR;"L=200; R=320";pç 
KE-18-AD;LEITO PARA CABOS, TAMPA DE ENCAIXE RETA PARA CURVA VERTICAL INTERNA DE 75' ABAS EXTERNAS,  EM AÇO GALVANIZAÇÃO ELETROLÍTICA, RAIO SEGMENTADO.;POLEODUTO OU SIMILAR;"L=200; R=520";pç 
KE-18-DB;LEITO PARA CABOS, TAMPA DE ENCAIXE RETA PARA CURVA VERTICAL INTERNA DE 75' ABAS EXTERNAS,  EM AÇO GALVANIZAÇÃO ELETROLÍTICA, RAIO SEGMENTADO.;POLEODUTO OU SIMILAR;"L=400; R=320";pç 
KE-18-DD;LEITO PARA CABOS, TAMPA DE ENCAIXE RETA PARA CURVA VERTICAL INTERNA DE 75' ABAS EXTERNAS,  EM AÇO GALVANIZAÇÃO ELETROLÍTICA, RAIO SEGMENTADO.;POLEODUTO OU SIMILAR;"L=400; R=520";pç 
KE-18-FB;LEITO PARA CABOS, TAMPA DE ENCAIXE RETA PARA CURVA VERTICAL INTERNA DE 75' ABAS EXTERNAS,  EM AÇO GALVANIZAÇÃO ELETROLÍTICA, RAIO SEGMENTADO.;POLEODUTO OU SIMILAR;"L=600; R=320";pç 
KE-18-FD;LEITO PARA CABOS, TAMPA DE ENCAIXE RETA PARA CURVA VERTICAL INTERNA DE 75' ABAS EXTERNAS,  EM AÇO GALVANIZAÇÃO ELETROLÍTICA, RAIO SEGMENTADO.;POLEODUTO OU SIMILAR;"L=600; R=520";pç 
KA-19-AB;LEITO PARA CABOS, TAMPA DE ENCAIXE RETA PARA CURVA VERTICAL INTERNA DE 75' ABAS EXTERNAS,  EM AÇO GALVANIZAÇÃO ELETROLÍTICA, RAIO SEGMENTADO.;POLEODUTO OU SIMILAR;"L=200; R=320";pç 
KA-18-AB;LEITO PARA CABOS, TAMPA DE ENCAIXE RETA PARA CURVA VERTICAL INTERNA DE 75' ABAS EXTERNAS,  EM AÇO GALVANIZADO A FOGO, RAIO SEGMENTADO.;POLEODUTO OU SIMILAR;"L=200; R=320";pç 
KA-18-AD;LEITO PARA CABOS, TAMPA DE ENCAIXE RETA PARA CURVA VERTICAL INTERNA DE 75' ABAS EXTERNAS,  EM AÇO GALVANIZADO A FOGO, RAIO SEGMENTADO.;POLEODUTO OU SIMILAR;"L=200; R=520";pç 
KA-18-DB;LEITO PARA CABOS, TAMPA DE ENCAIXE RETA PARA CURVA VERTICAL INTERNA DE 75' ABAS EXTERNAS,  EM AÇO GALVANIZADO A FOGO, RAIO SEGMENTADO.;POLEODUTO OU SIMILAR;"L=400; R=320";pç 
KA-18-DD;LEITO PARA CABOS, TAMPA DE ENCAIXE RETA PARA CURVA VERTICAL INTERNA DE 75' ABAS EXTERNAS,  EM AÇO GALVANIZADO A FOGO, RAIO SEGMENTADO.;POLEODUTO OU SIMILAR;"L=400; R=520";pç 
KA-18-FB;LEITO PARA CABOS, TAMPA DE ENCAIXE RETA PARA CURVA VERTICAL INTERNA DE 75' ABAS EXTERNAS,  EM AÇO GALVANIZADO A FOGO, RAIO SEGMENTADO.;POLEODUTO OU SIMILAR;"L=600; R=320";pç 
KA-18-FD;LEITO PARA CABOS, TAMPA DE ENCAIXE RETA PARA CURVA VERTICAL INTERNA DE 75' ABAS EXTERNAS,  EM AÇO GALVANIZADO A FOGO, RAIO SEGMENTADO.;POLEODUTO OU SIMILAR;"L=600; R=520";pç 
KA-18-IB;LEITO PARA CABOS, TAMPA DE ENCAIXE RETA PARA CURVA VERTICAL INTERNA DE 75' ABAS EXTERNAS,  EM AÇO GALVANIZADO A FOGO, RAIO SEGMENTADO.;POLEODUTO OU SIMILAR;"L=800; R=320";pç 
KA-18-ID;LEITO PARA CABOS, TAMPA DE ENCAIXE RETA PARA CURVA VERTICAL INTERNA DE 75' ABAS EXTERNAS,  EM AÇO GALVANIZADO A FOGO, RAIO SEGMENTADO.;POLEODUTO OU SIMILAR;"L=800; R=520";pç 
KE-19-AB;LEITO PARA CABOS, TAMPA DE ENCAIXE RETA PARA CURVA VERTICAL INTERNA DE 90' ABAS EXTERNAS,  EM AÇO GALVANIZAÇÃO ELETROLÍTICA, RAIO SEGMENTADO.;POLEODUTO OU SIMILAR;"L=200; R=320";pç 
KE-19-AD;LEITO PARA CABOS, TAMPA DE ENCAIXE RETA PARA CURVA VERTICAL INTERNA DE 90' ABAS EXTERNAS,  EM AÇO GALVANIZAÇÃO ELETROLÍTICA, RAIO SEGMENTADO.;POLEODUTO OU SIMILAR;"L=200; R=520";pç 
KE-19-D3;LEITO PARA CABOS, TAMPA DE ENCAIXE RETA PARA CURVA VERTICAL INTERNA DE 90' ABAS EXTERNAS,  EM AÇO GALVANIZAÇÃO ELETROLÍTICA, RAIO SEGMENTADO.;POLEODUTO OU SIMILAR;"L=400; R=520";pç 
KE-19-DB;LEITO PARA CABOS, TAMPA DE ENCAIXE RETA PARA CURVA VERTICAL INTERNA DE 90' ABAS EXTERNAS,  EM AÇO GALVANIZAÇÃO ELETROLÍTICA, RAIO SEGMENTADO.;POLEODUTO OU SIMILAR;"L=400; R=320";pç 
KE-19-DD;LEITO PARA CABOS, TAMPA DE ENCAIXE RETA PARA CURVA VERTICAL INTERNA DE 90' ABAS EXTERNAS,  EM AÇO GALVANIZAÇÃO ELETROLÍTICA, RAIO SEGMENTADO.;POLEODUTO OU SIMILAR;"L=400; R=520";pç 
KE-19-F3;LEITO PARA CABOS, TAMPA DE ENCAIXE RETA PARA CURVA VERTICAL INTERNA DE 90' ABAS EXTERNAS,  EM AÇO GALVANIZAÇÃO ELETROLÍTICA, RAIO SEGMENTADO.;POLEODUTO OU SIMILAR;"L=600; R=520";pç 
KE-19-FB;LEITO PARA CABOS, TAMPA DE ENCAIXE RETA PARA CURVA VERTICAL INTERNA DE 90' ABAS EXTERNAS,  EM AÇO GALVANIZAÇÃO ELETROLÍTICA, RAIO SEGMENTADO.;POLEODUTO OU SIMILAR;"L=600; R=320";pç 
KE-19-FD;LEITO PARA CABOS, TAMPA DE ENCAIXE RETA PARA CURVA VERTICAL INTERNA DE 90' ABAS EXTERNAS,  EM AÇO GALVANIZAÇÃO ELETROLÍTICA, RAIO SEGMENTADO.;POLEODUTO OU SIMILAR;"L=600; R=520";pç 
KE-19-I3;LEITO PARA CABOS, TAMPA DE ENCAIXE RETA PARA CURVA VERTICAL INTERNA DE 90' ABAS EXTERNAS,  EM AÇO GALVANIZAÇÃO ELETROLÍTICA, RAIO SEGMENTADO.;POLEODUTO OU SIMILAR;"L=800; R=520";pç 
KE-19-ID;LEITO PARA CABOS, TAMPA DE ENCAIXE RETA PARA CURVA VERTICAL INTERNA DE 90' ABAS EXTERNAS,  EM AÇO GALVANIZAÇÃO ELETROLÍTICA, RAIO SEGMENTADO.;POLEODUTO OU SIMILAR;"L=800; R=520";pç 
KA-19-AD;LEITO PARA CABOS, TAMPA DE ENCAIXE RETA PARA CURVA VERTICAL INTERNA DE 90' ABAS EXTERNAS,  EM AÇO GALVANIZADO A FOGO, RAIO SEGMENTADO.;POLEODUTO OU SIMILAR;"L=200; R=520";pç 
KA-19-DB;LEITO PARA CABOS, TAMPA DE ENCAIXE RETA PARA CURVA VERTICAL INTERNA DE 90' ABAS EXTERNAS,  EM AÇO GALVANIZADO A FOGO, RAIO SEGMENTADO.;POLEODUTO OU SIMILAR;"L=400; R=320";pç 
KA-19-DD;LEITO PARA CABOS, TAMPA DE ENCAIXE RETA PARA CURVA VERTICAL INTERNA DE 90' ABAS EXTERNAS,  EM AÇO GALVANIZADO A FOGO, RAIO SEGMENTADO.;POLEODUTO OU SIMILAR;"L=400; R=520";pç 
KA-19-FB;LEITO PARA CABOS, TAMPA DE ENCAIXE RETA PARA CURVA VERTICAL INTERNA DE 90' ABAS EXTERNAS,  EM AÇO GALVANIZADO A FOGO, RAIO SEGMENTADO.;POLEODUTO OU SIMILAR;"L=600; R=320";pç 
KA-19-FD;LEITO PARA CABOS, TAMPA DE ENCAIXE RETA PARA CURVA VERTICAL INTERNA DE 90' ABAS EXTERNAS,  EM AÇO GALVANIZADO A FOGO, RAIO SEGMENTADO.;POLEODUTO OU SIMILAR;"L=600; R=520";pç 
KA-19-IB;LEITO PARA CABOS, TAMPA DE ENCAIXE RETA PARA CURVA VERTICAL INTERNA DE 90' ABAS EXTERNAS,  EM AÇO GALVANIZADO A FOGO, RAIO SEGMENTADO.;POLEODUTO OU SIMILAR;"L=800; R=320";pç 
KA-19-ID;LEITO PARA CABOS, TAMPA DE ENCAIXE RETA PARA CURVA VERTICAL INTERNA DE 90' ABAS EXTERNAS,  EM AÇO GALVANIZADO A FOGO, RAIO SEGMENTADO.;POLEODUTO OU SIMILAR;"L=800; R=520";pç 
KE-19-A3;LEITO PARA CABOS, TAMPA DE ENCAIXE RETA PARA CURVA VERTICAL INTERNA DE 90' ABAS EXTERNAS,  EM AÇO GALVANIZADO A FOGO, RAIO SEGMENTADO.;POLEODUTO OU SIMILAR;"L=200; R=520";pç 
KB-02-AB;LEITO PARA CABOS, TAMPA DE ENCAIXE RETA PARA TE HORIZONTAL 90' ABAS EXTERNAS, EM AÇO GALVANIZADO A FOGORAIO SEGMENTADO.;POLEODUTO OU SIMILAR;"L=200; R=320";pç 
KB-02-AD;LEITO PARA CABOS, TAMPA DE ENCAIXE RETA PARA TE HORIZONTAL 90' ABAS EXTERNAS, EM AÇO GALVANIZADO A FOGORAIO SEGMENTADO.;POLEODUTO OU SIMILAR;"L=200; R=520";pç 
KB-02-DB;LEITO PARA CABOS, TAMPA DE ENCAIXE RETA PARA TE HORIZONTAL 90' ABAS EXTERNAS, EM AÇO GALVANIZADO A FOGORAIO SEGMENTADO.;POLEODUTO OU SIMILAR;"L=400; R=320";pç 
KB-02-DD;LEITO PARA CABOS, TAMPA DE ENCAIXE RETA PARA TE HORIZONTAL 90' ABAS EXTERNAS, EM AÇO GALVANIZADO A FOGORAIO SEGMENTADO.;POLEODUTO OU SIMILAR;"L=400; R=520";pç 
KB-02-FB;LEITO PARA CABOS, TAMPA DE ENCAIXE RETA PARA TE HORIZONTAL 90' ABAS EXTERNAS, EM AÇO GALVANIZADO A FOGORAIO SEGMENTADO.;POLEODUTO OU SIMILAR;"L=600; R=320";pç 
KB-02-FD;LEITO PARA CABOS, TAMPA DE ENCAIXE RETA PARA TE HORIZONTAL 90' ABAS EXTERNAS, EM AÇO GALVANIZADO A FOGORAIO SEGMENTADO.;POLEODUTO OU SIMILAR;"L=600; R=520";pç 
KB-02-IB;LEITO PARA CABOS, TAMPA DE ENCAIXE RETA PARA TE HORIZONTAL 90' ABAS EXTERNAS, EM AÇO GALVANIZADO A FOGORAIO SEGMENTADO.;POLEODUTO OU SIMILAR;"L=800; R=320";pç 
KB-02-ID;LEITO PARA CABOS, TAMPA DE ENCAIXE RETA PARA TE HORIZONTAL 90' ABAS EXTERNAS, EM AÇO GALVANIZADO A FOGORAIO SEGMENTADO.;POLEODUTO OU SIMILAR;"L=800; R=520";pç 
KF-02-A;LEITO PARA CABOS, TAMPA DE ENCAIXE RETA PARA TE RETO 90' ABAS EXTERNAS, EM AÇO GALVANIZÇÃO ELETROLÍTICA.;POLEODUTO OU SIMILAR;L=200;pç 
KF-02-D;LEITO PARA CABOS, TAMPA DE ENCAIXE RETA PARA TE RETO 90' ABAS EXTERNAS, EM AÇO GALVANIZÇÃO ELETROLÍTICA.;POLEODUTO OU SIMILAR;L=400;pç 
KF-02-F;LEITO PARA CABOS, TAMPA DE ENCAIXE RETA PARA TE RETO 90' ABAS EXTERNAS, EM AÇO GALVANIZÇÃO ELETROLÍTICA.;POLEODUTO OU SIMILAR;L=600;pç 
KF-02-I;LEITO PARA CABOS, TAMPA DE ENCAIXE RETA PARA TE RETO 90' ABAS EXTERNAS, EM AÇO GALVANIZÇÃO ELETROLÍTICA.;POLEODUTO OU SIMILAR;L=800;pç 
KF-04-AB;LEITO PARA CABOS, TAMPA DE ENCAIXE RETA PARA TE VERTICAL DE DESCIDA 90' ABAS EXTERNAS,  EM AÇO GALVANIZAÇÃO ELETROLÍTICA, RAIO SEGMENTADO.;POLEODUTO OU SIMILAR;"L=200; R=320";pç 
KF-04-AD;LEITO PARA CABOS, TAMPA DE ENCAIXE RETA PARA TE VERTICAL DE DESCIDA 90' ABAS EXTERNAS,  EM AÇO GALVANIZAÇÃO ELETROLÍTICA, RAIO SEGMENTADO.;POLEODUTO OU SIMILAR;"L=200; R=520";pç 
KF-04-DB;LEITO PARA CABOS, TAMPA DE ENCAIXE RETA PARA TE VERTICAL DE DESCIDA 90' ABAS EXTERNAS,  EM AÇO GALVANIZAÇÃO ELETROLÍTICA, RAIO SEGMENTADO.;POLEODUTO OU SIMILAR;"L=400; R=320";pç 
KF-04-DD;LEITO PARA CABOS, TAMPA DE ENCAIXE RETA PARA TE VERTICAL DE DESCIDA 90' ABAS EXTERNAS,  EM AÇO GALVANIZAÇÃO ELETROLÍTICA, RAIO SEGMENTADO.;POLEODUTO OU SIMILAR;"L=400; R=520";pç 
KF-04-FB;LEITO PARA CABOS, TAMPA DE ENCAIXE RETA PARA TE VERTICAL DE DESCIDA 90' ABAS EXTERNAS,  EM AÇO GALVANIZAÇÃO ELETROLÍTICA, RAIO SEGMENTADO.;POLEODUTO OU SIMILAR;"L=600; R=320";pç 
KF-04-FD;LEITO PARA CABOS, TAMPA DE ENCAIXE RETA PARA TE VERTICAL DE DESCIDA 90' ABAS EXTERNAS,  EM AÇO GALVANIZAÇÃO ELETROLÍTICA, RAIO SEGMENTADO.;POLEODUTO OU SIMILAR;"L=600; R=520";pç 
KF-03-AB;LEITO PARA CABOS, TAMPA DE ENCAIXE RETA PARA TE VERTICAL DE SUBIDA 90' ABAS EXTERNAS,  EM AÇO GALVANIZAÇÃO ELETROLÍTICA, RAIO SEGMENTADO.;POLEODUTO OU SIMILAR;"L=200; R=320";pç 
KF-03-AD;LEITO PARA CABOS, TAMPA DE ENCAIXE RETA PARA TE VERTICAL DE SUBIDA 90' ABAS EXTERNAS,  EM AÇO GALVANIZAÇÃO ELETROLÍTICA, RAIO SEGMENTADO.;POLEODUTO OU SIMILAR;"L=200; R=520";pç 
KF-03-DB;LEITO PARA CABOS, TAMPA DE ENCAIXE RETA PARA TE VERTICAL DE SUBIDA 90' ABAS EXTERNAS,  EM AÇO GALVANIZAÇÃO ELETROLÍTICA, RAIO SEGMENTADO.;POLEODUTO OU SIMILAR;"L=400; R=320";pç 
KF-03-DD;LEITO PARA CABOS, TAMPA DE ENCAIXE RETA PARA TE VERTICAL DE SUBIDA 90' ABAS EXTERNAS,  EM AÇO GALVANIZAÇÃO ELETROLÍTICA, RAIO SEGMENTADO.;POLEODUTO OU SIMILAR;"L=400; R=520";pç 
KF-03-FB;LEITO PARA CABOS, TAMPA DE ENCAIXE RETA PARA TE VERTICAL DE SUBIDA 90' ABAS EXTERNAS,  EM AÇO GALVANIZAÇÃO ELETROLÍTICA, RAIO SEGMENTADO.;POLEODUTO OU SIMILAR;"L=600; R=320";pç 
KF-03-FD;LEITO PARA CABOS, TAMPA DE ENCAIXE RETA PARA TE VERTICAL DE SUBIDA 90' ABAS EXTERNAS,  EM AÇO GALVANIZAÇÃO ELETROLÍTICA, RAIO SEGMENTADO.;POLEODUTO OU SIMILAR;"L=600; R=520";pç 
KE-01-A3;LEITO PARA CABOS, TAMPA DE ENCAIXE RETA PARA TRECHO RETO ABAS EXTERNAS, EM AÇO GALVANIZAÇÃO ELETROLÍTICA.;POLEODUTO OU SIMILAR;200mm;pç 
KE-01-D3;LEITO PARA CABOS, TAMPA DE ENCAIXE RETA PARA TRECHO RETO ABAS EXTERNAS, EM AÇO GALVANIZAÇÃO ELETROLÍTICA.;POLEODUTO OU SIMILAR;400mm;pç 
KE-01-F3;LEITO PARA CABOS, TAMPA DE ENCAIXE RETA PARA TRECHO RETO ABAS EXTERNAS, EM AÇO GALVANIZAÇÃO ELETROLÍTICA.;POLEODUTO OU SIMILAR;600mm;pç 
KE-01-I3;LEITO PARA CABOS, TAMPA DE ENCAIXE RETA PARA TRECHO RETO ABAS EXTERNAS, EM AÇO GALVANIZAÇÃO ELETROLÍTICA.;POLEODUTO OU SIMILAR;800mm;pç 
KA-01-A3;LEITO PARA CABOS, TAMPA DE ENCAIXE RETA PARA TRECHO RETO ABAS EXTERNAS, EM AÇO GALVANIZADO A FOGO.;POLEODUTO OU SIMILAR;200mm;pç 
KA-01-D3;LEITO PARA CABOS, TAMPA DE ENCAIXE RETA PARA TRECHO RETO ABAS EXTERNAS, EM AÇO GALVANIZADO A FOGO.;POLEODUTO OU SIMILAR;400mm;pç 
KA-01-F3;LEITO PARA CABOS, TAMPA DE ENCAIXE RETA PARA TRECHO RETO ABAS EXTERNAS, EM AÇO GALVANIZADO A FOGO.;POLEODUTO OU SIMILAR;"600mm
";pç 
KA-01-I3;LEITO PARA CABOS, TAMPA DE ENCAIXE RETA PARA TRECHO RETO ABAS EXTERNAS, EM AÇO GALVANIZADO A FOGO.;POLEODUTO OU SIMILAR;800mm;pç 
KC-05-DA;LEITO PARA CABOS, TAMPA DE ENCAIXE RETA REDUÇÃO A DIREITA, EM AÇO GALVANIZADO A FOGO.;POLEODUTO OU SIMILAR;L=400 X 200;pç 
KC-05-FA;LEITO PARA CABOS, TAMPA DE ENCAIXE RETA REDUÇÃO A DIREITA, EM AÇO GALVANIZADO A FOGO.;POLEODUTO OU SIMILAR;L=600 X 200;pç 
KC-05-FD;LEITO PARA CABOS, TAMPA DE ENCAIXE RETA REDUÇÃO A DIREITA, EM AÇO GALVANIZADO A FOGO.;POLEODUTO OU SIMILAR;L=600 X 400;pç 
KC-05-IF;LEITO PARA CABOS, TAMPA DE ENCAIXE RETA REDUÇÃO A DIREITA, EM AÇO GALVANIZADO A FOGO.;POLEODUTO OU SIMILAR;L=800 X 600;pç 
KC-04-DA;LEITO PARA CABOS, TAMPA DE ENCAIXE RETA REDUÇÃO A ESQUERDA, EM AÇO GALVANIZADO A FOGO.;POLEODUTO OU SIMILAR;L=400 X 200;pç 
KC-04-FA;LEITO PARA CABOS, TAMPA DE ENCAIXE RETA REDUÇÃO A ESQUERDA, EM AÇO GALVANIZADO A FOGO.;POLEODUTO OU SIMILAR;L=600 X 200;pç 
KC-04-FD;LEITO PARA CABOS, TAMPA DE ENCAIXE RETA REDUÇÃO A ESQUERDA, EM AÇO GALVANIZADO A FOGO.;POLEODUTO OU SIMILAR;L=600 X 400;pç 
KC-04-IF;LEITO PARA CABOS, TAMPA DE ENCAIXE RETA REDUÇÃO A ESQUERDA, EM AÇO GALVANIZADO A FOGO.;POLEODUTO OU SIMILAR;L=800 X 600;pç 
KC-03-DA;LEITO PARA CABOS, TAMPA DE ENCAIXE RETA REDUÇÃO CONCÊNTRICA, EM AÇO GALVANIZADO A FOGO.;POLEODUTO OU SIMILAR;L=400 X 200;pç 
KC-03-FA;LEITO PARA CABOS, TAMPA DE ENCAIXE RETA REDUÇÃO CONCÊNTRICA, EM AÇO GALVANIZADO A FOGO.;POLEODUTO OU SIMILAR;L=600 X 200;pç 
KC-03-FD;LEITO PARA CABOS, TAMPA DE ENCAIXE RETA REDUÇÃO CONCÊNTRICA, EM AÇO GALVANIZADO A FOGO.;POLEODUTO OU SIMILAR;L=600 X 400;pç 
KC-03-IF;LEITO PARA CABOS, TAMPA DE ENCAIXE RETA REDUÇÃO CONCÊNTRICA, EM AÇO GALVANIZADO A FOGO.;POLEODUTO OU SIMILAR;L=800 X 600;pç 
KB-01-A;LEITO PARA CABOS, TAMPA DE ENCAIXE RETA TE RETO 90', EM AÇO GALVANIZADO A FOGO.;POLEODUTO OU SIMILAR;L=200;pç 
KB-01-D;LEITO PARA CABOS, TAMPA DE ENCAIXE RETA TE RETO 90', EM AÇO GALVANIZADO A FOGO.;POLEODUTO OU SIMILAR;L=400;pç 
KB-01-F;LEITO PARA CABOS, TAMPA DE ENCAIXE RETA TE RETO 90', EM AÇO GALVANIZADO A FOGO.;POLEODUTO OU SIMILAR;L=600;pç 
KB-01-I;LEITO PARA CABOS, TAMPA DE ENCAIXE RETA TE RETO 90', EM AÇO GALVANIZADO A FOGO.;POLEODUTO OU SIMILAR;L=800;pç 
LB-02-AB;"LEITO PARA CABOS, TE HORIZONTAL 90',   TIPO PESADO, EM AÇO GALVANIZADO A FOGO, ABAS PARA FORA, CONSTITUÍDA DE DUAS LONGARINAS DE PERFIL TIPO ""U"" 19 X 100MM, RAIO SEGMENTADO.";POLEODUTO OU SIMILAR;"L=200; R=320";pç 
LB-02-AD;"LEITO PARA CABOS, TE HORIZONTAL 90',   TIPO PESADO, EM AÇO GALVANIZADO A FOGO, ABAS PARA FORA, CONSTITUÍDA DE DUAS LONGARINAS DE PERFIL TIPO ""U"" 19 X 100MM, RAIO SEGMENTADO.";POLEODUTO OU SIMILAR;"L=200; R=520";pç 
LB-02-DB;"LEITO PARA CABOS, TE HORIZONTAL 90',   TIPO PESADO, EM AÇO GALVANIZADO A FOGO, ABAS PARA FORA, CONSTITUÍDA DE DUAS LONGARINAS DE PERFIL TIPO ""U"" 19 X 100MM, RAIO SEGMENTADO.";POLEODUTO OU SIMILAR;"L=400; R=320";pç 
LB-02-DD;"LEITO PARA CABOS, TE HORIZONTAL 90',   TIPO PESADO, EM AÇO GALVANIZADO A FOGO, ABAS PARA FORA, CONSTITUÍDA DE DUAS LONGARINAS DE PERFIL TIPO ""U"" 19 X 100MM, RAIO SEGMENTADO.";POLEODUTO OU SIMILAR;"L=400; R=520";pç 
LB-02-FB;"LEITO PARA CABOS, TE HORIZONTAL 90',   TIPO PESADO, EM AÇO GALVANIZADO A FOGO, ABAS PARA FORA, CONSTITUÍDA DE DUAS LONGARINAS DE PERFIL TIPO ""U"" 19 X 100MM, RAIO SEGMENTADO.";POLEODUTO OU SIMILAR;"L=600; R=320";pç 
LB-02-FD;"LEITO PARA CABOS, TE HORIZONTAL 90',   TIPO PESADO, EM AÇO GALVANIZADO A FOGO, ABAS PARA FORA, CONSTITUÍDA DE DUAS LONGARINAS DE PERFIL TIPO ""U"" 19 X 100MM, RAIO SEGMENTADO.";POLEODUTO OU SIMILAR;"L=600; R=520";pç 
LB-02-IB;"LEITO PARA CABOS, TE HORIZONTAL 90',   TIPO PESADO, EM AÇO GALVANIZADO A FOGO, ABAS PARA FORA, CONSTITUÍDA DE DUAS LONGARINAS DE PERFIL TIPO ""U"" 19 X 100MM, RAIO SEGMENTADO.";POLEODUTO OU SIMILAR;"L=800; R=320";pç 
LB-02-ID;"LEITO PARA CABOS, TE HORIZONTAL 90',   TIPO PESADO, EM AÇO GALVANIZADO A FOGO, ABAS PARA FORA, CONSTITUÍDA DE DUAS LONGARINAS DE PERFIL TIPO ""U"" 19 X 100MM, RAIO SEGMENTADO.";POLEODUTO OU SIMILAR;"L=800; R=520";pç 
LF-01-AB;"LEITO PARA CABOS, TE HORIZONTAL 90',   TIPO SEMI PESADO, EM AÇO GALVANIZAÇÃO ELETROLÍTICA, ABAS PARA FORA, CONSTITUÍDA DE DUAS LONGARINAS DE PERFIL TIPO ""U"" 19x100mm, RAIO SEGMENTADO.";POLEODUTO OU SIMILAR;"L=200; R=320";pç 
LF-01-AD;"LEITO PARA CABOS, TE HORIZONTAL 90',   TIPO SEMI PESADO, EM AÇO GALVANIZAÇÃO ELETROLÍTICA, ABAS PARA FORA, CONSTITUÍDA DE DUAS LONGARINAS DE PERFIL TIPO ""U"" 19x100mm, RAIO SEGMENTADO.";POLEODUTO OU SIMILAR;"L=200; R=520";pç 
LF-01-DB;"LEITO PARA CABOS, TE HORIZONTAL 90',   TIPO SEMI PESADO, EM AÇO GALVANIZAÇÃO ELETROLÍTICA, ABAS PARA FORA, CONSTITUÍDA DE DUAS LONGARINAS DE PERFIL TIPO ""U"" 19x100mm, RAIO SEGMENTADO.";POLEODUTO OU SIMILAR;"L=400; R=320";pç 
LF-01-DD;"LEITO PARA CABOS, TE HORIZONTAL 90',   TIPO SEMI PESADO, EM AÇO GALVANIZAÇÃO ELETROLÍTICA, ABAS PARA FORA, CONSTITUÍDA DE DUAS LONGARINAS DE PERFIL TIPO ""U"" 19x100mm, RAIO SEGMENTADO.";POLEODUTO OU SIMILAR;"L=400; R=520";pç 
LF-01-FB;"LEITO PARA CABOS, TE HORIZONTAL 90',   TIPO SEMI PESADO, EM AÇO GALVANIZAÇÃO ELETROLÍTICA, ABAS PARA FORA, CONSTITUÍDA DE DUAS LONGARINAS DE PERFIL TIPO ""U"" 19x100mm, RAIO SEGMENTADO.";POLEODUTO OU SIMILAR;"L=600; R=320";pç 
LF-01-FD;"LEITO PARA CABOS, TE HORIZONTAL 90',   TIPO SEMI PESADO, EM AÇO GALVANIZAÇÃO ELETROLÍTICA, ABAS PARA FORA, CONSTITUÍDA DE DUAS LONGARINAS DE PERFIL TIPO ""U"" 19x100mm, RAIO SEGMENTADO.";POLEODUTO OU SIMILAR;"L=600; R=520";pç 
LF-01-IB;"LEITO PARA CABOS, TE HORIZONTAL 90',   TIPO SEMI PESADO, EM AÇO GALVANIZAÇÃO ELETROLÍTICA, ABAS PARA FORA, CONSTITUÍDA DE DUAS LONGARINAS DE PERFIL TIPO ""U"" 19x100mm, RAIO SEGMENTADO.";POLEODUTO OU SIMILAR;"L=800; R=320";pç 
LF-01-ID;"LEITO PARA CABOS, TE HORIZONTAL 90',   TIPO SEMI PESADO, EM AÇO GALVANIZAÇÃO ELETROLÍTICA, ABAS PARA FORA, CONSTITUÍDA DE DUAS LONGARINAS DE PERFIL TIPO ""U"" 19x100mm, RAIO SEGMENTADO.";POLEODUTO OU SIMILAR;"L=800; R=520";pç 
LB-01-A;"LEITO PARA CABOS, TE RETO 90', TIPO PESADO, EM AÇO GALVANIZADO A FOGO, ABAS PARA FORA, CONSTITUÍDA DE DUAS LONGARINAS DE PERFIL TIPO ""U"" 19 X 100MM.";POLEODUTO OU SIMILAR;L=200;pç 
LB-01-D;"LEITO PARA CABOS, TE RETO 90', TIPO PESADO, EM AÇO GALVANIZADO A FOGO, ABAS PARA FORA, CONSTITUÍDA DE DUAS LONGARINAS DE PERFIL TIPO ""U"" 19 X 100MM.";POLEODUTO OU SIMILAR;L=400;pç 
LB-01-F;"LEITO PARA CABOS, TE RETO 90', TIPO PESADO, EM AÇO GALVANIZADO A FOGO, ABAS PARA FORA, CONSTITUÍDA DE DUAS LONGARINAS DE PERFIL TIPO ""U"" 19 X 100MM.";POLEODUTO OU SIMILAR;L=600;pç 
LB-01-I;"LEITO PARA CABOS, TE RETO 90', TIPO PESADO, EM AÇO GALVANIZADO A FOGO, ABAS PARA FORA, CONSTITUÍDA DE DUAS LONGARINAS DE PERFIL TIPO ""U"" 19 X 100MM.";POLEODUTO OU SIMILAR;L=800;pç 
LF-01-A;"LEITO PARA CABOS, TE RETO 90', TIPO SEMI PESADO, EM AÇO GALVANIZAÇÃO ELETROLÍTICA, ABAS PARA FORA, CONSTITUÍDA DE DUAS LONGARINAS DE PERFIL TIPO ""U"" 19x100mm.";POLEODUTO OU SIMILAR;L=200;pç 
LF-01-D;"LEITO PARA CABOS, TE RETO 90', TIPO SEMI PESADO, EM AÇO GALVANIZAÇÃO ELETROLÍTICA, ABAS PARA FORA, CONSTITUÍDA DE DUAS LONGARINAS DE PERFIL TIPO ""U"" 19x100mm.";POLEODUTO OU SIMILAR;L=400;pç 
LF-01-F;"LEITO PARA CABOS, TE RETO 90', TIPO SEMI PESADO, EM AÇO GALVANIZAÇÃO ELETROLÍTICA, ABAS PARA FORA, CONSTITUÍDA DE DUAS LONGARINAS DE PERFIL TIPO ""U"" 19x100mm.";POLEODUTO OU SIMILAR;L=600;pç 
LF-01-I;"LEITO PARA CABOS, TE RETO 90', TIPO SEMI PESADO, EM AÇO GALVANIZAÇÃO ELETROLÍTICA, ABAS PARA FORA, CONSTITUÍDA DE DUAS LONGARINAS DE PERFIL TIPO ""U"" 19x100mm.";POLEODUTO OU SIMILAR;L=800;pç 
LB-04-AB;"LEITO PARA CABOS, TE VERTICAL DE DESCIDA 90', TIPO PESADO, EM AÇO GALVANIZADO A FOGO, ABAS PARA FORA, CONSTITUÍDA DE DUAS LONGARINAS DE PERFIL TIPO ""U"" 19 X 100MM, RAIO SEGMENTADO.";POLEODUTO OU SIMILAR;"L=200; R=320";pç 
LB-04-AD;"LEITO PARA CABOS, TE VERTICAL DE DESCIDA 90', TIPO PESADO, EM AÇO GALVANIZADO A FOGO, ABAS PARA FORA, CONSTITUÍDA DE DUAS LONGARINAS DE PERFIL TIPO ""U"" 19 X 100MM, RAIO SEGMENTADO.";POLEODUTO OU SIMILAR;"L=200; R=520";pç 
LB-04-DB;"LEITO PARA CABOS, TE VERTICAL DE DESCIDA 90', TIPO PESADO, EM AÇO GALVANIZADO A FOGO, ABAS PARA FORA, CONSTITUÍDA DE DUAS LONGARINAS DE PERFIL TIPO ""U"" 19 X 100MM, RAIO SEGMENTADO.";POLEODUTO OU SIMILAR;"L=400; R=320";pç 
LB-04-DD;"LEITO PARA CABOS, TE VERTICAL DE DESCIDA 90', TIPO PESADO, EM AÇO GALVANIZADO A FOGO, ABAS PARA FORA, CONSTITUÍDA DE DUAS LONGARINAS DE PERFIL TIPO ""U"" 19 X 100MM, RAIO SEGMENTADO.";POLEODUTO OU SIMILAR;"L=400; R=520";pç 
LB-04-FB;"LEITO PARA CABOS, TE VERTICAL DE DESCIDA 90', TIPO PESADO, EM AÇO GALVANIZADO A FOGO, ABAS PARA FORA, CONSTITUÍDA DE DUAS LONGARINAS DE PERFIL TIPO ""U"" 19 X 100MM, RAIO SEGMENTADO.";POLEODUTO OU SIMILAR;"L=600; R=320";pç 
LB-04-FD;"LEITO PARA CABOS, TE VERTICAL DE DESCIDA 90', TIPO PESADO, EM AÇO GALVANIZADO A FOGO, ABAS PARA FORA, CONSTITUÍDA DE DUAS LONGARINAS DE PERFIL TIPO ""U"" 19 X 100MM, RAIO SEGMENTADO.";POLEODUTO OU SIMILAR;"L=600; R=520";pç 
LB-04-IB;"LEITO PARA CABOS, TE VERTICAL DE DESCIDA 90', TIPO PESADO, EM AÇO GALVANIZADO A FOGO, ABAS PARA FORA, CONSTITUÍDA DE DUAS LONGARINAS DE PERFIL TIPO ""U"" 19 X 100MM, RAIO SEGMENTADO.";POLEODUTO OU SIMILAR;"L=800; R=320";pç 
LB-04-ID;"LEITO PARA CABOS, TE VERTICAL DE DESCIDA 90', TIPO PESADO, EM AÇO GALVANIZADO A FOGO, ABAS PARA FORA, CONSTITUÍDA DE DUAS LONGARINAS DE PERFIL TIPO ""U"" 19 X 100MM, RAIO SEGMENTADO.";POLEODUTO OU SIMILAR;"L=800; R=520";pç 
LF-04-AB;"LEITO PARA CABOS, TE VERTICAL DE DESCIDA 90', TIPO SEMI PESADO, EM AÇO GALVANIZAÇÃO ELETROLÍTICA, ABAS PARA FORA, CONSTITUÍDA DE DUAS LONGARINAS DE PERFIL TIPO ""U"" 19x100mm, RAIO SEGMENTADO.";POLEODUTO OU SIMILAR;"L=200; R=320";pç 
LF-04-AD;"LEITO PARA CABOS, TE VERTICAL DE DESCIDA 90', TIPO SEMI PESADO, EM AÇO GALVANIZAÇÃO ELETROLÍTICA, ABAS PARA FORA, CONSTITUÍDA DE DUAS LONGARINAS DE PERFIL TIPO ""U"" 19x100mm, RAIO SEGMENTADO.";POLEODUTO OU SIMILAR;"L=200; R=520";pç 
LF-04-DB;"LEITO PARA CABOS, TE VERTICAL DE DESCIDA 90', TIPO SEMI PESADO, EM AÇO GALVANIZAÇÃO ELETROLÍTICA, ABAS PARA FORA, CONSTITUÍDA DE DUAS LONGARINAS DE PERFIL TIPO ""U"" 19x100mm, RAIO SEGMENTADO.";POLEODUTO OU SIMILAR;"L=400; R=320";pç 
LF-04-DD;"LEITO PARA CABOS, TE VERTICAL DE DESCIDA 90', TIPO SEMI PESADO, EM AÇO GALVANIZAÇÃO ELETROLÍTICA, ABAS PARA FORA, CONSTITUÍDA DE DUAS LONGARINAS DE PERFIL TIPO ""U"" 19x100mm, RAIO SEGMENTADO.";POLEODUTO OU SIMILAR;"L=400; R=520";pç 
LF-04-FB;"LEITO PARA CABOS, TE VERTICAL DE DESCIDA 90', TIPO SEMI PESADO, EM AÇO GALVANIZAÇÃO ELETROLÍTICA, ABAS PARA FORA, CONSTITUÍDA DE DUAS LONGARINAS DE PERFIL TIPO ""U"" 19x100mm, RAIO SEGMENTADO.";POLEODUTO OU SIMILAR;"L=600; R=320";pç 
LF-04-FD;"LEITO PARA CABOS, TE VERTICAL DE DESCIDA 90', TIPO SEMI PESADO, EM AÇO GALVANIZAÇÃO ELETROLÍTICA, ABAS PARA FORA, CONSTITUÍDA DE DUAS LONGARINAS DE PERFIL TIPO ""U"" 19x100mm, RAIO SEGMENTADO.";POLEODUTO OU SIMILAR;"L=600; R=520";pç 
LB-03-AB;"LEITO PARA CABOS, TE VERTICAL DE SUBIDA 90', TIPO PESADO, EM AÇO GALVANIZADO A FOGO, ABAS PARA FORA, CONSTITUÍDA DE DUAS LONGARINAS DE PERFIL TIPO ""U"" 19 X 100MM, RAIO SEGMENTADO.";POLEODUTO OU SIMILAR;"L=200; R=320";pç 
LB-03-AD;"LEITO PARA CABOS, TE VERTICAL DE SUBIDA 90', TIPO PESADO, EM AÇO GALVANIZADO A FOGO, ABAS PARA FORA, CONSTITUÍDA DE DUAS LONGARINAS DE PERFIL TIPO ""U"" 19 X 100MM, RAIO SEGMENTADO.";POLEODUTO OU SIMILAR;"L=200; R=520";pç 
LB-03-DB;"LEITO PARA CABOS, TE VERTICAL DE SUBIDA 90', TIPO PESADO, EM AÇO GALVANIZADO A FOGO, ABAS PARA FORA, CONSTITUÍDA DE DUAS LONGARINAS DE PERFIL TIPO ""U"" 19 X 100MM, RAIO SEGMENTADO.";POLEODUTO OU SIMILAR;"L=400; R=320";pç 
LB-03-DD;"LEITO PARA CABOS, TE VERTICAL DE SUBIDA 90', TIPO PESADO, EM AÇO GALVANIZADO A FOGO, ABAS PARA FORA, CONSTITUÍDA DE DUAS LONGARINAS DE PERFIL TIPO ""U"" 19 X 100MM, RAIO SEGMENTADO.";POLEODUTO OU SIMILAR;"L=400; R=520";pç 
LB-03-FB;"LEITO PARA CABOS, TE VERTICAL DE SUBIDA 90', TIPO PESADO, EM AÇO GALVANIZADO A FOGO, ABAS PARA FORA, CONSTITUÍDA DE DUAS LONGARINAS DE PERFIL TIPO ""U"" 19 X 100MM, RAIO SEGMENTADO.";POLEODUTO OU SIMILAR;"L=600; R=320";pç 
LB-03-FD;"LEITO PARA CABOS, TE VERTICAL DE SUBIDA 90', TIPO PESADO, EM AÇO GALVANIZADO A FOGO, ABAS PARA FORA, CONSTITUÍDA DE DUAS LONGARINAS DE PERFIL TIPO ""U"" 19 X 100MM, RAIO SEGMENTADO.";POLEODUTO OU SIMILAR;"L=600; R=520";pç 
LB-03-IB;"LEITO PARA CABOS, TE VERTICAL DE SUBIDA 90', TIPO PESADO, EM AÇO GALVANIZADO A FOGO, ABAS PARA FORA, CONSTITUÍDA DE DUAS LONGARINAS DE PERFIL TIPO ""U"" 19 X 100MM, RAIO SEGMENTADO.";POLEODUTO OU SIMILAR;"L=800; R=320";pç 
LB-03-ID;"LEITO PARA CABOS, TE VERTICAL DE SUBIDA 90', TIPO PESADO, EM AÇO GALVANIZADO A FOGO, ABAS PARA FORA, CONSTITUÍDA DE DUAS LONGARINAS DE PERFIL TIPO ""U"" 19 X 100MM, RAIO SEGMENTADO.";POLEODUTO OU SIMILAR;"L=800; R=520";pç 
LF-03-AB;"LEITO PARA CABOS, TE VERTICAL DE SUBIDA 90', TIPO SEMI PESADO, EM AÇO GALVANIZAÇÃO ELETROLÍTICA, ABAS PARA FORA, CONSTITUÍDA DE DUAS LONGARINAS DE PERFIL TIPO ""U"" 19x100mm, RAIO SEGMENTADO.";POLEODUTO OU SIMILAR;"L=200; R=320";pç 
LF-03-AD;"LEITO PARA CABOS, TE VERTICAL DE SUBIDA 90', TIPO SEMI PESADO, EM AÇO GALVANIZAÇÃO ELETROLÍTICA, ABAS PARA FORA, CONSTITUÍDA DE DUAS LONGARINAS DE PERFIL TIPO ""U"" 19x100mm, RAIO SEGMENTADO.";POLEODUTO OU SIMILAR;"L=200; R=520";pç 
LF-03-DB;"LEITO PARA CABOS, TE VERTICAL DE SUBIDA 90', TIPO SEMI PESADO, EM AÇO GALVANIZAÇÃO ELETROLÍTICA, ABAS PARA FORA, CONSTITUÍDA DE DUAS LONGARINAS DE PERFIL TIPO ""U"" 19x100mm, RAIO SEGMENTADO.";POLEODUTO OU SIMILAR;"L=400; R=320";pç 
LF-03-DD;"LEITO PARA CABOS, TE VERTICAL DE SUBIDA 90', TIPO SEMI PESADO, EM AÇO GALVANIZAÇÃO ELETROLÍTICA, ABAS PARA FORA, CONSTITUÍDA DE DUAS LONGARINAS DE PERFIL TIPO ""U"" 19x100mm, RAIO SEGMENTADO.";POLEODUTO OU SIMILAR;"L=400; R=520";pç 
LF-03-FB;"LEITO PARA CABOS, TE VERTICAL DE SUBIDA 90', TIPO SEMI PESADO, EM AÇO GALVANIZAÇÃO ELETROLÍTICA, ABAS PARA FORA, CONSTITUÍDA DE DUAS LONGARINAS DE PERFIL TIPO ""U"" 19x100mm, RAIO SEGMENTADO.";POLEODUTO OU SIMILAR;"L=600; R=320";pç 
LF-03-FD;"LEITO PARA CABOS, TE VERTICAL DE SUBIDA 90', TIPO SEMI PESADO, EM AÇO GALVANIZAÇÃO ELETROLÍTICA, ABAS PARA FORA, CONSTITUÍDA DE DUAS LONGARINAS DE PERFIL TIPO ""U"" 19x100mm, RAIO SEGMENTADO.";POLEODUTO OU SIMILAR;"L=600; R=520";pç 
LC-09-A;"LEITO PARA CABOS, TE VERTICAL DE SUBIDA 90', TIPO SEMI PESADO, EM AÇO GALVANIZAÇÃO ELETROLÍTICA, ABAS PARA FORA, CONSTITUÍDA DE DUAS LONGARINAS DE PERFIL TIPO ""U"" 19x100mm, RAIO SEGMENTADO.";POLEODUTO OU SIMILAR;L=200;pç 
LC-09-D;"LEITO PARA CABOS, TE VERTICAL DE SUBIDA 90', TIPO SEMI PESADO, EM AÇO GALVANIZAÇÃO ELETROLÍTICA, ABAS PARA FORA, CONSTITUÍDA DE DUAS LONGARINAS DE PERFIL TIPO ""U"" 19x100mm, RAIO SEGMENTADO.";POLEODUTO OU SIMILAR;L=400;pç 
LC-09-F;"LEITO PARA CABOS, TE VERTICAL DE SUBIDA 90', TIPO SEMI PESADO, EM AÇO GALVANIZAÇÃO ELETROLÍTICA, ABAS PARA FORA, CONSTITUÍDA DE DUAS LONGARINAS DE PERFIL TIPO ""U"" 19x100mm, RAIO SEGMENTADO.";POLEODUTO OU SIMILAR;L=600;pç 
LC-09-I;"LEITO PARA CABOS, TE VERTICAL DE SUBIDA 90', TIPO SEMI PESADO, EM AÇO GALVANIZAÇÃO ELETROLÍTICA, ABAS PARA FORA, CONSTITUÍDA DE DUAS LONGARINAS DE PERFIL TIPO ""U"" 19x100mm, RAIO SEGMENTADO.";POLEODUTO OU SIMILAR;L=800;pç 
LG-09-A;"LEITO PARA CABOS, TERMINAL DE FECHAMENTO, TIPO SEMI PESADO, EM AÇO GALVANIZAÇÃO ELETROLÍTICA, ABAS PARA FORA, CONSTITUÍDA DE DUAS LONGARINAS DE PERFIL TIPO ""U"" 19x100mm.";POLEODUTO OU SIMILAR;L=200;pç 
LG-09-D;"LEITO PARA CABOS, TERMINAL DE FECHAMENTO, TIPO SEMI PESADO, EM AÇO GALVANIZAÇÃO ELETROLÍTICA, ABAS PARA FORA, CONSTITUÍDA DE DUAS LONGARINAS DE PERFIL TIPO ""U"" 19x100mm.";POLEODUTO OU SIMILAR;L=400;pç 
LG-09-F;"LEITO PARA CABOS, TERMINAL DE FECHAMENTO, TIPO SEMI PESADO, EM AÇO GALVANIZAÇÃO ELETROLÍTICA, ABAS PARA FORA, CONSTITUÍDA DE DUAS LONGARINAS DE PERFIL TIPO ""U"" 19x100mm.";POLEODUTO OU SIMILAR;L=600;pç 
LG-09-I;"LEITO PARA CABOS, TERMINAL DE FECHAMENTO, TIPO SEMI PESADO, EM AÇO GALVANIZAÇÃO ELETROLÍTICA, ABAS PARA FORA, CONSTITUÍDA DE DUAS LONGARINAS DE PERFIL TIPO ""U"" 19x100mm.";POLEODUTO OU SIMILAR;L=600;pç 
LM-01-A3;LEITO PARA CABOS, TIPO LEVE-E, FABRICADO EM FIBRA DE VIDRO PELO PROCESSO DE PULTRUSÃO EM RESINA ESTERVINÍLICA AUTO-EXTINGUÍVEL, COM ABAS VOLTADAS PARA DENTRO, FORNECIDO EM PEÇA DE 6 METROS. (LARGURA=L);COGUMELO OU SIMILAR;L=200 mm;pç 
LM-01-C3;LEITO PARA CABOS, TIPO LEVE-E, FABRICADO EM FIBRA DE VIDRO PELO PROCESSO DE PULTRUSÃO EM RESINA ESTERVINÍLICA AUTO-EXTINGUÍVEL, COM ABAS VOLTADAS PARA DENTRO, FORNECIDO EM PEÇA DE 6 METROS. (LARGURA=L);COGUMELO OU SIMILAR;L=300 mm;pç 
LM-01-D3;LEITO PARA CABOS, TIPO LEVE-E, FABRICADO EM FIBRA DE VIDRO PELO PROCESSO DE PULTRUSÃO EM RESINA ESTERVINÍLICA AUTO-EXTINGUÍVEL, COM ABAS VOLTADAS PARA DENTRO, FORNECIDO EM PEÇA DE 6 METROS. (LARGURA=L);COGUMELO OU SIMILAR;L=400 mm;pç 
LM-01-E3;LEITO PARA CABOS, TIPO LEVE-E, FABRICADO EM FIBRA DE VIDRO PELO PROCESSO DE PULTRUSÃO EM RESINA ESTERVINÍLICA AUTO-EXTINGUÍVEL, COM ABAS VOLTADAS PARA DENTRO, FORNECIDO EM PEÇA DE 6 METROS. (LARGURA=L);COGUMELO OU SIMILAR;L=500 mm;pç 
LM-01-F3;LEITO PARA CABOS, TIPO LEVE-E, FABRICADO EM FIBRA DE VIDRO PELO PROCESSO DE PULTRUSÃO EM RESINA ESTERVINÍLICA AUTO-EXTINGUÍVEL, COM ABAS VOLTADAS PARA DENTRO, FORNECIDO EM PEÇA DE 6 METROS. (LARGURA=L);COGUMELO OU SIMILAR;L=600 mm;pç 
LM-01-I3;LEITO PARA CABOS, TIPO LEVE-E, FABRICADO EM FIBRA DE VIDRO PELO PROCESSO DE PULTRUSÃO EM RESINA ESTERVINÍLICA AUTO-EXTINGUÍVEL, COM ABAS VOLTADAS PARA DENTRO, FORNECIDO EM PEÇA DE 6 METROS. (LARGURA=L);COGUMELO OU SIMILAR;L=800 mm;pç 
LR-01-A6;LEITO PARA CABOS, TIPO PESADO, FABRICADO EM FIBRA DE VIDRO PELO PROCESSO DE PULTRUSÃO EM RESINA ESTERVINÍLICA AUTO-EXTINGUÍVEL AUTO-EXTINGUÍVEL, COM ABAS VOLTADAS PARA DENTRO, FORNECIDO EM PEÇA DE 6 METROS. (LARGURA=L);COGUMELO OU SIMILAR;L=200 mm;pç 
LR-01-C6;LEITO PARA CABOS, TIPO PESADO, FABRICADO EM FIBRA DE VIDRO PELO PROCESSO DE PULTRUSÃO EM RESINA ESTERVINÍLICA AUTO-EXTINGUÍVEL AUTO-EXTINGUÍVEL, COM ABAS VOLTADAS PARA DENTRO, FORNECIDO EM PEÇA DE 6 METROS. (LARGURA=L);COGUMELO OU SIMILAR;L=300 mm;pç 
LR-01-D6;LEITO PARA CABOS, TIPO PESADO, FABRICADO EM FIBRA DE VIDRO PELO PROCESSO DE PULTRUSÃO EM RESINA ESTERVINÍLICA AUTO-EXTINGUÍVEL AUTO-EXTINGUÍVEL, COM ABAS VOLTADAS PARA DENTRO, FORNECIDO EM PEÇA DE 6 METROS. (LARGURA=L);COGUMELO OU SIMILAR;L=400 mm;pç 
LR-01-E6;LEITO PARA CABOS, TIPO PESADO, FABRICADO EM FIBRA DE VIDRO PELO PROCESSO DE PULTRUSÃO EM RESINA ESTERVINÍLICA AUTO-EXTINGUÍVEL AUTO-EXTINGUÍVEL, COM ABAS VOLTADAS PARA DENTRO, FORNECIDO EM PEÇA DE 6 METROS. (LARGURA=L);COGUMELO OU SIMILAR;L=500 mm;pç 
LR-01-F6;LEITO PARA CABOS, TIPO PESADO, FABRICADO EM FIBRA DE VIDRO PELO PROCESSO DE PULTRUSÃO EM RESINA ESTERVINÍLICA AUTO-EXTINGUÍVEL AUTO-EXTINGUÍVEL, COM ABAS VOLTADAS PARA DENTRO, FORNECIDO EM PEÇA DE 6 METROS. (LARGURA=L);COGUMELO OU SIMILAR;L=600 mm;pç 
LR-01-I6;LEITO PARA CABOS, TIPO PESADO, FABRICADO EM FIBRA DE VIDRO PELO PROCESSO DE PULTRUSÃO EM RESINA ESTERVINÍLICA AUTO-EXTINGUÍVEL AUTO-EXTINGUÍVEL, COM ABAS VOLTADAS PARA DENTRO, FORNECIDO EM PEÇA DE 6 METROS. (LARGURA=L);COGUMELO OU SIMILAR;L=800 mm;pç 
LA-01-A3;"LEITO PARA CABOS, TRECHO RETO, TIPO PESADO, EM AÇO GALVANIZADO A FOGO, ABAS PARA FORA, CONSTITUIDA DE DUAS LONGARINAS DE PERFIL TIPO ""U"" 19 X 100MM, COM DISTÂNCIA ENTRE TRAVESSAS DE 250mm. LARGURA = 200mm";POLEODUTO OU SIMILAR;L=200;pç 
LA-01-D3;"LEITO PARA CABOS, TRECHO RETO, TIPO PESADO, EM AÇO GALVANIZADO A FOGO, ABAS PARA FORA, CONSTITUIDA DE DUAS LONGARINAS DE PERFIL TIPO ""U"" 19 X 100MM, COM DISTÂNCIA ENTRE TRAVESSAS DE 500mm.";POLEODUTO OU SIMILAR;L=400;pç 
LA-01-F3;"LEITO PARA CABOS, TRECHO RETO, TIPO PESADO, EM AÇO GALVANIZADO A FOGO, ABAS PARA FORA, CONSTITUIDA DE DUAS LONGARINAS DE PERFIL TIPO ""U"" 19 X 100MM, COM DISTÂNCIA ENTRE TRAVESSAS DE 500mm.";POLEODUTO OU SIMILAR;L=600;pç 
LA-01-I3;"LEITO PARA CABOS, TRECHO RETO, TIPO PESADO, EM AÇO GALVANIZADO A FOGO, ABAS PARA FORA, CONSTITUIDA DE DUAS LONGARINAS DE PERFIL TIPO ""U"" 19 X 100MM, COM DISTÂNCIA ENTRE TRAVESSAS DE 500mm.";POLEODUTO OU SIMILAR;L=800;pç 
LE-21-A3;"LEITO PARA CABOS, TRECHO RETO, TIPO SEMI PESADO, EM AÇO GALVANIZADO A FOGO, ABAS PARA FORA, CONSTITUIDA DE DUAS LONGARINAS DE PERFIL TIPO ""U"" 19 X 100MM, COM DISTÂNCIA ENTRE TRAVESSAS DE 250mm.";POLEODUTO OU SIMILAR;L=200;pç 
LE-21-D3;"LEITO PARA CABOS, TRECHO RETO, TIPO SEMI PESADO, EM AÇO GALVANIZADO A FOGO, ABAS PARA FORA, CONSTITUIDA DE DUAS LONGARINAS DE PERFIL TIPO ""U"" 19 X 100MM, COM DISTÂNCIA ENTRE TRAVESSAS DE 250mm.";POLEODUTO OU SIMILAR;L=400;pç 
LE-21-F3;"LEITO PARA CABOS, TRECHO RETO, TIPO SEMI PESADO, EM AÇO GALVANIZADO A FOGO, ABAS PARA FORA, CONSTITUIDA DE DUAS LONGARINAS DE PERFIL TIPO ""U"" 19 X 100MM, COM DISTÂNCIA ENTRE TRAVESSAS DE 250mm. L=600";POLEODUTO OU SIMILAR;L=600;pç 
LE-21-I3;"LEITO PARA CABOS, TRECHO RETO, TIPO SEMI PESADO, EM AÇO GALVANIZADO A FOGO, ABAS PARA FORA, CONSTITUIDA DE DUAS LONGARINAS DE PERFIL TIPO ""U"" 19 X 100MM, COM DISTÂNCIA ENTRE TRAVESSAS DE 250mm.";POLEODUTO OU SIMILAR;L=800;pç 
IK-08-84;"LUMINÁRIA ARANDELA 30º ROSQUEADA 3/4"" BSP, COM ALOJAMENTO PARA IGNITOR/REATOR AFP, 220V, 60Hz INCORPORADOS, PARA LÂMPADA VAPOR DE SÓDIO, CORPO  EM LIGA DE ALUMINIO, GLOBO BOROSILICATO, GRAU DE PROTEÇÃO IP-65, ACABAMENTO CINZA TEXTURIZADO, BASE EM PORCELANA E-27, FORNECIDA COM REFLETOR EM ALUMÍNIO MÉDIO.";NUTSTEEL OU SIMILAR;70W;pç 
IK-08-85;"LUMINÁRIA ARANDELA 30º ROSQUEADA 3/4"" BSP, COM ALOJAMENTO PARA IGNITOR/REATOR AFP, 220V, 60Hz INCORPORADOS, PARA ÂMPADA VAPOR DE SÓDIO, CORPO  EM LIGA DE ALUMINIO, GLOBO BOROSILICATO, GRAU DE PROTEÇÃO IP-65, ACABAMENTO CINZA TEXTURIZADO, BASE EM PORCELANA E-40, FORNECIDA COM REFLETOR EM ALUMÍNIO MÉDIO.";NUTSTEEL OU SIMILAR;150W;pç 
IK-08-86;"LUMINÁRIA ARANDELA 30º ROSQUEADA 3/4"" BSP, COM ALOJAMENTO PARA IGNITOR/REATOR AFP, 220V, 60Hz INCORPORADOS, PARA ÂMPADA VAPOR DE SÓDIO, CORPO  EM LIGA DE ALUMINIO, GLOBO BOROSILICATO, GRAU DE PROTEÇÃO IP-65, ACABAMENTO CINZA TEXTURIZADO, BASE EM PORCELANA E-40, FORNECIDA COM REFLETOR EM ALUMÍNIO MÉDIO.";NUTSTEEL OU SIMILAR;250W;pç 
IK-02-01;"LUMINARIA DE SOBREPOR EM TETO OU PAREDE, A PROVA DE T.G.V.P., CORPO E GRADE DE PROTEÇÃO EM LIGA DE ALUMINIO FUNDIDO, GLOBO RESISTENTE A CHOQUES TERMICOS FIXADO A GRADE DE PROTEÇÃO IP-65, BASE E-27, 1 ENTRADA ROSQUEADA 3/4"" BSP, PARA 1 LÂMPADA COMPACTA.";BLINDA OU SIMILAR;18/25W;pç 
IH-26-80;LUMINÁRIA PARA 02 LÂMPADAS FLUORESCENTE 2 x 16W, PARA INSTALAÇÃO PENDENTE, CORPO EM CHAPA DE AÇO, PINTURA EM ESMALTE SINTÉTICO COR BRANCA EXTERNO E REFLETOR EM ALUMÍNIO ANODIZADO DE ALTO BRILHO NA PARTE REFLETORA, FORNECIDA COM 1 REATOR AFP-PR, 220V-60Hz.;PHILIPS OU SIMILAR;2x16W;pç 
IH-26-81;LUMINÁRIA PARA 02 LÂMPADAS FLUORESCENTE 2 x 32W, PARA INSTALAÇÃO PENDENTE, CORPO EM CHAPA DE AÇO, PINTURA EM ESMALTE SINTÉTICO COR BRANCA EXTERNO E REFLETOR EM ALUMÍNIO ANODIZADO DE ALTO BRILHO NA PARTE REFLETORA, FORNECIDA COM 1 REATOR AFP-PR, 220V-60Hz.;PHILIPS OU SIMILAR;2x32W;pç 
IH-26-82;LUMINÁRIA PARA 04 LÂMPADAS FLUORESCENTE 4 x 32W, PARA INSTALAÇÃO PENDENTE, CORPO EM CHAPA DE AÇO, PINTURA EM ESMALTE SINTÉTICO COR BRANCA EXTERNO E REFLETOR EM ALUMÍNIO ANODIZADO DE ALTO BRILHO NA PARTE REFLETORA, FORNECIDA COM 1 REATOR AFP-PR, 220V-60Hz.;PHILIPS OU SIMILAR;4x32W;pç 
IH-26-83;LUMINÁRIA PARA 02 LÂMPADAS FLUORESCENTE 2 x 16W, PARA INSTALAÇÃO EMBUTIDA NO FORRO, CORPO EM CHAPA DE AÇO, PINTURA EM ESMALTE SINTÉTICO COR BRANCA EXTERNO E REFLETOR EM ALUMÍNIO ANODIZADO DE ALTO BRILHO NA PARTE REFLETORA, FORNECIDA COM 1 REATOR AFP-PR, 220V-60Hz.;PHILIPS OU SIMILAR;2x16W;pç 
IH-26-84;LUMINÁRIA PARA 02 LÂMPADAS FLUORESCENTE 2 x 32W, PARA INSTALAÇÃO EMBUTIDA NO FORRO, CORPO EM CHAPA DE AÇO, PINTURA EM ESMALTE SINTÉTICO COR BRANCA EXTERNO E REFLETOR EM ALUMÍNIO ANODIZADO DE ALTO BRILHO NA PARTE REFLETORA, FORNECIDA COM 1 REATOR AFP-PR, 220V-60Hz.;PHILIPS OU SIMILAR;2x32W;pç 
IE-13-81;"LUMINARIA PARA 02 LÂMPADAS FLUORESCENTE 32W, FABRICADA FIBRA VIDRO POLIESTER, DIFUSOR POLICARBONATO TRANSPARENTE COM FECHOS AÇO INOX AISI 304 E JUNTA DE NEOPRENE, GRAU DE PROTEÇÃO IP-65, ENTRADA PARA FIAÇÃO COM PRENSA CABO;  FORNECIDA COM  REATOR PARTIDA RAPIDA 220V-60Hz-AFP.";TECNOWATT OU SIMILAR;2 x 32 W;pç 
IH-26-85;LUMINÁRIA PARA 04 LÂMPADAS FLUORESCENTE 4 x 32W, PARA INSTALAÇÃO EMBUTIDA NO FORRO, CORPO EM CHAPA DE AÇO, PINTURA EM ESMALTE SINTÉTICO COR BRANCA EXTERNO E REFLETOR EM ALUMÍNIO ANODIZADO DE ALTO BRILHO NA PARTE REFLETORA, FORNECIDA COM 1 REATOR AFP-PR, 220V-60Hz.;PHILIPS OU SIMILAR;4x32W;pç 
IA-01-81;LUMINARIA PARA ILUMINAÇÃO PÚBLICA, TOTALMENTE FECHADA, PARA LÂMPADA BASE E-40, CORPO E REFLLETOR ESTAMPADO EM CHAPA DE  ALUMÍNIO, GRAU DE PROTEÇÃO IP-65, PESCOÇO EM LIGA DE ALUMÍNIO FUNDIDO COM ENTRADA PARA TUBO DE DIÂMETRO 60,3mm, REFRATOR PRISMATICO, EM VIDRO TEMPERADO, FECHO DE AÇO INOX AISI 304.;TECNOWATT OU SIMILAR;250/400W;pç 
IK-08-91;"LUMINÁRIA PARA INSTALAÇÃO PENDENTE, CORPO REFLETOR EM ALUMÍNIO REPUCHADO, VIDRO PLANO TEMPERADO, COM ALOJAMENTO PARA IGNITOR/REATOR AFP, 220V, 60Hz INCORPORADOS, PARA LÃMPADA VAPOR DE SÓDIO, CONEXÃO A REDE DE ELETRODUTO POR MEIO DE ROSCA INTERNA BSP 3/4"", GRAU DE PROTEÇÃO IP-54, ACABAMENTO: CORPO  REFLETOR EM ALUMINIO E CAIXA DE EQUIPAMENTOS  PINTURA NA COR CINZA, BASE EM PORCELANA E-40.";TECNOWATT OU SIMILAR;150W;pç 
IK-08-92;"LUMINÁRIA PARA INSTALAÇÃO PENDENTE, CORPO REFLETOR EM ALUMÍNIO REPUCHADO, VIDRO PLANO TEMPERADO, COM ALOJAMENTO PARA IGNITOR/REATOR AFP, 220V, 60Hz INCORPORADOS, PARA LÃMPADA VAPOR DE SÓDIO, CONEXÃO A REDE DE ELETRODUTO POR MEIO DE ROSCA INTERNA BSP 3/4"", GRAU DE PROTEÇÃO IP-54, ACABAMENTO: CORPO  REFLETOR EM ALUMINIO E CAIXA DE EQUIPAMENTOS  PINTURA NA COR CINZA, BASE EM PORCELANA E-40.";TECNOWATT OU SIMILAR;250W;pç 
IK-08-93;"LUMINÁRIA PARA INSTALAÇÃO PENDENTE, CORPO REFLETOR EM ALUMÍNIO REPUCHADO, VIDRO PLANO TEMPERADO, COM ALOJAMENTO PARA IGNITOR/REATOR AFP, 220V, 60Hz INCORPORADOS, PARA LÃMPADA VAPOR DE SÓDIO, CONEXÃO A REDE DE ELETRODUTO POR MEIO DE ROSCA INTERNA BSP 3/4"", GRAU DE PROTEÇÃO IP-54, ACABAMENTO: CORPO  REFLETOR EM ALUMINIO E CAIXA DE EQUIPAMENTOS  PINTURA NA COR CINZA, BASE EM PORCELANA E-40.";TECNOWATT OU SIMILAR;400W;pç 
IA-01-80;LUMINARIA PARA LUMINAÇÃO PÚBLICA TIPO PETALA, TOTALMENTE FECHADA, PARA LÂMPADA VAPOR DE SÓDIO, CORPO EM ALUMÍNIO INJETADO, DIFUSOR DE VIDRO TEMPERADO PLANO , REFLETOR EM ALUMÍNIO ANODIZADO, COM  ENTRADA PARA TUBO DE DIÂMETRO 48 A 60,3mm, ACABAMENTO EM PINTURA ELETROSTÁTICA NA COR CINZA, GRAU DE PROTEÇÃO IP-65, SOQUETE DE PORCELANA COM ROSCA E-40, COM EQUIPAMENTOS AUXILIARES INCORPORADOS.;TECNOWATT OU SIMILAR;250W;pç 
IA-01-82;LUMINARIA PARA LUMINAÇÃO PÚBLICA TIPO PETALA, TOTALMENTE FECHADA, PARA LÂMPADA VAPOR DE SÓDIO, CORPO EM ALUMÍNIO INJETADO, DIFUSOR DE VIDRO TEMPERADO PLANO , REFLETOR EM ALUMÍNIO ANODIZADO, COM  ENTRADA PARA TUBO DE DIÂMETRO 48 A 60,3mm, ACABAMENTO EM PINTURA ELETROSTÁTICA NA COR CINZA, GRAU DE PROTEÇÃO IP-65, SOQUETE DE PORCELANA COM ROSCA E-40, COM EQUIPAMENTOS AUXILIARES INCORPORADOS.;TECNOWATT OU SIMILAR;400W;pç 
IA-01-83;LUMINARIA PARA LUMINAÇÃO PÚBLICA TIPO PETALA, TOTALMENTE FECHADA, PARA LÂMPADA VAPOR METÁLICO, CORPO EM ALUMÍNIO INJETADO, DIFUSOR DE VIDRO TEMPERADO PLANO , REFLETOR EM ALUMÍNIO ANODIZADO, COM  ENTRADA PARA TUBO DE DIÂMETRO 48 A 60,3mm, ACABAMENTO EM PINTURA ELETROSTÁTICA NA COR CINZA, GRAU DE PROTEÇÃO IP-65, SOQUETE DE PORCELANA COM ROSCA E-40, COM EQUIPAMENTOS AUXILIARES INCORPORADOS.;TECNOWATT OU SIMILAR;250W;pç 
IA-01-84;LUMINARIA PARA LUMINAÇÃO PÚBLICA TIPO PETALA, TOTALMENTE FECHADA, PARA LÂMPADA VAPOR METÁLICO, CORPO EM ALUMÍNIO INJETADO, DIFUSOR DE VIDRO TEMPERADO PLANO , REFLETOR EM ALUMÍNIO ANODIZADO, COM  ENTRADA PARA TUBO DE DIÂMETRO 48 A 60,3mm, ACABAMENTO EM PINTURA ELETROSTÁTICA NA COR CINZA, GRAU DE PROTEÇÃO IP-65, SOQUETE DE PORCELANA COM ROSCA E-40, COM EQUIPAMENTOS AUXILIARES INCORPORADOS.;TECNOWATT OU SIMILAR;400W;pç 
IK-08-88;"LUMINÁRIA PENDENTE ROSQUEADA 3/4"" BSP, COM ALOJAMENTO E IGNITOR/REATOR AFP, 220V, 60Hz INCORPORADOS, PARA LÂMPADA VAPOR DE SÓDIO, CORPO  EM LIGA DE ALUMINIO, GLOBO BOROSILICATO, GRAU DE PROTEÇÃO IP-65, ACABAMENTO CINZA TEXTURIZADO, BASE EM PORCELANA E-27, FORNECIDA COM REFLETOR EM ALUMÍNIO MÉDIO.";NUTSTEEL OU SIMILAR;70W;pç 
IK-08-89;"LUMINÁRIA PENDENTE ROSQUEADA 3/4"" BSP, COM ALOJAMENTO E IGNITOR/REATOR AFP, 220V, 60Hz INCORPORADOS, PARA LÂMPADA VAPOR DE SÓDIO, CORPO  EM LIGA DE ALUMINIO, GLOBO BOROSILICATO, GRAU DE PROTEÇÃO IP-65, ACABAMENTO CINZA TEXTURIZADO, BASE EM PORCELANA E-40, FORNECIDA COM REFLETOR EM ALUMÍNIO MÉDIO.";NUTSTEEL OU SIMILAR;150W;pç 
IK-08-90;"LUMINÁRIA PENDENTE ROSQUEADA 3/4"" BSP, COM ALOJAMENTO E IGNITOR/REATOR AFP, 220V, 60Hz INCORPORADOS, PARA LÂMPADA VAPOR DE SÓDIO, CORPO  EM LIGA DE ALUMINIO, GLOBO BOROSILICATO, GRAU DE PROTEÇÃO IP-65, ACABAMENTO CINZA TEXTURIZADO, BASE EM PORCELANA E-40, FORNECIDA COM REFLETOR EM ALUMÍNIO MÉDIO.";NUTSTEEL OU SIMILAR;250W;pç 
IK-07-90;"LUMINARIA PLAFONIER A PROVA T.G.V.P., CORPO E GRADE DE PROTEÇÃO EM LIGA DE ALUMINIO FUNDIDO, GLOBO VIDRO BORO-SILICATO, ACABAMENTO NA COR CINZA MARTELADO, BASE E-27,ENTRADAS ROSQUEADAS 3/4"" BSP, FORNECIDA COM REFLETOR EM ALUMÍNIO MÉDIO.";NUTSTEEL OU SIMILAR;;pç 
LP-09-AC;LUVA DE ACABAMENTO, TIPO LEVE-E, FABRICADA EM FIBRA DE VIDRO PELO PROCESSO DE PULTRUSÃO EM RESINA ESTERVINÍLICA AUTO-EXTINGUÍVEL.;COGUMELO OU SIMILAR;"LARG=200 mm
ALT=100mm";pç 
LP-09-DC;LUVA DE ACABAMENTO, TIPO LEVE-E, FABRICADA EM FIBRA DE VIDRO PELO PROCESSO DE PULTRUSÃO EM RESINA ESTERVINÍLICA AUTO-EXTINGUÍVEL.;COGUMELO OU SIMILAR;"LARG=200 mm
ALT=100mm";pç 
HB-01-21;LUVA DE REDUÇÃO FABRICADA EM FERRO FUNDIDO GALVANIZAÇÃO ELETROLÍTICA, COM ROSCAS INTERNAS.;NUTSTEEL OU SIMILAR;"3/4""x1/2"" BSP";pç 
HB-01-31;LUVA DE REDUÇÃO FABRICADA EM FERRO FUNDIDO GALVANIZAÇÃO ELETROLÍTICA, COM ROSCAS INTERNAS.;NUTSTEEL OU SIMILAR;"1"" x 1/2"" BSP";pç 
HB-01-32;LUVA DE REDUÇÃO FABRICADA EM FERRO FUNDIDO GALVANIZAÇÃO ELETROLÍTICA, COM ROSCAS INTERNAS.;NUTSTEEL OU SIMILAR;"1"" x 3/4"" BSP";pç 
HB-01-51;LUVA DE REDUÇÃO FABRICADA EM FERRO FUNDIDO GALVANIZAÇÃO ELETROLÍTICA, COM ROSCAS INTERNAS.;NUTSTEEL OU SIMILAR;"1 1/2"" x 1/2"" BSP";pç 
HB-01-52;LUVA DE REDUÇÃO FABRICADA EM FERRO FUNDIDO GALVANIZAÇÃO ELETROLÍTICA, COM ROSCAS INTERNAS.;NUTSTEEL OU SIMILAR;"1 1/2"" x 3/4"" BSP";pç 
HB-01-53;LUVA DE REDUÇÃO FABRICADA EM FERRO FUNDIDO GALVANIZAÇÃO ELETROLÍTICA, COM ROSCAS INTERNAS.;NUTSTEEL OU SIMILAR;"1 1/2"" x 1"" BSP";pç 
HB-01-62;LUVA DE REDUÇÃO FABRICADA EM FERRO FUNDIDO GALVANIZAÇÃO ELETROLÍTICA, COM ROSCAS INTERNAS.;NUTSTEEL OU SIMILAR;"2"" x 3/4"" BSP";pç 
HB-01-63;LUVA DE REDUÇÃO FABRICADA EM FERRO FUNDIDO GALVANIZAÇÃO ELETROLÍTICA, COM ROSCAS INTERNAS.;NUTSTEEL OU SIMILAR;"2"" x 1"" BSP";pç 
HB-01-65;LUVA DE REDUÇÃO FABRICADA EM FERRO FUNDIDO GALVANIZAÇÃO ELETROLÍTICA, COM ROSCAS INTERNAS.;NUTSTEEL OU SIMILAR;"2"" x 1 1/2"" BSP";pç 
HB-01-73;LUVA DE REDUÇÃO FABRICADA EM FERRO FUNDIDO GALVANIZAÇÃO ELETROLÍTICA, COM ROSCAS INTERNAS.;NUTSTEEL OU SIMILAR;"2 1/2"" x 1"" BSP";pç 
HB-01-75;LUVA DE REDUÇÃO FABRICADA EM FERRO FUNDIDO GALVANIZAÇÃO ELETROLÍTICA, COM ROSCAS INTERNAS.;NUTSTEEL OU SIMILAR;"2 1/2"" x 1 1/2"" BSP";pç 
HB-01-76;LUVA DE REDUÇÃO FABRICADA EM FERRO FUNDIDO GALVANIZAÇÃO ELETROLÍTICA, COM ROSCAS INTERNAS.;NUTSTEEL OU SIMILAR;"2 1/2"" x 2"" BSP";pç 
HB-01-85;LUVA DE REDUÇÃO FABRICADA EM FERRO FUNDIDO GALVANIZAÇÃO ELETROLÍTICA, COM ROSCAS INTERNAS.;NUTSTEEL OU SIMILAR;"3"" x 1 1/2"" BSP";pç 
HB-01-86;LUVA DE REDUÇÃO FABRICADA EM FERRO FUNDIDO GALVANIZAÇÃO ELETROLÍTICA, COM ROSCAS INTERNAS.;NUTSTEEL OU SIMILAR;"3"" x 2"" BSP";pç 
HB-01-87;LUVA DE REDUÇÃO FABRICADA EM FERRO FUNDIDO GALVANIZAÇÃO ELETROLÍTICA, COM ROSCAS INTERNAS.;NUTSTEEL OU SIMILAR;"3"" x 2 1/2"" BSP";pç 
HB-01-96;LUVA DE REDUÇÃO FABRICADA EM FERRO FUNDIDO GALVANIZAÇÃO ELETROLÍTICA, COM ROSCAS INTERNAS.;NUTSTEEL OU SIMILAR;"4""x2"" BSP";pç 
HB-01-97;LUVA DE REDUÇÃO FABRICADA EM FERRO FUNDIDO GALVANIZAÇÃO ELETROLÍTICA, COM ROSCAS INTERNAS.;NUTSTEEL OU SIMILAR;"4""x2 1/2"" BSP";pç 
HB-01-98;LUVA DE REDUÇÃO FABRICADA EM FERRO FUNDIDO GALVANIZAÇÃO ELETROLÍTICA, COM ROSCAS INTERNAS.;NUTSTEEL OU SIMILAR;"4""x3"" BSP";pç 
HB-21-21;LUVA DE REDUÇÃO FABRICADA EM FERRO FUNDIDO GALVANIZADO A FOGO, COM ROSCAS INTERNAS.;NUTSTEEL OU SIMILAR;"3/4""x1/2"" BSP";pç 
HB-21-32;LUVA DE REDUÇÃO FABRICADA EM FERRO FUNDIDO GALVANIZADO A FOGO, COM ROSCAS INTERNAS.;NUTSTEEL OU SIMILAR;"1"" x 3/4"" BSP";pç 
HB-21-52;LUVA DE REDUÇÃO FABRICADA EM FERRO FUNDIDO GALVANIZADO A FOGO, COM ROSCAS INTERNAS.;NUTSTEEL OU SIMILAR;"1 1/2"" x 3/4"" BSP";pç 
HB-21-53;LUVA DE REDUÇÃO FABRICADA EM FERRO FUNDIDO GALVANIZADO A FOGO, COM ROSCAS INTERNAS.;NUTSTEEL OU SIMILAR;"1 1/2"" x 1"" BSP";pç 
HB-21-63;LUVA DE REDUÇÃO FABRICADA EM FERRO FUNDIDO GALVANIZADO A FOGO, COM ROSCAS INTERNAS.;NUTSTEEL OU SIMILAR;"2"" x 1"" BSP";pç 
HB-21-65;LUVA DE REDUÇÃO FABRICADA EM FERRO FUNDIDO GALVANIZADO A FOGO, COM ROSCAS INTERNAS.;NUTSTEEL OU SIMILAR;"2"" x 1 1/2"" BSP";pç 
HB-21-73;LUVA DE REDUÇÃO FABRICADA EM FERRO FUNDIDO GALVANIZADO A FOGO, COM ROSCAS INTERNAS.;NUTSTEEL OU SIMILAR;"2 1/2"" x 1"" BSP";pç 
HB-21-75;LUVA DE REDUÇÃO FABRICADA EM FERRO FUNDIDO GALVANIZADO A FOGO, COM ROSCAS INTERNAS.;NUTSTEEL OU SIMILAR;"2 1/2"" x 1 1/2"" BSP";pç 
HB-21-85;LUVA DE REDUÇÃO FABRICADA EM FERRO FUNDIDO GALVANIZADO A FOGO, COM ROSCAS INTERNAS.;NUTSTEEL OU SIMILAR;"3"" x 1 1/2"" BSP";pç 
HB-21-86;LUVA DE REDUÇÃO FABRICADA EM FERRO FUNDIDO GALVANIZADO A FOGO, COM ROSCAS INTERNAS.;NUTSTEEL OU SIMILAR;"3"" x 2"" BSP";pç 
HB-21-96;LUVA DE REDUÇÃO FABRICADA EM FERRO FUNDIDO GALVANIZADO A FOGO, COM ROSCAS INTERNAS.;NUTSTEEL OU SIMILAR;"4""x2"" BSP";pç 
HB-21-97;LUVA DE REDUÇÃO FABRICADA EM FERRO FUNDIDO GALVANIZADO A FOGO, COM ROSCAS INTERNAS.;NUTSTEEL OU SIMILAR;"4""x2 1/2"" BSP";pç 
HB-21-98;LUVA DE REDUÇÃO FABRICADA EM FERRO FUNDIDO GALVANIZADO A FOGO, COM ROSCAS INTERNAS.;NUTSTEEL OU SIMILAR;"4""x3"" BSP";pç 
EB-11-02;LUVA PARA ELETRODUTO DE AÇO GALVANIZADO A FRIO, COM ROSCAS INTERNAS, NORMA DIN 2440.;NUTSTEEL OU SIMILAR;"3/4"" BSP";pç 
EB-11-03;LUVA PARA ELETRODUTO DE AÇO GALVANIZADO A FRIO, COM ROSCAS INTERNAS, NORMA DIN 2440.;NUTSTEEL OU SIMILAR;"1"" BSP";pç 
EB-11-05;LUVA PARA ELETRODUTO DE AÇO GALVANIZADO A FRIO, COM ROSCAS INTERNAS, NORMA DIN 2440.;NUTSTEEL OU SIMILAR;"1 1/2"" BSP";pç 
EB-11-06;LUVA PARA ELETRODUTO DE AÇO GALVANIZADO A FRIO, COM ROSCAS INTERNAS, NORMA DIN 2440.;NUTSTEEL OU SIMILAR;"2"" BSP";pç 
EB-11-07;LUVA PARA ELETRODUTO DE AÇO GALVANIZADO A FRIO, COM ROSCAS INTERNAS, NORMA DIN 2440.;NUTSTEEL OU SIMILAR;"2 1/2"" BSP";pç 
EB-11-08;LUVA PARA ELETRODUTO DE AÇO GALVANIZADO A FRIO, COM ROSCAS INTERNAS, NORMA DIN 2440.;NUTSTEEL OU SIMILAR;"3"" BSP";pç 
EB-11-09;LUVA PARA ELETRODUTO DE AÇO GALVANIZADO A FRIO, COM ROSCAS INTERNAS, NORMA DIN 2440.;NUTSTEEL OU SIMILAR;"4"" BSP";pç 
EB-41-01;LUVA PARA ELETRODUTO FABRICADA EM FERRO FUNDIDO GALVANIZADO  A FOGO, COM ROSCAS INTERNAS.;NUTSTEEL OU SIMILAR;"1/2"" BSP";pç 
EB-41-02;LUVA PARA ELETRODUTO FABRICADA EM FERRO FUNDIDO GALVANIZADO  A FOGO, COM ROSCAS INTERNAS.;NUTSTEEL OU SIMILAR;"3/4"" BSP";pç 
EB-41-03;LUVA PARA ELETRODUTO FABRICADA EM FERRO FUNDIDO GALVANIZADO  A FOGO, COM ROSCAS INTERNAS.;NUTSTEEL OU SIMILAR;"1"" BSP";pç 
EB-41-05;LUVA PARA ELETRODUTO FABRICADA EM FERRO FUNDIDO GALVANIZADO  A FOGO, COM ROSCAS INTERNAS.;NUTSTEEL OU SIMILAR;"1 1/2"" BSP";pç 
EB-41-06;LUVA PARA ELETRODUTO FABRICADA EM FERRO FUNDIDO GALVANIZADO  A FOGO, COM ROSCAS INTERNAS.;NUTSTEEL OU SIMILAR;"2"" BSP";pç 
EB-41-07;LUVA PARA ELETRODUTO FABRICADA EM FERRO FUNDIDO GALVANIZADO  A FOGO, COM ROSCAS INTERNAS.;NUTSTEEL OU SIMILAR;"2 1/2"" BSP";pç 
EB-41-08;LUVA PARA ELETRODUTO FABRICADA EM FERRO FUNDIDO GALVANIZADO  A FOGO, COM ROSCAS INTERNAS.;NUTSTEEL OU SIMILAR;"3"" BSP";pç 
EB-41-09;LUVA PARA ELETRODUTO FABRICADA EM FERRO FUNDIDO GALVANIZADO  A FOGO, COM ROSCAS INTERNAS.;NUTSTEEL OU SIMILAR;"4"" BSP";pç 
EB-11-01;LUVA PARA ELETRODUTO FABRICADA EM FERRO FUNDIDO GALVANIZAGALVANIZAÇÃO ELETROLÍTICA, COM ROSCAS INTERNAS.;NUTSTEEL OU SIMILAR;"1/2"" BSP";pç 
DB-06-50;LUVA A COMPRESSÃO PARA EMENDA DE CABO DE COBRE, FABRICADO EM COBRE ELETROLÍTICO ESTANHADO.;BURNDY OU SIMILAR;2,5mm2;pç 
DB-06-51;LUVA A COMPRESSÃO PARA EMENDA DE CABO DE COBRE, FABRICADO EM COBRE ELETROLÍTICO ESTANHADO.;BURNDY OU SIMILAR;4mm2;pç 
DB-06-52;LUVA A COMPRESSÃO PARA EMENDA DE CABO DE COBRE, FABRICADO EM COBRE ELETROLÍTICO ESTANHADO.;BURNDY OU SIMILAR;6mm2;pç 
DB-06-53;LUVA A COMPRESSÃO PARA EMENDA DE CABO DE COBRE, FABRICADO EM COBRE ELETROLÍTICO ESTANHADO.;BURNDY OU SIMILAR;10mm2;pç 
DB-06-54;LUVA A COMPRESSÃO PARA EMENDA DE CABO DE COBRE, FABRICADO EM COBRE ELETROLÍTICO ESTANHADO.;BURNDY OU SIMILAR;16mm2;pç 
DB-06-55;LUVA A COMPRESSÃO PARA EMENDA DE CABO DE COBRE, FABRICADO EM COBRE ELETROLÍTICO ESTANHADO.;BURNDY OU SIMILAR;25mm2;pç 
DB-06-56;LUVA A COMPRESSÃO PARA EMENDA DE CABO DE COBRE, FABRICADO EM COBRE ELETROLÍTICO ESTANHADO.;BURNDY OU SIMILAR;35mm2;pç 
DB-06-57;LUVA A COMPRESSÃO PARA EMENDA DE CABO DE COBRE, FABRICADO EM COBRE ELETROLÍTICO ESTANHADO.;BURNDY OU SIMILAR;50mm2;pç 
DB-06-58;LUVA A COMPRESSÃO PARA EMENDA DE CABO DE COBRE, FABRICADO EM COBRE ELETROLÍTICO ESTANHADO.;BURNDY OU SIMILAR;70mm2;pç 
DB-06-59;LUVA A COMPRESSÃO PARA EMENDA DE CABO DE COBRE, FABRICADO EM COBRE ELETROLÍTICO ESTANHADO.;BURNDY OU SIMILAR;95mm2;pç 
DB-06-60;LUVA A COMPRESSÃO PARA EMENDA DE CABO DE COBRE, FABRICADO EM COBRE ELETROLÍTICO ESTANHADO.;BURNDY OU SIMILAR;120mm2;pç 
DB-06-61;LUVA A COMPRESSÃO PARA EMENDA DE CABO DE COBRE, FABRICADO EM COBRE ELETROLÍTICO ESTANHADO.;BURNDY OU SIMILAR;240mm2;pç 
AO-01-A5;MALHA DE REFERÊNCIA FECHADA, FABRICADA DE FIOS DE COBRE NU,  DISTANCIADOS A CADA 30cm.;CADWELD OU SIMILAR;"BITOLA:10mm2
DIMENSÕES: 3x10 METROS";pç 
AO-01-A6;MALHA DE REFERÊNCIA FECHADA, FABRICADA DE FIOS DE COBRE NU,  DISTANCIADOS A CADA 30cm.;CADWELD OU SIMILAR;"BITOLA:16mm2
DIMENSÕES: 3x10 METROS";pç 
EH-05-06;MANGUEIRA ESPIRALADA, FABRICADA EM PVC, NA COR VERDE.;KANAFLEX OU SIMILAR;"2""";m 
RC-01-51;MANILHA, FABRICADA EM AÇO FORJADO GALVANIZADO A QUENTE.;FORJASUL OU SIMILAR;RAIO=20mm;pç 
QE-01-C;MÃO FRANCESA SIMPLES, EM AÇO GALVANIZAÇÃO ELETROLÍTICA;POLEODUTO OU SIMILAR;L=300;pç 
RC-04-52;MÃO FRANCESA CHATA EM AÇO FORJADO GALVANIZADO A QUENTE;FORJASUL OU SIMILAR;726mm;pç 
RC-04-53;MÃO FRANCESA CHATA EM AÇO FORJADO GALVANIZADO A QUENTE;FORJASUL OU SIMILAR;710 mm;pç 
RC-04-54;MÃO FRANCESA CHATA EM AÇO FORJADO GALVANIZADO A QUENTE;FORJASUL OU SIMILAR;713 mm;pç 
RC-04-55;MÃO FRANCESA CHATA EM AÇO FORJADO GALVANIZADO A QUENTE;FORJASUL OU SIMILAR;1053mm;pç 
RC-04-51;MÃO FRANCESA,  FABRICADA EM  LIGA DE ALUMÍNIO DE ALTA RESISTÊNCIA MECÂNICA.;FORJASUL OU SIMILAR;619mm;pç 
AM-03-53;"MASTRO SIMPLES, EM TUBO DE AÇO GALVANIZADO, COM ROSCA INTERNA DIÂMETRO 3/4"" BSP.";TERMOTÉCNICA OU SIMILAR;"H=3 m ;1.1/2""";pç 
AM-03-54;"MASTRO SIMPLES, EM TUBO DE AÇO GALVANIZADO, COM ROSCA INTERNA DIÂMETRO 3/4"" BSP.";TERMOTÉCNICA OU SIMILAR;"H=4 m ;1.1/2""";pç 
AM-03-55;"MASTRO SIMPLES, EM TUBO DE AÇO GALVANIZADO, COM ROSCA INTERNA DIÂMETRO 3/4"" BSP.";TERMOTÉCNICA OU SIMILAR;"H=5 m ;1.1/2""";pç 
AM-03-56;"MASTRO SIMPLES, EM TUBO DE AÇO GALVANIZADO, COM ROSCA INTERNA DIÂMETRO 3/4"" BSP.";TERMOTÉCNICA OU SIMILAR;"H=6 m ;1.1/2""";pç 
NA-07-32;MATA JUNTA, PARA RODAPÉ FALSO COM TAMPA DE ENCAIXE, 120x30mm TRIPLO;VALEMAM OU SIMILAR;;pç 
DJ-01-27;MINI-DISJUNTOR TERMOMAGNÉTICO BIPOLAR, EM CAIXA MOLDADA, PARA MONTAGEM EM TRILHO, CAPACIDADE DE RUPTURA 5kA EM 220V, TENSÃO NOMINAL DE OPERAÇÃO 220V, TENSÃO NOMINAL DE ISOLAMENTO 600V.;GE OU SIMILAR;2P - 30A;pç 
DJ-01-26;MINI-DISJUNTOR TERMOMAGNÉTICO MONOPOLAR, EM CAIXA MOLDADA, PARA MONTAGEM EM TRILHO, CAPACIDADE DE RUPTURA 5kA EM 220V, TENSÃO NOMINAL DE OPERAÇÃO 220V, CLASSE  DE ISOLAMENTO 600V.;GE OU SIMILAR;1P - 2A;pç 
DJ-01-29;MINI-DISJUNTOR TERMOMAGNÉTICO TRIPOLAR, EM CAIXA MOLDADA, PARA MONTAGEM EM TRILHO,  CAPACIDADE DE RUPTURA 5kA EM 220V, TENSÃO NOMINAL DE OPERAÇÃO 220V, TENSÃO NOMINAL DE ISOLAMENTO 600V.;GE OU SIMILAR;3P - 120A;pç 
DJ-01-28;MINI-DISJUNTOR TERMOMAGNÉTICO TRIPOLAR, EM CAIXA MOLDADA, PARA MONTAGEM EM TRILHO, CAPACIDADE DE RUPTURA 5kA EM 220V, TENSÃO NOMINAL DE OPERAÇÃO 220V, TENSÃO NOMINAL DE ISOLAMENTO 600V.;GE OU SIMILAR;2P - 60A;pç 
AD-07-21;MOLDE PARA CONEXÃO EXOTERMICA ENTRE CABO DE COBRE NU, TIPO CABO A MALHA, NA HORIZONTAL;CADWELD OU SIMILAR;16 mm2;pç 
AD-07-22;MOLDE PARA CONEXÃO EXOTERMICA ENTRE CABO DE COBRE NU, TIPO CABO A MALHA, NA HORIZONTAL;CADWELD OU SIMILAR;25 mm2;pç 
AE-01-A6;MOLDE PARA CONEXÃO EXOTERMICA, DE CABOS DE COBRE TIPO CABO A SUPERFICIE - CABO HORIZONTAL ENCOSTADO A SUPERFICIE DE AÇO HORIZONTAL.;CADWELD OU SIMILAR;16 mm2;pç 
AE-01-A7;MOLDE PARA CONEXÃO EXOTERMICA, DE CABOS DE COBRE TIPO CABO A SUPERFICIE - CABO HORIZONTAL ENCOSTADO A SUPERFICIE DE AÇO HORIZONTAL.;CADWELD OU SIMILAR;25 mm2;pç 
AE-01-B1;MOLDE PARA CONEXÃO EXOTERMICA, DE CABOS DE COBRE TIPO CABO A SUPERFICIE - CABO HORIZONTAL ENCOSTADO A SUPERFICIE DE AÇO HORIZONTAL.;CADWELD OU SIMILAR;35 mm2;pç 
AE-01-B2;MOLDE PARA CONEXÃO EXOTERMICA, DE CABOS DE COBRE TIPO CABO A SUPERFICIE - CABO HORIZONTAL ENCOSTADO A SUPERFICIE DE AÇO HORIZONTAL.;CADWELD OU SIMILAR;50 mm2;pç 
AE-01-B3;MOLDE PARA CONEXÃO EXOTERMICA, DE CABOS DE COBRE TIPO CABO A SUPERFICIE - CABO HORIZONTAL ENCOSTADO A SUPERFICIE DE AÇO HORIZONTAL.;CADWELD OU SIMILAR;70 mm2;pç 
AE-01-B4;MOLDE PARA CONEXÃO EXOTERMICA, DE CABOS DE COBRE TIPO CABO A SUPERFICIE - CABO HORIZONTAL ENCOSTADO A SUPERFICIE DE AÇO HORIZONTAL.;CADWELD OU SIMILAR;95 mm2;pç 
AE-09-A7;MOLDE PARA CONEXÃO EXOTERMICA, DE CABOS DE COBRE TIPO CABO A SUPERFICIE DE AÇO - CABO EM DERIVAÇÃO PARA BAIXO, SOBRE SUPERFICIE DE AÇO PLANA OU TUBULAÇÃO VERTICAL.;CADWELD OU SIMILAR;25 mm2;pç 
AE-09-A8;MOLDE PARA CONEXÃO EXOTERMICA, DE CABOS DE COBRE TIPO CABO A SUPERFICIE DE AÇO - CABO EM DERIVAÇÃO PARA BAIXO, SOBRE SUPERFICIE DE AÇO PLANA OU TUBULAÇÃO VERTICAL.;CADWELD OU SIMILAR;35 mm2;pç 
AE-09-B1;MOLDE PARA CONEXÃO EXOTERMICA, DE CABOS DE COBRE TIPO CABO A SUPERFICIE DE AÇO - CABO EM DERIVAÇÃO PARA BAIXO, SOBRE SUPERFICIE DE AÇO PLANA OU TUBULAÇÃO VERTICAL.;CADWELD OU SIMILAR;50 mm2;pç 
AE-09-B2;MOLDE PARA CONEXÃO EXOTERMICA, DE CABOS DE COBRE TIPO CABO A SUPERFICIE DE AÇO - CABO EM DERIVAÇÃO PARA BAIXO, SOBRE SUPERFICIE DE AÇO PLANA OU TUBULAÇÃO VERTICAL.;CADWELD OU SIMILAR;70 mm2;pç 
AE-09-B3;MOLDE PARA CONEXÃO EXOTERMICA, DE CABOS DE COBRE TIPO CABO A SUPERFICIE DE AÇO - CABO EM DERIVAÇÃO PARA BAIXO, SOBRE SUPERFICIE DE AÇO PLANA OU TUBULAÇÃO VERTICAL.;CADWELD OU SIMILAR;95 mm2;pç 
AD-04-11;MOLDE PARA CONEXÃO EXOTERMICA, ENTRE CABOS DE COBRE TIPO CABO A CABO - CABOS INTEIRICOS (PASSANTES) CRUZADOS NA HORIZONTAL.;CADWELD OU SIMILAR;35-35 mm2;pç 
AD-04-17;MOLDE PARA CONEXÃO EXOTERMICA, ENTRE CABOS DE COBRE TIPO CABO A CABO - CABOS INTEIRICOS (PASSANTES) CRUZADOS NA HORIZONTAL.;CADWELD OU SIMILAR;35-25 mm2;pç 
AD-04-21;MOLDE PARA CONEXÃO EXOTERMICA, ENTRE CABOS DE COBRE TIPO CABO A CABO - CABOS INTEIRICOS (PASSANTES) CRUZADOS NA HORIZONTAL.;CADWELD OU SIMILAR;50-35 mm2;pç 
AD-04-22;MOLDE PARA CONEXÃO EXOTERMICA, ENTRE CABOS DE COBRE TIPO CABO A CABO - CABOS INTEIRICOS (PASSANTES) CRUZADOS NA HORIZONTAL.;CADWELD OU SIMILAR;50-50 mm2;pç 
AD-04-27;MOLDE PARA CONEXÃO EXOTERMICA, ENTRE CABOS DE COBRE TIPO CABO A CABO - CABOS INTEIRICOS (PASSANTES) CRUZADOS NA HORIZONTAL.;CADWELD OU SIMILAR;50-25 mm2;pç 
AD-04-31;MOLDE PARA CONEXÃO EXOTERMICA, ENTRE CABOS DE COBRE TIPO CABO A CABO - CABOS INTEIRICOS (PASSANTES) CRUZADOS NA HORIZONTAL.;CADWELD OU SIMILAR;70-35 mm2;pç 
AD-04-32;MOLDE PARA CONEXÃO EXOTERMICA, ENTRE CABOS DE COBRE TIPO CABO A CABO - CABOS INTEIRICOS (PASSANTES) CRUZADOS NA HORIZONTAL.;CADWELD OU SIMILAR;70-50 mm2;pç 
AD-04-33;MOLDE PARA CONEXÃO EXOTERMICA, ENTRE CABOS DE COBRE TIPO CABO A CABO - CABOS INTEIRICOS (PASSANTES) CRUZADOS NA HORIZONTAL.;CADWELD OU SIMILAR;70-70 mm2;pç 
AD-04-41;MOLDE PARA CONEXÃO EXOTERMICA, ENTRE CABOS DE COBRE TIPO CABO A CABO - CABOS INTEIRICOS (PASSANTES) CRUZADOS NA HORIZONTAL.;CADWELD OU SIMILAR;95-35 mm2;pç 
AD-04-42;MOLDE PARA CONEXÃO EXOTERMICA, ENTRE CABOS DE COBRE TIPO CABO A CABO - CABOS INTEIRICOS (PASSANTES) CRUZADOS NA HORIZONTAL.;CADWELD OU SIMILAR;95-50 mm2;pç 
AD-04-43;MOLDE PARA CONEXÃO EXOTERMICA, ENTRE CABOS DE COBRE TIPO CABO A CABO - CABOS INTEIRICOS (PASSANTES) CRUZADOS NA HORIZONTAL.;CADWELD OU SIMILAR;95-70 mm2;pç 
AD-04-44;MOLDE PARA CONEXÃO EXOTERMICA, ENTRE CABOS DE COBRE TIPO CABO A CABO - CABOS INTEIRICOS (PASSANTES) CRUZADOS NA HORIZONTAL.;CADWELD OU SIMILAR;95-95 mm2;pç 
AD-04-77;MOLDE PARA CONEXÃO EXOTERMICA, ENTRE CABOS DE COBRE TIPO CABO A CABO - CABOS INTEIRICOS (PASSANTES) CRUZADOS NA HORIZONTAL.;CADWELD OU SIMILAR;25 - 25 mm2;pç 
AC-03-A7;"MOLDE PARA CONEXÃO EXOTERMICA, PARA CABOS DE COBRE EM HASTE DE ATERRAMENTO DE 0 3/4"" (19mm) - CABO HORIZONTAL PASSANTE LATERAL A HASTE.";CADWELD OU SIMILAR;25 mm2;pç 
AC-03-B1;"MOLDE PARA CONEXÃO EXOTERMICA, PARA CABOS DE COBRE EM HASTE DE ATERRAMENTO DE 0 3/4"" (19mm) - CABO HORIZONTAL PASSANTE LATERAL A HASTE.";CADWELD OU SIMILAR;35 mm2;pç 
AC-03-B2;"MOLDE PARA CONEXÃO EXOTERMICA, PARA CABOS DE COBRE EM HASTE DE ATERRAMENTO DE 0 3/4"" (19mm) - CABO HORIZONTAL PASSANTE LATERAL A HASTE.";CADWELD OU SIMILAR;50 mm2;pç 
AC-03-B3;"MOLDE PARA CONEXÃO EXOTERMICA, PARA CABOS DE COBRE EM HASTE DE ATERRAMENTO DE 0 3/4"" (19mm) - CABO HORIZONTAL PASSANTE LATERAL A HASTE.";CADWELD OU SIMILAR;70 mm2;pç 
AC-03-B4;"MOLDE PARA CONEXÃO EXOTERMICA, PARA CABOS DE COBRE EM HASTE DE ATERRAMENTO DE 0 3/4"" (19mm) - CABO HORIZONTAL PASSANTE LATERAL A HASTE.";CADWELD OU SIMILAR;95 mm2;pç 
AC-03-C1;"MOLDE PARA CONEXÃO EXOTERMICA, PARA CABOS DE COBRE EM HASTE DE ATERRAMENTO DE 0 3/4"" (19mm) - CABO HORIZONTAL PASSANTE LATERAL A HASTE.";CADWELD OU SIMILAR;120 mm2;pç 
AD-02-11;MOLDE PARA CONEXÃO EXOTERMICA,ENTRE CABOS DE COBRE TIPO CABO A CABO - HORIZONTAL PASSANTE E DERIVAÇÃO (0 PASS-     0 DERIV).;CADWELD OU SIMILAR;35 x 35 mm2;pç 
AD-02-17;MOLDE PARA CONEXÃO EXOTERMICA,ENTRE CABOS DE COBRE TIPO CABO A CABO - HORIZONTAL PASSANTE E DERIVAÇÃO (0 PASS-     0 DERIV).;CADWELD OU SIMILAR;35 x 25 mm2;pç 
AD-02-21;MOLDE PARA CONEXÃO EXOTERMICA,ENTRE CABOS DE COBRE TIPO CABO A CABO - HORIZONTAL PASSANTE E DERIVAÇÃO (0 PASS-     0 DERIV).;CADWELD OU SIMILAR;50 x 35 mm2;pç 
AD-02-22;MOLDE PARA CONEXÃO EXOTERMICA,ENTRE CABOS DE COBRE TIPO CABO A CABO - HORIZONTAL PASSANTE E DERIVAÇÃO (0 PASS-     0 DERIV).;CADWELD OU SIMILAR;50 x 50 mm2;pç 
AD-02-27;MOLDE PARA CONEXÃO EXOTERMICA,ENTRE CABOS DE COBRE TIPO CABO A CABO - HORIZONTAL PASSANTE E DERIVAÇÃO (0 PASS-     0 DERIV).;CADWELD OU SIMILAR;50 x 25 mm2;pç 
AD-02-31;MOLDE PARA CONEXÃO EXOTERMICA,ENTRE CABOS DE COBRE TIPO CABO A CABO - HORIZONTAL PASSANTE E DERIVAÇÃO (0 PASS-     0 DERIV).;CADWELD OU SIMILAR;70 x 35 mm2;pç 
AD-02-32;MOLDE PARA CONEXÃO EXOTERMICA,ENTRE CABOS DE COBRE TIPO CABO A CABO - HORIZONTAL PASSANTE E DERIVAÇÃO (0 PASS-     0 DERIV).;CADWELD OU SIMILAR;70 x 50 mm2;pç 
AD-02-33;MOLDE PARA CONEXÃO EXOTERMICA,ENTRE CABOS DE COBRE TIPO CABO A CABO - HORIZONTAL PASSANTE E DERIVAÇÃO (0 PASS-     0 DERIV).;CADWELD OU SIMILAR;70 x 70 mm2;pç 
AD-02-37;MOLDE PARA CONEXÃO EXOTERMICA,ENTRE CABOS DE COBRE TIPO CABO A CABO - HORIZONTAL PASSANTE E DERIVAÇÃO (0 PASS-     0 DERIV).;CADWELD OU SIMILAR;70 x 25 mm2;pç 
AD-02-40;MOLDE PARA CONEXÃO EXOTERMICA,ENTRE CABOS DE COBRE TIPO CABO A CABO - HORIZONTAL PASSANTE E DERIVAÇÃO (0 PASS-     0 DERIV).;CADWELD OU SIMILAR;95 x 25mm2;pç 
AD-02-41;MOLDE PARA CONEXÃO EXOTERMICA,ENTRE CABOS DE COBRE TIPO CABO A CABO - HORIZONTAL PASSANTE E DERIVAÇÃO (0 PASS-     0 DERIV).;CADWELD OU SIMILAR;95 x 35 mm2;pç 
AD-02-42;MOLDE PARA CONEXÃO EXOTERMICA,ENTRE CABOS DE COBRE TIPO CABO A CABO - HORIZONTAL PASSANTE E DERIVAÇÃO (0 PASS-     0 DERIV).;CADWELD OU SIMILAR;95 x 50 mm2;pç 
AD-02-43;MOLDE PARA CONEXÃO EXOTERMICA,ENTRE CABOS DE COBRE TIPO CABO A CABO - HORIZONTAL PASSANTE E DERIVAÇÃO (0 PASS-     0 DERIV).;CADWELD OU SIMILAR;95 x 70 mm2;pç 
AD-02-44;MOLDE PARA CONEXÃO EXOTERMICA,ENTRE CABOS DE COBRE TIPO CABO A CABO - HORIZONTAL PASSANTE E DERIVAÇÃO (0 PASS-     0 DERIV).;CADWELD OU SIMILAR;95 x 95 mm2;pç 
AD-02-50;MOLDE PARA CONEXÃO EXOTERMICA,ENTRE CABOS DE COBRE TIPO CABO A CABO - HORIZONTAL PASSANTE E DERIVAÇÃO (0 PASS-     0 DERIV).;CADWELD OU SIMILAR;120 x 25 mm2;pç 
AD-02-51;MOLDE PARA CONEXÃO EXOTERMICA,ENTRE CABOS DE COBRE TIPO CABO A CABO - HORIZONTAL PASSANTE E DERIVAÇÃO (0 PASS-     0 DERIV).;CADWELD OU SIMILAR;120 x 35 mm2;pç 
AD-02-52;MOLDE PARA CONEXÃO EXOTERMICA,ENTRE CABOS DE COBRE TIPO CABO A CABO - HORIZONTAL PASSANTE E DERIVAÇÃO (0 PASS-     0 DERIV).;CADWELD OU SIMILAR;120  x 50 mm2;pç 
AD-02-53;MOLDE PARA CONEXÃO EXOTERMICA,ENTRE CABOS DE COBRE TIPO CABO A CABO - HORIZONTAL PASSANTE E DERIVAÇÃO (0 PASS-     0 DERIV).;CADWELD OU SIMILAR;120  x 70 mm2;pç 
AD-02-54;MOLDE PARA CONEXÃO EXOTERMICA,ENTRE CABOS DE COBRE TIPO CABO A CABO - HORIZONTAL PASSANTE E DERIVAÇÃO (0 PASS-     0 DERIV).;CADWELD OU SIMILAR;120  x 95 mm2;pç 
AD-02-55;MOLDE PARA CONEXÃO EXOTERMICA,ENTRE CABOS DE COBRE TIPO CABO A CABO - HORIZONTAL PASSANTE E DERIVAÇÃO (0 PASS-     0 DERIV).;CADWELD OU SIMILAR;120 x 120 mm2;pç 
AD-02-77;MOLDE PARA CONEXÃO EXOTERMICA,ENTRE CABOS DE COBRE TIPO CABO A CABO - HORIZONTAL PASSANTE E DERIVAÇÃO (0 PASS-     0 DERIV).;CADWELD OU SIMILAR;25 - 25 mm2;pç 
EB-42-01;NIPLE CURTO EM AÇO 1010/1020 GALVANIZAÇÃO A FOGO, COM ROSCA NAS DUAS PONTAS.;NUTSTEEL OU SIMILAR;"1/2"" BSP";pç 
EB-42-02;NIPLE CURTO EM AÇO 1010/1020 GALVANIZAÇÃO A FOGO, COM ROSCA NAS DUAS PONTAS.;NUTSTEEL OU SIMILAR;"3/4"" BSP";pç 
EB-42-03;NIPLE CURTO EM AÇO 1010/1020 GALVANIZAÇÃO A FOGO, COM ROSCA NAS DUAS PONTAS.;NUTSTEEL OU SIMILAR;"1"" BSP";pç 
EB-42-05;NIPLE CURTO EM AÇO 1010/1020 GALVANIZAÇÃO A FOGO, COM ROSCA NAS DUAS PONTAS.;NUTSTEEL OU SIMILAR;"1 1/2"" BSP";pç 
EB-42-06;NIPLE CURTO EM AÇO 1010/1020 GALVANIZAÇÃO A FOGO, COM ROSCA NAS DUAS PONTAS.;NUTSTEEL OU SIMILAR;"2"" BSP";pç 
EB-42-07;NIPLE CURTO EM AÇO 1010/1020 GALVANIZAÇÃO A FOGO, COM ROSCA NAS DUAS PONTAS.;NUTSTEEL OU SIMILAR;"2 1/2"" BSP";pç 
EB-42-08;NIPLE CURTO EM AÇO 1010/1020 GALVANIZAÇÃO A FOGO, COM ROSCA NAS DUAS PONTAS.;NUTSTEEL OU SIMILAR;"3"" BSP";pç 
EB-42-09;NIPLE CURTO EM AÇO 1010/1020 GALVANIZAÇÃO A FOGO, COM ROSCA NAS DUAS PONTAS.;NUTSTEEL OU SIMILAR;"4"" BSP";pç 
EB-21-01;NIPLE CURTO EM AÇO SAE-1010/1020 GALVANIZAÇÃO ELETROLÍTICA, COM ROSCA NAS DUAS PONTAS.;NUTSTEEL OU SIMILAR;"1/2"" BSP";pç 
EB-21-02;NIPLE CURTO EM AÇO SAE-1010/1020 GALVANIZAÇÃO ELETROLÍTICA, COM ROSCA NAS DUAS PONTAS.;NUTSTEEL OU SIMILAR;"3/4"" BSP";pç 
EB-21-03;NIPLE CURTO EM AÇO SAE-1010/1020 GALVANIZAÇÃO ELETROLÍTICA, COM ROSCA NAS DUAS PONTAS.;NUTSTEEL OU SIMILAR;"1"" BSP";pç 
EB-21-05;NIPLE CURTO EM AÇO SAE-1010/1020 GALVANIZAÇÃO ELETROLÍTICA, COM ROSCA NAS DUAS PONTAS.;NUTSTEEL OU SIMILAR;"1 1/2"" BSP";pç 
EB-21-06;NIPLE CURTO EM AÇO SAE-1010/1020 GALVANIZAÇÃO ELETROLÍTICA, COM ROSCA NAS DUAS PONTAS.;NUTSTEEL OU SIMILAR;"2"" BSP";pç 
EB-21-07;NIPLE CURTO EM AÇO SAE-1010/1020 GALVANIZAÇÃO ELETROLÍTICA, COM ROSCA NAS DUAS PONTAS.;NUTSTEEL OU SIMILAR;"2 1/2"" BSP";pç 
EB-21-08;NIPLE CURTO EM AÇO SAE-1010/1020 GALVANIZAÇÃO ELETROLÍTICA, COM ROSCA NAS DUAS PONTAS.;NUTSTEEL OU SIMILAR;"3"" BSP";pç 
EB-21-09;NIPLE CURTO EM AÇO SAE-1010/1020 GALVANIZAÇÃO ELETROLÍTICA, COM ROSCA NAS DUAS PONTAS.;NUTSTEEL OU SIMILAR;"4"" BSP";pç 
EB-22-01;NIPLE LONGO EM AÇO SAE-1010/1020 GALVANIZAÇÃO ELETROLÍTICA, COM ROSCA NAS DUAS PONTAS.;NUTSTEEL OU SIMILAR;"1/2"" BSP";pç 
EB-22-02;NIPLE LONGO EM AÇO SAE-1010/1020 GALVANIZAÇÃO ELETROLÍTICA, COM ROSCA NAS DUAS PONTAS.;NUTSTEEL OU SIMILAR;"3/4"" BSP";pç 
EB-22-03;NIPLE LONGO EM AÇO SAE-1010/1020 GALVANIZAÇÃO ELETROLÍTICA, COM ROSCA NAS DUAS PONTAS.;NUTSTEEL OU SIMILAR;"1"" BSP";pç 
EB-22-05;NIPLE LONGO EM AÇO SAE-1010/1020 GALVANIZAÇÃO ELETROLÍTICA, COM ROSCA NAS DUAS PONTAS.;NUTSTEEL OU SIMILAR;"1 1/2"" BSP";pç 
EB-22-06;NIPLE LONGO EM AÇO SAE-1010/1020 GALVANIZAÇÃO ELETROLÍTICA, COM ROSCA NAS DUAS PONTAS.;NUTSTEEL OU SIMILAR;"2"" BSP";pç 
EB-22-07;NIPLE LONGO EM AÇO SAE-1010/1020 GALVANIZAÇÃO ELETROLÍTICA, COM ROSCA NAS DUAS PONTAS.;NUTSTEEL OU SIMILAR;"2 1/2"" BSP";pç 
EB-22-08;NIPLE LONGO EM AÇO SAE-1010/1020 GALVANIZAÇÃO ELETROLÍTICA, COM ROSCA NAS DUAS PONTAS.;NUTSTEEL OU SIMILAR;"3"" BSP";pç 
EB-22-09;NIPLE LONGO EM AÇO SAE-1010/1020 GALVANIZAÇÃO ELETROLÍTICA, COM ROSCA NAS DUAS PONTAS.;NUTSTEEL OU SIMILAR;"4"" BSP";pç 
RC-06-51;OLHAL PARA PARAFUSO EM AÇO FORJADO  GALVANIZADO A QUENTE.;FORJASUL OU SIMILAR;35mm;pç 
OG-4A-AI;PARAFUSO ATARRACHANTE CABECA PANELA COM FENDA, EM AÇO CARBONO BICROMATIZADO (0 rosca x comprimento).;MAPRI OU SIMILAR;2,9 x 13 mm;pç 
OG-4A-BI;PARAFUSO ATARRACHANTE CABECA PANELA COM FENDA, EM AÇO CARBONO BICROMATIZADO (0 rosca x comprimento).;MAPRI OU SIMILAR;3,5 x 13 mm;pç 
OG-4A-DK;PARAFUSO ATARRACHANTE CABECA PANELA COM FENDA, EM AÇO CARBONO BICROMATIZADO (0 rosca x comprimento).;MAPRI OU SIMILAR;4,2 x 16 mm;pç 
OG-4A-DL;PARAFUSO ATARRACHANTE CABECA PANELA COM FENDA, EM AÇO CARBONO BICROMATIZADO (0 rosca x comprimento).;MAPRI OU SIMILAR;4,2 x 30 mm;pç 
OG-4A-FL;PARAFUSO ATARRACHANTE CABECA PANELA COM FENDA, EM AÇO CARBONO BICROMATIZADO (0 rosca x comprimento).;MAPRI OU SIMILAR;6,3 x 19 mm;pç 
OG-4A-FR;PARAFUSO ATARRACHANTE CABECA PANELA COM FENDA, EM AÇO CARBONO BICROMATIZADO (0 rosca x comprimento).;MAPRI OU SIMILAR;6,3 x 32 mm;pç 
OC-9O-JA;PARAFUSO CABECA ABAULADA COM PORCA QUADRADA, FABRICADO EM  LIGA DE ALUMÍNIO DE ALTA RESISTÊNCIA MECÂNICA.;FORJASUL OU SIMILAR;M16x45mm;pç 
OC-9O-JC;PARAFUSO CABECA ABAULADA COM PORCA QUADRADA, FABRICADO EM  LIGA DE ALUMÍNIO DE ALTA RESISTÊNCIA MECÂNICA.;FORJASUL OU SIMILAR;M16x70mm;pç 
OC-9O-JE;PARAFUSO CABECA ABAULADA COM PORCA QUADRADA, FABRICADO EM  LIGA DE ALUMÍNIO DE ALTA RESISTÊNCIA MECÂNICA.;FORJASUL OU SIMILAR;M16x90mm;pç 
OC-9O-JU;PARAFUSO CABECA ABAULADA COM PORCA QUADRADA, FABRICADO EM  LIGA DE ALUMÍNIO DE ALTA RESISTÊNCIA MECÂNICA.;FORJASUL OU SIMILAR;M16x115mm;pç 
OC-9O-JV;PARAFUSO CABECA ABAULADA COM PORCA QUADRADA, FABRICADO EM  LIGA DE ALUMÍNIO DE ALTA RESISTÊNCIA MECÂNICA.;FORJASUL OU SIMILAR;M16x150mm;pç 
OB-2G-L1;PARAFUSO CABEÇA ABAULADA, FABRICADO EM  LIGA DE ALUMÍNIO DE ALTA RESISTÊNCIA MECÂNICA.;FORJASUL OU SIMILAR;M16x45mm;pç 
OB-2G-LW;PARAFUSO CABEÇA ABAULADA, FABRICADO EM  LIGA DE ALUMÍNIO DE ALTA RESISTÊNCIA MECÂNICA.;FORJASUL OU SIMILAR;M16x70mm;pç 
OB-2G-LM;PARAFUSO CABEÇA ABAULADA, FABRICADO EM  LIGA DE ALUMÍNIO DE ALTA RESISTÊNCIA MECÂNICA.;FORJASUL OU SIMILAR;M16x90mm;pç 
OB-2G-LN;PARAFUSO CABEÇA ABAULADA, FABRICADO EM  LIGA DE ALUMÍNIO DE ALTA RESISTÊNCIA MECÂNICA.;FORJASUL OU SIMILAR;M16x115mm;pç 
OB-2G-LO;PARAFUSO CABEÇA ABAULADA, FABRICADO EM  LIGA DE ALUMÍNIO DE ALTA RESISTÊNCIA MECÂNICA.;FORJASUL OU SIMILAR;M16x150mm;pç 
OG-3A-FL;"PARAFUSO CABECA LENTILHA AUTO TRAVANTE COM ROSCA ""WW"" EM AÇO CARBONO BICROMATIZADO (0 rosca x comprimento).";POLEODUTO OU SIMILAR;"1/4"" x 3/4""";pç 
OG-3A-HK;"PARAFUSO CABECA LENTILHA AUTO TRAVANTE COM ROSCA ""WW"" EM AÇO CARBONO BICROMATIZADO (0 rosca x comprimento).";POLEODUTO OU SIMILAR;"5/16"" x 3/4""";pç 
OG-3A-HL;"PARAFUSO CABECA LENTILHA AUTO TRAVANTE COM ROSCA ""WW"" EM AÇO CARBONO BICROMATIZADO (0 rosca x comprimento).";POLEODUTO OU SIMILAR;"3/8"" x 3/4""";pç 
OG-3I-HL;"PARAFUSO CABECA LENTILHA AUTO TRAVANTE COM ROSCA ""WW"" EM AÇO INOX AISI 304  (0 rosca x comprimento). 3/8"" x 3/4""";POLEODUTO OU SIMILAR;"3/8"" x 3/4""";pç 
OG-3I-HK;"PARAFUSO CABECA LENTILHA AUTO TRAVANTE COM ROSCA ""WW"" EM AÇO INOX AISI 304 (0 rosca x comprimento).";POLEODUTO OU SIMILAR;"5/16"" x 3/4""";pç 
OC-3I-IL;"PARAFUSO CABECA LENTILHA COM FENDA, ROSCA ""WW"" EM AÇO AISI 304 (0 rosca x comprimento).";POLEODUTO OU SIMILAR;"3/8"" x 1.1/2""";pç 
OC-3G-GL;"PARAFUSO CABECA LENTILHA COM FENDA, ROSCA ""WW"" EM AÇO CARBONO BICROMATIZADO (0 rosca x comprimento).";POLEODUTO OU SIMILAR;"5/16"" x 3/4""";pç 
OC-3I-GL;"PARAFUSO CABECA LENTILHA COM FENDA, ROSCA ""WW"" EM AÇO INOX AISI 304  (0 rosca x comprimento).";POLEODUTO OU SIMILAR;"5/16"" x 3/4""";pç 
OC-3I-GM;"PARAFUSO CABECA LENTILHA COM FENDA, ROSCA ""WW"" EM AÇO INOX AISI 304  (0 rosca x comprimento).";POLEODUTO OU SIMILAR;"5/16"" x 1""";pç 
OC-3I-GN;"PARAFUSO CABECA LENTILHA COM FENDA, ROSCA ""WW"" EM AÇO INOX AISI 304  (0 rosca x comprimento).";POLEODUTO OU SIMILAR;"5/16"" x 1.3/4""";pç 
OC-3G-FJ;"PARAFUSO CABECA LENTILHA COM ROSCA ""WW"" EM AÇO CARBONO BICROMATIZADO (0 rosca x comprimento).";POLEODUTO OU SIMILAR ;"1/4"" x 1/2""";pç 
OC-3G-FK;"PARAFUSO CABECA LENTILHA COM ROSCA ""WW"" EM AÇO CARBONO BICROMATIZADO (0 rosca x comprimento).";POLEODUTO OU SIMILAR;"1/4"" x 5/8""";pç 
OC-3G-FL;"PARAFUSO CABECA LENTILHA COM ROSCA ""WW"" EM AÇO CARBONO BICROMATIZADO (0 rosca x comprimento). 1/4"" x 3/4""";POLEODUTO OU SIMILAR;"1/4"" x 3/4""";pç 
OC-3G-FN;"PARAFUSO CABECA LENTILHA COM ROSCA ""WW"" EM AÇO CARBONO BICROMATIZADO (0 rosca x comprimento).";POLEODUTO OU SIMILAR;"1/4"" x 1""";pç 
OC-3G-FU;"PARAFUSO CABECA LENTILHA COM ROSCA ""WW"" EM AÇO CARBONO BICROMATIZADO (0 rosca x comprimento).";POLEODUTO OU SIMILAR;"1/4"" x 2""";pç 
OC-3G-GJ;"PARAFUSO CABECA LENTILHA COM ROSCA ""WW"" EM AÇO CARBONO BICROMATIZADO (0 rosca x comprimento).";POLEODUTO OU SIMILAR ;"5/16"" x 1/2""";pç 
OC-3G-HL;"PARAFUSO CABECA LENTILHA COM ROSCA ""WW"" EM AÇO CARBONO BICROMATIZADO (0 rosca x comprimento).";POLEODUTO OU SIMILAR;"3/8"" x 3/4""";pç 
OC-3G-HN;"PARAFUSO CABECA LENTILHA COM ROSCA ""WW"" EM AÇO CARBONO BICROMATIZADO (0 rosca x comprimento).";POLEODUTO OU SIMILAR ;"3/8"" x 1""";pç 
OC-3I-FK;"PARAFUSO CABECA LENTILHA, ROSCA ""WW"", EM AÇO INOX AISI 304.  (0 diâmetro x comprimento), 5/16"" x 3/4""";POLEODUTO OU SIMILAR;"1/4"" x 5/8""";pç 
OC-3I-FL;"PARAFUSO CABECA LENTILHA, ROSCA ""WW"", EM AÇO INOX AISI 304.  (0 diâmetro x comprimento).";POLEODUTO OU SIMILAR;"1/4"" x 3/4""";pç 
OC-3I-FN;"PARAFUSO CABECA LENTILHA, ROSCA ""WW"", EM AÇO INOX AISI 304.  (0 diâmetro x comprimento).";POLEODUTO OU SIMILAR;"1/4"" x 1""";pç 
OC-3I-FU;"PARAFUSO CABECA LENTILHA, ROSCA ""WW"", EM AÇO INOX AISI 304.  (0 diâmetro x comprimento).";POLEODUTO OU SIMILAR;"1/4"" x 2""";pç 
OC-3I-HL;"PARAFUSO CABECA LENTILHA, ROSCA ""WW"", EM AÇO INOX AISI 304.  (0 diâmetro x comprimento).";POLEODUTO OU SIMILAR;"3/8"" x 3/4""";pç 
OC-3I-HN;"PARAFUSO CABECA LENTILHA, ROSCA ""WW"", EM AÇO INOX AISI 304.  (0 diâmetro x comprimento).";POLEODUTO OU SIMILAR;"3/8"" x 1""";pç 
OC-3T-HN;"PARAFUSO CABECA LENTILHA, ROSCA ""WW"", EM AÇO INOX AISI 304.  (0 diâmetro x comprimento).";POLEODUTO OU SIMILAR;"3/8"" x 1""";pç 
OC-0G-DJ;"PARAFUSO CABECA REDONDA COM  FENDA, ROSCA ""WW"", EM AÇO CARBONO BICROMATIZADO.  (0 diâmetro x comprimento).";POLEODUTO OU SIMILAR ;"5/32"" x 1/2""";pç 
OC-0G-DL;"PARAFUSO CABECA REDONDA COM  FENDA, ROSCA ""WW"", EM AÇO CARBONO BICROMATIZADO.  (0 diâmetro x comprimento).";POLEODUTO OU SIMILAR ;"5/32"" x 3/4""";pç 
OC-0G-DN;"PARAFUSO CABECA REDONDA COM  FENDA, ROSCA ""WW"", EM AÇO CARBONO BICROMATIZADO.  (0 diâmetro x comprimento).";POLEODUTO OU SIMILAR ;"5/32"" x 1""";pç 
OC-0G-EJ;"PARAFUSO CABECA REDONDA COM  FENDA, ROSCA ""WW"", EM AÇO CARBONO BICROMATIZADO.  (0 diâmetro x comprimento).";POLEODUTO OU SIMILAR;"3/16"" x 1/2""";pç 
OC-0G-EL;"PARAFUSO CABECA REDONDA COM  FENDA, ROSCA ""WW"", EM AÇO CARBONO BICROMATIZADO.  (0 diâmetro x comprimento).";POLEODUTO OU SIMILAR ;"3/16"" x 3/4""";pç 
OC-0G-EN;"PARAFUSO CABECA REDONDA COM  FENDA, ROSCA ""WW"", EM AÇO CARBONO BICROMATIZADO.  (0 diâmetro x comprimento).";POLEODUTO OU SIMILAR ;"3/16"" x 1""";pç 
OC-0G-EQ;"PARAFUSO CABECA REDONDA COM  FENDA, ROSCA ""WW"", EM AÇO CARBONO BICROMATIZADO.  (0 diâmetro x comprimento).";POLEODUTO OU SIMILAR ;"3/16"" x 1.1/2""";pç 
OC-0G-EU;"PARAFUSO CABECA REDONDA COM  FENDA, ROSCA ""WW"", EM AÇO CARBONO BICROMATIZADO.  (0 diâmetro x comprimento).";POLEODUTO OU SIMILAR ;"3/16"" x 2""";pç 
OC-0G-FJ;"PARAFUSO CABECA REDONDA COM  FENDA, ROSCA ""WW"", EM AÇO CARBONO BICROMATIZADO.  (0 diâmetro x comprimento).";POLEODUTO OU SIMILAR;"1/4"" x 1/2""";pç 
OC-0G-FK;"PARAFUSO CABECA REDONDA COM  FENDA, ROSCA ""WW"", EM AÇO CARBONO BICROMATIZADO.  (0 diâmetro x comprimento).";POLEODUTO OU SIMILAR;"1/4"" x 5/8""";pç 
OC-0G-FL;"PARAFUSO CABECA REDONDA COM  FENDA, ROSCA ""WW"", EM AÇO CARBONO BICROMATIZADO 1/4"" x 3/4"" (0 diâmetro x comprimento).";POLEODUTO OU SIMILAR;"1/4"" x 3/4""";pç 
OC-0G-FN;"PARAFUSO CABECA REDONDA COM  FENDA, ROSCA ""WW"", EM AÇO CARBONO BICROMATIZADO.  (0 diâmetro x comprimento).";POLEODUTO OU SIMILAR;"1/4"" x 1""";pç 
OC-0G-FQ;"PARAFUSO CABECA REDONDA COM  FENDA, ROSCA ""WW"", EM AÇO CARBONO BICROMATIZADO.  (0 diâmetro x comprimento).";POLEODUTO OU SIMILAR ;"1/4"" x 1 1/2""";pç 
OC-0G-FU;"PARAFUSO CABECA REDONDA COM  FENDA, ROSCA ""WW"", EM AÇO CARBONO BICROMATIZADO.  (0 diâmetro x comprimento).";POLEODUTO OU SIMILAR ;"1/4"" x 2""";pç 
OF-0I-FS;PARAFUSO CABECA REDONDA COM FENDA E ROSCA SOBERBA EM AÇO INOX AISI 304.  (0 diâmetro x comprimento).;POLEODUTO OU SIMILAR;"1/4"" x 1 3/4""";pç 
OF-0M-FL;PARAFUSO CABECA REDONDA COM FENDA E ROSCA SOBERBA, EM AÇO BICROMATIZADO.  (0 diâmetro x comprimento).;POLEODUTO OU SIMILAR ;"1/4"" x 3/4""";pç 
OF-0M-FS;"PARAFUSO CABECA REDONDA COM FENDA E ROSCA SOBERBA, EM AÇO BICROMATIZADO.  (0 diâmetro x comprimento). 1/4"" x 1 3/4""";POLEODUTO OU SIMILAR;"1/4"" x 1 3/4""";pç 
OF-0G-CQ;PARAFUSO CABECA REDONDA COM FENDA E ROSCA SOBERBA, EM AÇO BICROMATIZADO.  (0 diâmetro x comprimento).;POLEODUTO OU SIMILAR ;3,8 x 30 mm;pç 
OF-0G-FQ;PARAFUSO CABECA REDONDA COM FENDA E ROSCA SOBERBA, EM AÇO BICROMATIZADO.  (0 diâmetro x comprimento).;POLEODUTO OU SIMILAR ;"12 x 1 1/2""";pç 
OF-0G-FT;PARAFUSO CABECA REDONDA COM FENDA E ROSCA SOBERBA, EM AÇO BICROMATIZADO.  (0 diâmetro x comprimento).;POLEODUTO OU SIMILAR ;4.8 x 45 mm;pç 
OF-0G-GS;PARAFUSO CABECA REDONDA COM FENDA E ROSCA SOBERBA, EM AÇO BICROMATIZADO.  (0 diâmetro x comprimento).;POLEODUTO OU SIMILAR ;"1/4"" x 1 3/4""";pç 
OF-0G-GU;PARAFUSO CABECA REDONDA COM FENDA E ROSCA SOBERBA, EM AÇO BICROMATIZADO.  (0 diâmetro x comprimento).;POLEODUTO OU SIMILAR ;6.1 x 50 mm;pç 
OF-0G-HW;PARAFUSO CABECA REDONDA COM FENDA E ROSCA SOBERBA, EM AÇO BICROMATIZADO.  (0 diâmetro x comprimento).;POLEODUTO OU SIMILAR ;"3/8"" x 60 mm";pç 
OF-0G-IU;PARAFUSO CABECA REDONDA COM FENDA E ROSCA SOBERBA, EM AÇO BICROMATIZADO.  (0 diâmetro x comprimento).;POLEODUTO OU SIMILAR ;"18 x 2""";pç 
OC-0I-DN;"PARAFUSO CABECA REDONDA COM FENDA, ROSCA ""WW"", EM AÇO INOX AISI 304.  (0 diâmetro x comprimento).";POLEODUTO OU SIMILAR;"5/32"" x 1""";pç 
OC-0I-FK;"PARAFUSO CABECA REDONDA COM FENDA, ROSCA ""WW"", EM AÇO INOX AISI 304.  (0 diâmetro x comprimento).";POLEODUTO OU SIMILAR;"1/4"" x 5/8""";pç 
OC-0I-FL;"PARAFUSO CABECA REDONDA COM FENDA, ROSCA ""WW"", EM AÇO INOX AISI 304.  (0 diâmetro x comprimento).";POLEODUTO OU SIMILAR;"1/4"" x 3/4""";pç 
OC-0I-FN;"PARAFUSO CABECA REDONDA COM FENDA, ROSCA ""WW"", EM AÇO INOX AISI 304.  (0 diâmetro x comprimento).";POLEODUTO OU SIMILAR;"1/4"" x 1""";pç 
OC-0I-FU;"PARAFUSO CABECA REDONDA COM FENDA, ROSCA ""WW"", EM AÇO INOX AISI 304.  (0 diâmetro x comprimento).";POLEODUTO OU SIMILAR;"1/4"" x 2""";pç 
OC-0I-HN;"PARAFUSO CABECA REDONDA COM FENDA, ROSCA ""WW"", EM AÇO INOX AISI 304.  (0 diâmetro x comprimento).";POLEODUTO OU SIMILAR;"3/8""x 1""";pç 
OC-6L-LO;"PARAFUSO CABECA SEXTAVADA ROSCA ""WW"" EM AÇO BICROMATIZADO (0 diâmetro x comprimento).";POLEODUTO OU SIMILAR;"5/8"" x 1 1/4""";pç 
OC-6G-EN;"PARAFUSO CABECA SEXTAVADA ROSCA ""WW"" EM AÇO BICROMATIZADO (0 diâmetro x comprimento).";POLEODUTO OU SIMILAR;"3/16""x1""";pç 
OC-6G-FK;"PARAFUSO CABECA SEXTAVADA ROSCA ""WW"" EM AÇO BICROMATIZADO (0 diâmetro x comprimento).";POLEODUTO OU SIMILAR;"1/4"" x 5/8""";pç 
OC-6G-FL;"PARAFUSO CABECA SEXTAVADA ROSCA ""WW"" EM AÇO BICROMATIZADO (0 diâmetro x comprimento).";POLEODUTO OU SIMILAR;"1/4"" x 3/4""";pç 
OC-6G-FM;"PARAFUSO CABECA SEXTAVADA ROSCA ""WW"" EM AÇO BICROMATIZADO (0 diâmetro x comprimento).";POLEODUTO OU SIMILAR ;"1/4"" x 7/8""";pç 
OC-6G-FN;"PARAFUSO CABECA SEXTAVADA ROSCA ""WW"" EM AÇO BICROMATIZADO (0 diâmetro x comprimento).";POLEODUTO OU SIMILAR;"1/4"" x 1""";pç 
OC-6G-FN;"PARAFUSO CABECA SEXTAVADA ROSCA ""WW"" EM AÇO BICROMATIZADO (0 diâmetro x comprimento).";POLEODUTO OU SIMILAR;"1/4"" x 1""";pç 
OC-6G-FO;"PARAFUSO CABECA SEXTAVADA ROSCA ""WW"" EM AÇO BICROMATIZADO (0 diâmetro x comprimento).";POLEODUTO OU SIMILAR ;"1/4"" x 1 1/4""";pç 
OC-6G-FQ;"PARAFUSO CABECA SEXTAVADA ROSCA ""WW"" EM AÇO BICROMATIZADO (0 diâmetro x comprimento).";POLEODUTO OU SIMILAR;"1/4"" x 1 1/2""";pç 
OC-6G-FU;"PARAFUSO CABECA SEXTAVADA ROSCA ""WW"" EM AÇO BICROMATIZADO (0 diâmetro x comprimento).";POLEODUTO OU SIMILAR ;"1/4  x 2""";pç 
OC-6G-GL;"PARAFUSO CABECA SEXTAVADA ROSCA ""WW"" EM AÇO BICROMATIZADO (0 diâmetro x comprimento).";POLEODUTO OU SIMILAR;"5/16"" x 3/4""";pç 
OC-6G-GN;"PARAFUSO CABECA SEXTAVADA ROSCA ""WW"" EM AÇO BICROMATIZADO (0 diâmetro x comprimento).";POLEODUTO OU SIMILAR ;"5/16"" x 1""";pç 
OC-6G-GO;"PARAFUSO CABECA SEXTAVADA ROSCA ""WW"" EM AÇO BICROMATIZADO (0 diâmetro x comprimento).";POLEODUTO OU SIMILAR;"5/16"" x 1 1/4""";pç 
OC-6G-GQ;"PARAFUSO CABECA SEXTAVADA ROSCA ""WW"" EM AÇO BICROMATIZADO (0 diâmetro x comprimento).";POLEODUTO OU SIMILAR;"5/16 x 1 1/2""";pç 
OC-6G-GU;"PARAFUSO CABECA SEXTAVADA ROSCA ""WW"" EM AÇO BICROMATIZADO (0 diâmetro x comprimento).";POLEODUTO OU SIMILAR;"5/16"" x 2""";pç 
OC-6G-HF;"PARAFUSO CABECA SEXTAVADA ROSCA ""WW"" EM AÇO BICROMATIZADO (0 diâmetro x comprimento).";POLEODUTO OU SIMILAR;"3/8' x 3/4""";pç 
OC-6G-HK;"PARAFUSO CABECA SEXTAVADA ROSCA ""WW"" EM AÇO BICROMATIZADO (0 diâmetro x comprimento).";POLEODUTO OU SIMILAR;"3/8"" x 5/8""";pç 
OC-6G-HL;"PARAFUSO CABECA SEXTAVADA ROSCA ""WW"" EM AÇO BICROMATIZADO (0 diâmetro x comprimento).";POLEODUTO OU SIMILAR;"3/8"" X 3/4""";pç 
OC-6G-HM;"PARAFUSO CABECA SEXTAVADA ROSCA ""WW"" EM AÇO BICROMATIZADO (0 diâmetro x comprimento).";POLEODUTO OU SIMILAR;"3/8"" x 7/8""";pç 
OC-6G-HN;"PARAFUSO CABECA SEXTAVADA ROSCA ""WW"" EM AÇO BICROMATIZADO (0 diâmetro x comprimento).";POLEODUTO OU SIMILAR;"3/8"" x 1""";pç 
OC-6G-HO;"PARAFUSO CABECA SEXTAVADA ROSCA ""WW"" EM AÇO BICROMATIZADO (0 diâmetro x comprimento).";POLEODUTO OU SIMILAR;"3/8"" x 1 1/4""";pç 
OC-6G-HQ;"PARAFUSO CABECA SEXTAVADA ROSCA ""WW"" EM AÇO BICROMATIZADO (0 diâmetro x comprimento). 3/8"" x 1 1/2""";POLEODUTO OU SIMILAR;"3/8"" x 1 1/2""";pç 
OC-6G-HU;"PARAFUSO CABECA SEXTAVADA ROSCA ""WW"" EM AÇO BICROMATIZADO (0 diâmetro x comprimento).";POLEODUTO OU SIMILAR;"3/8"" x 2""";pç 
OC-6G-HV;"PARAFUSO CABECA SEXTAVADA ROSCA ""WW"" EM AÇO BICROMATIZADO (0 diâmetro x comprimento).";POLEODUTO OU SIMILAR;"3/8"" x 2 1/2""";pç 
OC-6G-HW;"PARAFUSO CABECA SEXTAVADA ROSCA ""WW"" EM AÇO BICROMATIZADO (0 diâmetro x comprimento).";POLEODUTO OU SIMILAR;"3/8"" x 3""";pç 
OC-6G-JL;"PARAFUSO CABECA SEXTAVADA ROSCA ""WW"" EM AÇO BICROMATIZADO (0 diâmetro x comprimento).";POLEODUTO OU SIMILAR;"1/2"" x 3/4""";pç 
OC-6G-JN;"PARAFUSO CABECA SEXTAVADA ROSCA ""WW"" EM AÇO BICROMATIZADO (0 diâmetro x comprimento).";POLEODUTO OU SIMILAR;"1/2"" x 1""";pç 
OC-6G-JO;"PARAFUSO CABECA SEXTAVADA ROSCA ""WW"" EM AÇO BICROMATIZADO (0 diâmetro x comprimento).";POLEODUTO OU SIMILAR;"1/2"" x 1 1/4""";pç 
OC-6G-JQ;"PARAFUSO CABECA SEXTAVADA ROSCA ""WW"" EM AÇO BICROMATIZADO (0 diâmetro x comprimento).";POLEODUTO OU SIMILAR;"1/2"" x 1 1/2""";pç 
OC-6G-JU;"PARAFUSO CABECA SEXTAVADA ROSCA ""WW"" EM AÇO BICROMATIZADO (0 diâmetro x comprimento).";POLEODUTO OU SIMILAR;"1/2"" x 2""";pç 
OC-6G-JV;"PARAFUSO CABECA SEXTAVADA ROSCA ""WW"" EM AÇO BICROMATIZADO (0 diâmetro x comprimento).";POLEODUTO OU SIMILAR;"1/2"" x 2 1/2""";pç 
OC-6G-JW;"PARAFUSO CABECA SEXTAVADA ROSCA ""WW"" EM AÇO BICROMATIZADO (0 diâmetro x comprimento).";POLEODUTO OU SIMILAR;"1/2"" x 3""";pç 
OC-6G-LQ;"PARAFUSO CABECA SEXTAVADA ROSCA ""WW"" EM AÇO BICROMATIZADO (0 diâmetro x comprimento).";POLEODUTO OU SIMILAR;"5/8"" x 1 1/2""";pç 
OC-6I-FK;"PARAFUSO CABECA SEXTAVADA, ROSCA ""WW"", EM AÇO INOX AISI 304.  (0 diâmetro x comprimento).";POLEODUTO OU SIMILAR;"1/4"" x 5/8""";pç 
OC-6I-FL;"PARAFUSO CABECA SEXTAVADA, ROSCA ""WW"", EM AÇO INOX AISI 304.  (0 diâmetro x comprimento).";POLEODUTO OU SIMILAR;"1/4"" x 3/4""";pç 
OC-6I-FN;"PARAFUSO CABECA SEXTAVADA, ROSCA ""WW"", EM AÇO INOX AISI 304.  (0 diâmetro x comprimento).";POLEODUTO OU SIMILAR;"1/4"" x 1""";pç 
OC-6I-FO;"PARAFUSO CABECA SEXTAVADA, ROSCA ""WW"", EM AÇO INOX AISI 304.  (0 diâmetro x comprimento).";POLEODUTO OU SIMILAR;"1/4"" x 1 1/4""";pç 
OC-6I-FQ;"PARAFUSO CABECA SEXTAVADA, ROSCA ""WW"", EM AÇO INOX AISI 304.  (0 diâmetro x comprimento).";POLEODUTO OU SIMILAR;"1/4"" x 1 1/2""";pç 
OC-6I-FU;"PARAFUSO CABECA SEXTAVADA, ROSCA ""WW"", EM AÇO INOX AISI 304.  (0 diâmetro x comprimento).";POLEODUTO OU SIMILAR;"1/4"" x 2""";pç 
OC-6I-GK;"PARAFUSO CABECA SEXTAVADA, ROSCA ""WW"", EM AÇO INOX AISI 304.  (0 diâmetro x comprimento).";POLEODUTO OU SIMILAR;"5/16"" x 5/8""";pç 
OC-6I-GL;"PARAFUSO CABECA SEXTAVADA, ROSCA ""WW"", EM AÇO INOX AISI 304.  (0 diâmetro x comprimento),";POLEODUTO OU SIMILAR;"5/16"" x 3/4""";pç 
OC-6I-GN;"PARAFUSO CABECA SEXTAVADA, ROSCA ""WW"", EM AÇO INOX AISI 304.  (0 diâmetro x comprimento).";POLEODUTO OU SIMILAR;"5/16"" x 1""";pç 
OC-6I-GO;"PARAFUSO CABECA SEXTAVADA, ROSCA ""WW"", EM AÇO INOX AISI 304.  (0 diâmetro x comprimento).";POLEODUTO OU SIMILAR;"5/16"" x 11/4""";pç 
OC-6I-GQ;"PARAFUSO CABECA SEXTAVADA, ROSCA ""WW"", EM AÇO INOX AISI 304.  (0 diâmetro x comprimento).";POLEODUTO OU SIMILAR;"5/16"" x 2""";pç 
OC-6I-HK;"PARAFUSO CABECA SEXTAVADA, ROSCA ""WW"", EM AÇO INOX AISI 304.  (0 diâmetro x comprimento).";POLEODUTO OU SIMILAR;"3/8"" x 5/8""";pç 
OC-6I-HL;"PARAFUSO CABECA SEXTAVADA, ROSCA ""WW"", EM AÇO INOX AISI 304.  (0 diâmetro x comprimento).";POLEODUTO OU SIMILAR;"3/8"" x 3/4""";pç 
OC-6I-HN;"PARAFUSO CABECA SEXTAVADA, ROSCA ""WW"", EM AÇO INOX AISI 304.  (0 diâmetro x comprimento).";POLEODUTO OU SIMILAR;"3/8"" x 1""";pç 
OC-6I-HO;"PARAFUSO CABECA SEXTAVADA, ROSCA ""WW"", EM AÇO INOX AISI 304.  (0 diâmetro x comprimento).";POLEODUTO OU SIMILAR;"3/8"" x 1 1/4""";pç 
OC-6I-HQ;"PARAFUSO CABECA SEXTAVADA, ROSCA ""WW"", EM AÇO INOX AISI 304.  (0 diâmetro x comprimento), 3/8"" x 1 1/2""";POLEODUTO OU SIMILAR;"3/8"" x 1 1/2""";pç 
OC-6I-HU;"PARAFUSO CABECA SEXTAVADA, ROSCA ""WW"", EM AÇO INOX AISI 304.  (0 diâmetro x comprimento).";POLEODUTO OU SIMILAR;"3/8"" x 2""";pç 
OC-6I-JK;"PARAFUSO CABECA SEXTAVADA, ROSCA ""WW"", EM AÇO INOX AISI 304.  (0 diâmetro x comprimento).";POLEODUTO OU SIMILAR;"1/2"" x 5/8""";pç 
OC-6I-JL;"PARAFUSO CABECA SEXTAVADA, ROSCA ""WW"", EM AÇO INOX AISI 304.  (0 diâmetro x comprimento).";POLEODUTO OU SIMILAR;"1/2"" x 3/4""";pç 
OC-6I-JN;"PARAFUSO CABECA SEXTAVADA, ROSCA ""WW"", EM AÇO INOX AISI 304.  (0 diâmetro x comprimento).";POLEODUTO OU SIMILAR;"1/2"" x 1""";pç 
OC-6I-JO;"PARAFUSO CABECA SEXTAVADA, ROSCA ""WW"", EM AÇO INOX AISI 304.  (0 diâmetro x comprimento).";POLEODUTO OU SIMILAR;"1/2"" x 1 1/4""";pç 
OC-6I-JQ;"PARAFUSO CABECA SEXTAVADA, ROSCA ""WW"", EM AÇO INOX AISI 304.  (0 diâmetro x comprimento).";POLEODUTO OU SIMILAR;"1/2"" x 1 1/2""";pç 
OC-6I-JU;"PARAFUSO CABECA SEXTAVADA, ROSCA ""WW"", EM AÇO INOX AISI 304.  (0 diâmetro x comprimento).";POLEODUTO OU SIMILAR;"1/2"" x 2""";pç 
OC-6I-LQ;"PARAFUSO CABECA SEXTAVADA, ROSCA ""WW"", EM AÇO INOX AISI 304.  (0 diâmetro x comprimento).";POLEODUTO OU SIMILAR;"5/8"" x 1 1/2""";pç 
OC-6T-FK;"PARAFUSO CABECA SEXTAVADA, ROSCA ""WW"", EM AÇO INOX AISI 304.  (0 diâmetro x comprimento).";POLEODUTO OU SIMILAR;"1/4"" x 5/8""";pç 
OC-6T-FL;"PARAFUSO CABECA SEXTAVADA, ROSCA ""WW"", EM AÇO INOX AISI 304.  (0 diâmetro x comprimento).";POLEODUTO OU SIMILAR;"1/4"" x 3/4""";pç 
OC-6T-HL;"PARAFUSO CABECA SEXTAVADA, ROSCA ""WW"", EM AÇO INOX AISI 304.  (0 diâmetro x comprimento).";POLEODUTO OU SIMILAR;"3/8"" x 3/4""";pç 
OC-6T-HN;"PARAFUSO CABECA SEXTAVADA, ROSCA ""WW"", EM AÇO INOX AISI 304.  (0 diâmetro x comprimento).";POLEODUTO OU SIMILAR;"3/8"" x 1""";pç 
OC-6T-HQ;"PARAFUSO CABECA SEXTAVADA, ROSCA ""WW"", EM AÇO INOX AISI 304.  (0 diâmetro x comprimento).";POLEODUTO OU SIMILAR;"3/8"" x 1 1/2""";pç 
OC-6T-JQ;"PARAFUSO CABECA SEXTAVADA, ROSCA ""WW"", EM AÇO INOX AISI 304.  (0 diâmetro x comprimento).";POLEODUTO OU SIMILAR;"1/2""x 1.1/2""";pç 
OF-6G-FN;PARAFUSO CABECA SEXTAVADA, ROSCA SOBERBA, EM AÇO CARBONO BICROMATIZADO (rosca x comprimento).;POLEODUTO OU SIMILAR ;"1/4"" X 1""";pç 
OF-6G-FS;PARAFUSO CABECA SEXTAVADA, ROSCA SOBERBA, EM AÇO CARBONO BICROMATIZADO (rosca x comprimento).;POLEODUTO OU SIMILAR;"1/4"" x 1 3/4""";pç 
OF-6G-FS;PARAFUSO CABECA SEXTAVADA, ROSCA SOBERBA, EM AÇO CARBONO BICROMATIZADO (rosca x comprimento).;POLEODUTO OU SIMILAR;"1/4"" x 1 3/4""";pç 
OF-6G-GU;PARAFUSO CABECA SEXTAVADA, ROSCA SOBERBA, EM AÇO CARBONO BICROMATIZADO (rosca x comprimento).;POLEODUTO OU SIMILAR;"5/16"" x 2""";pç 
OF-6G-HV;"PARAFUSO CABECA SEXTAVADA, ROSCA SOBERBA, EM AÇO CARBONO BICROMATIZADO (rosca x comprimento). 3/8"" x 2 1/2""";POLEODUTO OU SIMILAR;"3/8"" x 2 1/2""";pç 
OF-6I-FS;PARAFUSO CABECA SEXTAVADA, ROSCA SOBERBA, EM AÇO INOX AISI 304.  (0 diâmetro x comprimento).;POLEODUTO OU SIMILAR;"1/4"" x 1 3/4""";pç 
OF-6I-GU;PARAFUSO CABECA SEXTAVADA, ROSCA SOBERBA, EM AÇO INOX AISI 304.  (0 diâmetro x comprimento).;POLEODUTO OU SIMILAR;"5/16"" x 2""";pç 
OF-6I-HV;PARAFUSO CABECA SEXTAVADA, ROSCA SOBERBA, EM AÇO INOX AISI 304.  (0 diâmetro x comprimento).;POLEODUTO OU SIMILAR;"3/8"" x 2 1/2""";pç 
OF-6I-IV;PARAFUSO CABECA SEXTAVADA, ROSCA SOBERBA, EM AÇO INOX AISI 304.  (0 diâmetro x comprimento).;POLEODUTO OU SIMILAR;"3/8""x 1/2""";pç 
OF-6J-GU;PARAFUSO CABECA SEXTAVADA, ROSCA SOBERBA, EM AÇO INOX AISI 304.  (0 diâmetro x comprimento).;POLEODUTO OU SIMILAR;"3/8""x 2""";pç 
OF-6J-HV;PARAFUSO CABECA SEXTAVADA, ROSCA SOBERBA, EM AÇO INOX AISI 304.  (0 diâmetro x comprimento).;POLEODUTO OU SIMILAR;"3/8""x 2.1/2""";pç 
OF-6J-IV;PARAFUSO CABECA SEXTAVADA, ROSCA SOBERBA, EM AÇO INOX AISI 304.  (0 diâmetro x comprimento).;POLEODUTO OU SIMILAR;"3/8""x 11/2""";pç 
OF-6T-FN;PARAFUSO CABECA SEXTAVADA, ROSCA SOBERBA, EM AÇO INOX AISI 304.  (0 diâmetro x comprimento).;POLEODUTO OU SIMILAR;"1/4""x 1""";pç 
OF-6T-IV;PARAFUSO CABECA SEXTAVADA, ROSCA SOBERBA, EM AÇO INOX AISI 304.  (0 diâmetro x comprimento).;POLEODUTO OU SIMILAR;"3/8""x 1 1/2""";pç 
OF-6V-GU;PARAFUSO OLHAL, ROSCA MÉTRICA, EM AÇO BICROMATIZADO;REAL PERFIL OU SIMILAR;"5/16""x 25mm";pç 
OF-BI-DO;PARAFUSO PHILIPS, ROSCA SOBERBA, EM AÇO INOX AISI 304.;TERMOTÉCNICA OU SIMILAR;4,2 x 32 mm;pç 
AL-03-53;PARA-RAIO DE LINHA PARA DISTRIBUIÇÃO, CORRENTE DE INTERRUPÇÃO 5kA,  COM SUPORTE PARA FIXAÇÃO EM CRUZETA DE MADEIRA, COMPLETO COM PARAFUSO, PORCA E ARRUELA.;ELETROSUD OU SIMILAR;15kV;pç 
AL-02-51;PARA-RAIO TIPO FRANKLIN, EM LATÃO CROMADO, COM CONECTOR PARA DUAS (2) DESCIDAS DE ATÉ CABO 95 mm2, COM ROSCA EXTERNA WW..;TERMOTÉCNICA OU SIMILAR;"3/4""";pç 
AL-02-52;PARA-RAIO TIPO FRANKLIN, EM LATÃO CROMADO, COM CONECTOR PARA UMA (1) DESCIDA DE ATÉ CABO 95 mm2, COM ROSCA EXTERNA WW.;TERMOTÉCNICA OU SIMILAR;"3/4""";pç 
QA-02-AB;PERFILADO PERFURADO EM CHAPA 14 MSG, EM CHAPA DE AÇO GALVANIZAÇÃO ELETROLÍTICA,  COM COMPRIMENTO DE 6 m.;POLEODUTO OU SIMILAR;19x38 mm;pç 
QA-02-BB;PERFILADO PERFURADO EM CHAPA 14 MSG, EM CHAPA DE AÇO GALVANIZAÇÃO ELETROLÍTICA,  COM COMPRIMENTO DE 6 m.;POLEODUTO OU SIMILAR;38x38 mm;pç 
QA-02-AC;PERFILADO PERFURADO EM CHAPA 14 MSG, EM CHAPA DE AÇO GALVANIZADO A QUENTE,  COM COMPRIMENTO DE 6 m.;POLEODUTO OU SIMILAR;19x38 mm;pç 
QA-02-BC;PERFILADO PERFURADO EM CHAPA 14 MSG, EM CHAPA DE AÇO GALVANIZADO A QUENTE,  COM COMPRIMENTO DE 6 m.;POLEODUTO OU SIMILAR;38x38 mm;pç 
LP-03-03;PLACA DE JUNÇÃO ARTICULADA HORIZONTAL, PARA LEITO TIPO  LEVE-E FABRICADA EM FIBRA DE VIDRO PELO PROCESSO DE PULTRUSÃO EM RESINA ESTERVINÍLICA AUTO-EXTINGUÍVEL.(COMPRIMENTO=C, ALITURA=L, ESPESSURA=E) C=180mm, L=100mm, E=10mm.;COGUMELO OU SIMILAR;C=180mm, L=100mm, E=10mm;pç 
LU-03-01;PLACA DE JUNÇÃO ARTICULADA HORIZONTAL, PARA LEITO TIPO PESADO, FABRICADA EM FIBRA DE VIDRO PELO PROCESSO DE PULTRUSÃO EM RESINA ESTERVINÍLICA AUTO-EXTINGUÍVEL.(COMPRIMENTO=B, LARGURA=L, ESPESSURA=E) B=125mm, L=150mm, E=12mm;COGUMELO OU SIMILAR;B=125mm, L=150mm, E=12mm;pç 
LP-03-02;PLACA DE JUNÇÃO ARTICULADA VERTICAL, PARA LEITO TIPO LEVE-E, FABRICADA EM FIBRA DE VIDRO PELO PROCESSO DE PULTRUSÃO EM RESINA ESTERVINÍLICA AUTO-EXTINGUÍVEL.(COMPRIMENTO=B, LARGURA=L, ESPESSURA=E);COGUMELO OU SIMILAR;B=150mm, L=100mm, E=6mm;pç 
LP-03-04;PLACA DE JUNÇÃO ARTICULADA VERTICAL, PARA LEITO TIPO LEVE-E, FABRICADA EM FIBRA DE VIDRO PELO PROCESSO DE PULTRUSÃO EM RESINA ESTERVINÍLICA AUTO-EXTINGUÍVEL.(COMPRIMENTO=C, LARGURA=L, ESPESSURA=E);COGUMELO OU SIMILAR;C=100mm, L=150mm, E=10mm;pç 
LU-03-02;PLACA DE JUNÇÃO ARTICULADA VERTICAL, PARA LEITO TIPO PESADO, FABRICADA EM FIBRA DE VIDRO PELO PROCESSO DE PULTRUSÃO EM RESINA ESTERVINÍLICA AUTO-EXTINGUÍVEL.(COMPRIMENTO=B, LARGURA=L, ESPESSURA=E), C=100mm, L=100mm, E=5mm;COGUMELO OU SIMILAR;B=225mm, L=150mm, E=6mm;pç 
LP-02-01;PLACA DE JUNÇÃO RETA HORIZONTAL 90º, PARA LEITO TIPO LEVE-E, FABRICADA EM FIBRA DE VIDRO PELO PROCESSO DE PULTRUSÃO EM RESINA ESTERVINÍLICA AUTO-EXTINGUÍVEL.(COMPRIMENTO=C, ALTURA=L, ESPESSURA=E) C=100mm, L=100mm, E=5mm;COGUMELO OU SIMILAR;C=100mm, L=100mm, E=5mm;pç 
LP-01-01;PLACA DE JUNÇÃO RETA HORIZONTAL, PARA LEITO TIPO LEVE-E, FABRICADA EM FIBRA DE VIDRO PELO PROCESSO DE PULTRUSÃO EM RESINA ESTERVINÍLICA AUTO-EXTINGUÍVEL.(COMPRIMENTO=C, ALTURA=L, ESPESSURA=E) C=160mm, L=100mm, E=5mm.;COGUMELO OU SIMILAR;C=160mm, L=100mm, E=5mm;pç 
LP-01-02;PLACA DE JUNÇÃO RETA VERTICAL, PARA LEITO TIPO LEVE-E, FABRICADA EM FIBRA DE VIDRO PELO PROCESSO DE PULTRUSÃO EM RESINA ESTERVINÍLICA AUTO-EXTINGUÍVEL.(COMPRIMENTO=L, ALTURA=C, ESPESSURA=E);COGUMELO OU SIMILAR;C=190mm, L=100mm, E=5mm;pç 
LP-01-03;PLACA DE JUNÇÃO VERTICAl 45º, PARA LEITO TIPO LEVE-E, FABRICADA EM FIBRA DE VIDRO PELO PROCESSO DE PULTRUSÃO EM RESINA ESTERVINÍLICA AUTO-EXTINGUÍVEL.(COMPRIMENTO=L, ALTURA=C, ESPESSURA=E);COGUMELO OU SIMILAR;C=107mm, L=100mm, E=5mm;pç 
FB-03-51;PLACA DE SEPARAÇÃO OU FINAL, FABRICADA EM POLIAMIDA, PARA MONTAGEM EM  TRILHO TS-32.;CONEXEL OU SIMILAR;;pç 
IH-01-90;PLAFONIER 374 ZINCADO PARA LÂMPADA FLUORESCENTE COMPACTA ELETRÔNICA, FORNECIDO COM BASE E-27 DE PORCELANA, FORNECIDO COM PARAFUSOS, PORCAS E ARRUELAS PARA FIXAÇÃO.;;;cj 
TB-22-51;PLUG PADRÃO BRASILEIRO, 2 POLOS+TERRA, COM PINOS CILINDRICOS, NA COR PRETA.;PIAL OU SIMILAR;10A-250V;pç 
QJ-3W-E;"PORCA LOSANGULAR COM MOLA, ROSCA ""WW"", EM AÇO BICROMATIZADO.";POLEODUTO OU SIMILAR;"3/16""";pç 
QJ-3W-F;"PORCA LOSANGULAR COM MOLA, ROSCA ""WW"", EM AÇO BICROMATIZADO.";POLEODUTO OU SIMILAR;"1/4""";pç 
QJ-3W-G;"PORCA LOSANGULAR COM MOLA, ROSCA ""WW"", EM AÇO BICROMATIZADO.";POLEODUTO OU SIMILAR;"5/16""";pç 
QJ-3W-H;"PORCA LOSANGULAR COM MOLA, ROSCA ""WW"", EM AÇO BICROMATIZADO.";POLEODUTO OU SIMILAR;"3/8""";pç 
QJ-1W-G;"PORCA LOSANGULAR COM PINO ROSQUEADO, ROSCA ""WW"", EM AÇO BICROMATIZADO.";POLEODUTO OU SIMILAR;"1/4""";pç 
QJ-1W-F;"PORCA LOSANGULAR COM PINO ROSQUEADO, ROSCA ""WW"", EM AÇO BICROMATIZADO.";POLEODUTO OU SIMILAR;"5/16""";pç 
QJ-1W-H;"PORCA LOSANGULAR COM PINO ROSQUEADO, ROSCA ""WW"", EM AÇO BICROMATIZADO.";POLEODUTO OU SIMILAR;"3/8""";pç 
QJ-0W-E;"PORCA LOSANGULAR SEM MOLA, ROSCA ""WW"", EM AÇO BICROMATIZADO.";POLEODUTO OU SIMILAR;"3/16""";pç 
QJ-0W-F;"PORCA LOSANGULAR SEM MOLA, ROSCA ""WW"", EM AÇO BICROMATIZADO.";POLEODUTO OU SIMILAR;"1/4""";pç 
QJ-0W-G;"PORCA LOSANGULAR SEM MOLA, ROSCA ""WW"", EM AÇO BICROMATIZADO.";POLEODUTO OU SIMILAR;"5/16""";pç 
QJ-0W-H;"PORCA LOSANGULAR SEM MOLA, ROSCA ""WW"", EM AÇO BICROMATIZADO.";POLEODUTO OU SIMILAR;"3/8""";pç 
QJ-8W-E;"PORCA LOSANGULAR SEM MOLA, ROSCA ""WW"", EM AÇO INOX AISI 304.";POLEODUTO OU SIMILAR;"3/16""";pç 
QJ-8W-F;"PORCA LOSANGULAR SEM MOLA, ROSCA ""WW"", EM AÇO INOX AISI 304.";POLEODUTO OU SIMILAR;"1/4""";pç 
QJ-8W-G;"PORCA LOSANGULAR SEM MOLA, ROSCA ""WW"", EM AÇO INOX AISI 304.";POLEODUTO OU SIMILAR;"5/16""";pç 
QJ-8W-H;"PORCA LOSANGULAR SEM MOLA, ROSCA ""WW"", EM AÇO INOX AISI 304.";POLEODUTO OU SIMILAR;"3/8""";pç 
QJ-9W-E;"PORCA LOSANGULAR, COM MOLA COM ROSCA ""WW"" EM AÇO INOX 304.";POLEODUTO OU SIMILAR;"3/16""";pç 
QJ-9W-F;"PORCA LOSANGULAR, COM MOLA COM ROSCA ""WW"" EM AÇO INOX 304. 1/4""";POLEODUTO OU SIMILAR;"1/4""";pç 
QJ-9W-G;"PORCA LOSANGULAR, COM MOLA COM ROSCA ""WW"" EM AÇO INOX 304.";POLEODUTO OU SIMILAR;"5/16""";pç 
QJ-9W-H;"PORCA LOSANGULAR, COM MOLA COM ROSCA ""WW"" EM AÇO INOX 304.";POLEODUTO OU SIMILAR;"3/8""";pç 
OE-0O-H;PORCA QUADRADA, FABRICADO EM  LIGA DE ALUMÍNIO DE ALTA RESISTÊNCIA MECÂNICA.;FORJASUL OU SIMILAR;M10;pç 
OE-0O-J;PORCA QUADRADA, FABRICADO EM  LIGA DE ALUMÍNIO DE ALTA RESISTÊNCIA MECÂNICA.;FORJASUL OU SIMILAR;M12;pç 
OE-0O-L;PORCA QUADRADA, FABRICADO EM  LIGA DE ALUMÍNIO DE ALTA RESISTÊNCIA MECÂNICA.;FORJASUL OU SIMILAR;M16;pç 
OE-6G-E;"PORCA SEXTAVADA, ROSCA ""WW"", EM AÇO BICROMATIZADO.";POLEODUTO OU SIMILAR;"3/16""";pç 
OE-6G-F;"PORCA SEXTAVADA, ROSCA ""WW"", EM AÇO BICROMATIZADO.";POLEODUTO OU SIMILAR;"1/4""";pç 
OE-6G-G;"PORCA SEXTAVADA, ROSCA ""WW"", EM AÇO BICROMATIZADO.";POLEODUTO OU SIMILAR;"5/16""";pç 
OE-6G-H;"PORCA SEXTAVADA, ROSCA ""WW"", EM AÇO BICROMATIZADO.";POLEODUTO OU SIMILAR;"3/8""";pç 
OE-6G-J;"PORCA SEXTAVADA, ROSCA ""WW"", EM AÇO BICROMATIZADO.";POLEODUTO OU SIMILAR;"1/2""";pç 
OE-6G-L;"PORCA SEXTAVADA, ROSCA ""WW"", EM AÇO BICROMATIZADO.";POLEODUTO OU SIMILAR;"5/8""";pç 
OE-6G-N;"PORCA SEXTAVADA, ROSCA ""WW"", EM AÇO BICROMATIZADO.";;"3/4""";pç 
OE-6I-D;"PORCA SEXTAVADA, ROSCA ""WW"", EM AÇO INOX AISI 304.";POLEODUTO OU SIMILAR;"5/32""";pç 
OE-6I-E;"PORCA SEXTAVADA, ROSCA ""WW"", EM AÇO INOX AISI 304.";POLEODUTO OU SIMILAR;"3/16""";pç 
OE-6I-F;"PORCA SEXTAVADA, ROSCA ""WW"", EM AÇO INOX AISI 304.";POLEODUTO OU SIMILAR;1/4;pç 
OE-6I-G;"PORCA SEXTAVADA, ROSCA ""WW"", EM AÇO INOX AISI 304, 3/8""";POLEODUTO OU SIMILAR;"5/16""";pç 
OE-6I-H;"PORCA SEXTAVADA, ROSCA ""WW"", EM AÇO INOX AISI 304.";POLEODUTO OU SIMILAR;"3/8""";pç 
OE-6I-J;"PORCA SEXTAVADA, ROSCA ""WW"", EM AÇO INOX AISI 304.";POLEODUTO OU SIMILAR;"1/2""";pç 
OE-6I-L;"PORCA SEXTAVADA, ROSCA ""WW"", EM AÇO INOX AISI 304.";POLEODUTO OU SIMILAR;"5/8""";pç 
OE-6T-F;"PORCA SEXTAVADA, ROSCA ""WW"", EM AÇO INOX AISI 304.";POLEODUTO OU SIMILAR;"1/4""";pç 
OE-6T-H;"PORCA SEXTAVADA, ROSCA ""WW"", EM AÇO INOX AISI 304.";POLEODUTO OU SIMILAR;"3/8""";pç 
OE-6T-J;"PORCA SEXTAVADA, ROSCA ""WW"", EM AÇO INOX AISI 304.";POLEODUTO OU SIMILAR;"1/2""";pç 
PC-00-CE;POSTE CÔNICO RETO, DE BAIXA TENSÃO, DE CONCRETO ARMADO E/OU CENTRIFUGADO, CONFORME NORMA NBR-8451, DIÂMETRO DO TOPO 140mm.;CONCREFER OU SIMILAR;8 m;pç 
PC-00-FI;POSTE CÔNICO RETO, DE BAIXA TENSÃO, DE CONCRETO ARMADO E/OU CENTRIFUGADO, CONFORME NORMA NBR-8451, DIÂMETRO DO TOPO 140mm.;CONCREFER OU SIMILAR;10,0m;pç 
PC-00-FL;POSTE CÔNICO RETO, DE BAIXA TENSÃO, DE CONCRETO ARMADO E/OU CENTRIFUGADO, CONFORME NORMA NBR-8451, DIÂMETRO DO TOPO 140mm.;CONCREFER OU SIMILAR;12,0m;pç 
PC-00-FC;"POSTE DUPLO ""T"", DE BAIXA TENSÃO, DE CONCRETO ARMADO E/OU CENTRIFUGADO, CONFORME NORMA NBR-8451 MEDIDAS DO TOPO 110x140mm.";CONCREFER OU SIMILAR;8 m;pç 
PC-00-FG;"POSTE DUPLO ""T"", DE BAIXA TENSÃO, DE CONCRETO ARMADO E/OU CENTRIFUGADO, CONFORME NORMA NBR-8451 MEDIDAS DO TOPO 110x140mm.";CONCREFER OU SIMILAR;10,0m;pç 
FB-14-83;POSTE FINAL, FABRICADO EM POLIAMIDA, 8,5mm DE ESPESSURA, PARA MONTAGEM EM TRILHO TS32.;CONEXEL OU SIMILAR;;pç 
ZA-09-02;POSTE TELECÔNICO RETO, FABRICADO EM AÇO SAE-1020, ACABAMENTO GALVANIZADO A FOGO, CONFORME NBR-6323, TIPO ENGASTADO, COM JANELA PARA PASSAGEM DE CABOS, DIÂMETRO DO TOPO 60MM.;FONINI OU SIMILAR;8,0m;pç 
ZA-09-03;POSTE TELECÔNICO RETO, FABRICADO EM AÇO SAE-1020, ACABAMENTO GALVANIZADO A FOGO, CONFORME NBR-6323, TIPO ENGASTADO, COM JANELA PARA PASSAGEM DE CABOS, DIÂMETRO DO TOPO 60MM.;FONINI OU SIMILAR;10,0m;pç 
ZA-09-04;POSTE TELECÔNICO RETO, FABRICADO EM AÇO SAE-1020, ACABAMENTO GALVANIZADO A FOGO, CONFORME NBR-6323, TIPO FLANGEADO, COM JANELA PARA PASSAGEM DE CABOS, FORNECIDO COM FLANGE, CHUMBADORES, PORCAS E ARRUELAS, DIÂMETRO DO TOPO 60MM.;FONINI OU SIMILAR;10,0m;pç 
ZA-09-05;POSTE TELECÔNICO RETO, FABRICADO EM AÇO SAE-1020, ACABAMENTO GALVANIZADO A FOGO, CONFORME NBR-6323, TIPO FLANGEADO, COM JANELA PARA PASSAGEM DE CABOS, FORNECIDO COM FLANGE, CHUMBADORES, PORCAS E ARRUELAS, DIÂMETRO DO TOPO 60MM.;FONINI OU SIMILAR;8,0m;pç 
GD-02-01;PRENSA-CABOS, FABRICADO EM LIGA DE ALUMÍNIO DE ALTA RESISTÊNCIA MECÂNICA E À CORROSÃO, COM BUCHA CÔNICA ELÁSTICA DE BORRACHA, PARA CABOS DE DIÂMETRO 10 A 12,5mm. CORPO COM ANEL SEXTAVADO, TAMPA ROSQUEADA E ARRUELA LISA DE APERTO.;NUTSTEEL OU SIMILAR;"1/2"" - BSP";pç 
GD-02-02;PRENSA-CABOS, FABRICADO EM LIGA DE ALUMÍNIO DE ALTA RESISTÊNCIA MECÂNICA E À CORROSÃO, COM BUCHA CÔNICA ELÁSTICA DE BORRACHA, PARA CABOS DE DIÂMETRO 15 A 17,5mm. CORPO COM ANEL SEXTAVADO, TAMPA ROSQUEADA E ARRUELA LISA DE APERTO, ROSCA BSP.;NUTSTEEL OU SIMILAR;"3/4"" - BSP";pç 
GD-02-03;PRENSA-CABOS, FABRICADO EM LIGA DE ALUMÍNIO DE ALTA RESISTÊNCIA MECÂNICA E À CORROSÃO, COM BUCHA CÔNICA ELÁSTICA DE BORRACHA, PARA CABOS DE DIÂMETRO 20 A 22,5mm. CORPO COM ANEL SEXTAVADO, TAMPA ROSQUEADA E ARRUELA LISA DE APERTO, ROSCA BSP.;NUTSTEEL OU SIMILAR;"1"" - BSP";pç 
GD-02-05;PRENSA-CABOS, FABRICADO EM LIGA DE ALUMÍNIO DE ALTA RESISTÊNCIA MECÂNICA E À CORROSÃO, COM BUCHA CÔNICA ELÁSTICA DE BORRACHA, PARA CABOS DE DIÂMETRO 34 A 37mm. CORPO COM ANEL SEXTAVADO, TAMPA ROSQUEADA E ARRUELA LISA DE APERTO, ROSCA BSP.;NUTSTEEL OU SIMILAR;"1.1/2"" - BSP";pç 
GD-02-06;PRENSA-CABOS, FABRICADO EM LIGA DE ALUMÍNIO DE ALTA RESISTÊNCIA MECÂNICA E À CORROSÃO, COM BUCHA CÔNICA ELÁSTICA DE BORRACHA, PARA CABOS DE DIÂMETRO 40 A 43,5mm. CORPO COM ANEL SEXTAVADO, TAMPA ROSQUEADA E ARRUELA LISA DE APERTO, ROSCA BSP.;NUTSTEEL OU SIMILAR;"2"" - BSP";pç 
GD-02-07;PRENSA-CABOS, FABRICADO EM LIGA DE ALUMÍNIO DE ALTA RESISTÊNCIA MECÂNICA E À CORROSÃO, COM BUCHA CÔNICA ELÁSTICA DE BORRACHA, PARA CABOS DE DIÂMETRO 50 A 54mm. CORPO COM ANEL SEXTAVADO, TAMPA ROSQUEADA E ARRUELA LISA DE APERTO, ROSCA BSP.;NUTSTEEL OU SIMILAR;"2.1/2"" - BSP";pç 
GD-02-08;PRENSA-CABOS, FABRICADO EM LIGA DE ALUMÍNIO DE ALTA RESISTÊNCIA MECÂNICA E À CORROSÃO, COM BUCHA CÔNICA ELÁSTICA DE BORRACHA, PARA CABOS DE DIÂMETRO 62 A 66mm. CORPO COM ANEL SEXTAVADO, TAMPA ROSQUEADA E ARRUELA LISA DE APERTO, ROSCA BSP.;NUTSTEEL OU SIMILAR;"3"" - BSP";pç 
GD-02-09;PRENSA-CABOS, FABRICADO EM LIGA DE ALUMÍNIO DE ALTA RESISTÊNCIA MECÂNICA E À CORROSÃO, COM BUCHA CÔNICA ELÁSTICA DE BORRACHA, PARA CABOS DE DIÂMETRO 76 A 84mm. CORPO COM ANEL SEXTAVADO, TAMPA ROSQUEADA E ARRUELA LISA DE APERTO, ROSCA BSP.;NUTSTEEL OU SIMILAR;"4"" - BSP";pç 
DD-03-50;"PRESILHA EM LATÃO CROMADO, TIPO ""U"", COM FURO DIÂMETRO 5mm, PARA CABO DE COBRE NU.";TERMOTÉCNICA OU SIMILAR;16/25 mm²;pç 
DD-03-51;"PRESILHA EM LATÃO CROMADO, TIPO ""U"", COM FURO DIÂMETRO 5mm, PARA CABO DE COBRE NU.";TERMOTÉCNICA OU SIMILAR;35/50 mm²;pç 
QW-3E-BL;"PRESILHA PARA GRAMPO ""C"" FABRICADO EM CHAPA DE AÇO  GALVANIZAÇÃO ELETROLÍTICA, COMPLETO COM PARAFUSO E PORCA.";POLEODUTO OU SIMILAR;;pç 
QW-3E-BM;"PRESILHA PARA GRAMPO ""C"" FABRICADO EM CHAPA DE AÇO  GALVANIZAÇÃO ELETROLÍTICA, COMPLETO COM PARAFUSO E PORCA.";POLEODUTO OU SIMILAR;;pç 
LH-11-81;PRESILHA PARA TAMPA DE ENCAIXE EM AÇO GALVANIZAÇÃO ELETROLÍTICA;POLEODUTO OU SIMILAR;106 x 25 mm;pç 
LD-11-81;PRESILHA PARA TAMPA DE ENCAIXE EM AÇO GALVANIZADO A FOGO.;POLEODUTO OU SIMILAR;105 x 25 mm;pç 
IF-16-80;PROJETOR RETANGULAR PARA LÂMPADA  VAPOR DE SÓDIO ALTA PRESSÃO, CORPO EM LIGA ALUMÍNIO FUNDIDO, REFLETOR EM FOLHA DE ALUMÍNIO MARTELADO PURO, POLIDO E OXIDADO, GRAU DE PROTEÇÃO IP-65, VIDRO TEMPERADO PLANO FIXADO A COBERTURA COM BORRACHA SILICA, SUPORTES FIXOS EM AÇO GALVANIZADO, BASE E-27, FORNECIDO COM IGNITOR/REATOR  INCORPORADOS.;TECNOWATT OU SIMILAR;70W;pç 
IF-16-87;PROJETOR RETANGULAR PARA LÂMPADA  VAPOR DE SÓDIO ALTA PRESSÃO, CORPO EM LIGA ALUMÍNIO FUNDIDO, REFLETOR EM FOLHA DE ALUMÍNIO MARTELADO PURO, POLIDO E OXIDADO, GRAU DE PROTEÇÃO IP-65, VIDRO TEMPERADO PLANO FIXADO A COBERTURA COM BORRACHA SILICA, SUPORTES FIXOS EM AÇO GALVANIZADO, BASE E-40, FORNECIDO COM IGNITOR/REATOR  INCORPORADOS.;TECNOWATT OU SIMILAR;150W;pç 
IF-16-81;PROJETOR RETANGULAR PARA LÂMPADA  VAPOR DE SÓDIO ALTA PRESSÃO, CORPO EM LIGA ALUMÍNIO FUNDIDO, REFLETOR EM FOLHA DE ALUMÍNIO MARTELADO PURO, POLIDO E OXIDADO, GRAU DE PROTEÇÃO IP-65, VIDRO TEMPERADO PLANO FIXADO A COBERTURA COM BORRACHA SILICA, SUPORTES FIXOS EM AÇO GALVANIZADO, BASE E-40, FORNECIDO COM IGNITOR/REATOR  INCORPORADOS.;TECNOWATT OU SIMILAR;250W;pç 
IF-16-82;PROJETOR RETANGULAR PARA LÂMPADA  VAPOR DE SÓDIO ALTA PRESSÃO, CORPO EM LIGA ALUMÍNIO FUNDIDO, REFLETOR EM FOLHA DE ALUMÍNIO MARTELADO PURO, POLIDO E OXIDADO, GRAU DE PROTEÇÃO IP-65, VIDRO TEMPERADO PLANO FIXADO A COBERTURA COM BORRACHA SILICA, SUPORTES FIXOS EM AÇO GALVANIZADO, BASE E-40, FORNECIDO COM IGNITOR/REATOR  INCORPORADOS.;TECNOWATT OU SIMILAR;400W;pç 
IF-16-85;PROJETOR RETANGULAR PARA LÂMPADA  VAPOR METÁLICO ALTA PRESSÃO, CORPO EM LIGA ALUMÍNIO FUNDIDO, REFLETOR EM FOLHA DE ALUMÍNIO MARTELADO PURO, POLIDO E OXIDADO, GRAU DE PROTEÇÃO IP-65, VIDRO TEMPERADO PLANO FIXADO A COBERTURA COM BORRACHA SILICA, SUPORTES FIXOS EM AÇO GALVANIZADO, BASE E-27, FORNECIDO COM IGNITOR/REATOR  INCORPORADOS.;TECNOWATT OU SIMILAR;70W;pç 
IF-16-86;PROJETOR RETANGULAR PARA LÂMPADA  VAPOR METÁLICO ALTA PRESSÃO, CORPO EM LIGA ALUMÍNIO FUNDIDO, REFLETOR EM FOLHA DE ALUMÍNIO MARTELADO PURO, POLIDO E OXIDADO, GRAU DE PROTEÇÃO IP-65, VIDRO TEMPERADO PLANO FIXADO A COBERTURA COM BORRACHA SILICA, SUPORTES FIXOS EM AÇO GALVANIZADO, BASE E-27, FORNECIDO COM IGNITOR/REATOR  INCORPORADOS.;TECNOWATT OU SIMILAR;150W;pç 
IF-16-83;PROJETOR RETANGULAR PARA LÂMPADA  VAPOR METÁLICO ALTA PRESSÃO, CORPO EM LIGA ALUMÍNIO FUNDIDO, REFLETOR EM FOLHA DE ALUMÍNIO MARTELADO PURO, POLIDO E OXIDADO, GRAU DE PROTEÇÃO IP-65, VIDRO TEMPERADO PLANO FIXADO A COBERTURA COM BORRACHA SILICA, SUPORTES FIXOS EM AÇO GALVANIZADO, BASE E-40, FORNECIDO COM IGNITOR/REATOR  INCORPORADOS.;TECNOWATT OU SIMILAR;250W;pç 
IF-16-84;PROJETOR RETANGULAR PARA LÂMPADA  VAPOR METÁLICO ALTA PRESSÃO, CORPO EM LIGA ALUMÍNIO FUNDIDO, REFLETOR EM FOLHA DE ALUMÍNIO MARTELADO PURO, POLIDO E OXIDADO, GRAU DE PROTEÇÃO IP-65, VIDRO TEMPERADO PLANO FIXADO A COBERTURA COM BORRACHA SILICA, SUPORTES FIXOS EM AÇO GALVANIZADO, BASE E-40, FORNECIDO COM IGNITOR/REATOR  INCORPORADOS.;TECNOWATT OU SIMILAR;400W;pç 
IF-04-81;PROJETOR RETANGULAR, COM LATERAIS EM ALUMÍNIO FUNDIDO, REFLETOR FACETADO EM CHAPA DE ALUMÍNIO, LENTE DE CRISTAL TEMPERADO, RESISTENTE A CHOQUES TÉRMICOS E MECÂNICOS. ACESSO LATERAL A LÂMPADA, VEDAÇÃO COM ANEL DE SILICONE, BASE E-27, E SUPORTE DE FIXAÇÃO.;TECNOWATT OU SIMILAR;;pç 
IF-04-82;PROJETOR RETANGULAR, COM LATERAIS EM ALUMÍNIO FUNDIDO, REFLETOR FACETADO EM CHAPA DE ALUMÍNIO, LENTE DE CRISTAL TEMPERADO, RESISTENTE A CHOQUES TÉRMICOS E MECÂNICOS. ACESSO LATERAL A LÂMPADA, VEDAÇÃO COM ANEL DE SILICONE, BASE E-40, E SUPORTE DE FIXAÇÃO.;TECNOWATT OU SIMILAR;;pç 
JC-I2-H;REATOR PARA LÂMPADA A VAPOR DE SODIO ALTA PRESSÃO, ALTO FATOR DE POTENCIA, 220 V, 60Hz, INTEGRADO COM IGNITOR, PARA INSTALAÇÕES EXTERNAS.;PHILIPS OU SIMILAR;70 W;pç 
JC-I2-J;REATOR PARA LÂMPADA A VAPOR DE SODIO ALTA PRESSÃO, ALTO FATOR DE POTENCIA, 220 V, 60Hz, INTEGRADO COM IGNITOR, PARA INSTALAÇÕES EXTERNAS.;PHILIPS OU SIMILAR;150 W;pç 
JC-I2-L;REATOR PARA LÂMPADA A VAPOR DE SODIO ALTA PRESSÃO, ALTO FATOR DE POTENCIA, 220 V, 60Hz, INTEGRADO COM IGNITOR, PARA INSTALAÇÕES EXTERNAS.;PHILIPS OU SIMILAR;250 W;pç 
JC-I2-N;REATOR PARA LÂMPADA A VAPOR DE SODIO ALTA PRESSÃO, ALTO FATOR DE POTENCIA, 220 V, 60Hz, INTEGRADO COM IGNITOR, PARA INSTALAÇÕES EXTERNAS.;PHILIPS OU SIMILAR;400 W;pç 
JC-I3-H;REATOR PARA LÂMPADA A VAPOR METÁLICO ALTA PRESSÃO, ALTO FATOR DE POTENCIA, 220 V, 60Hz, INTEGRADO COM IGNITOR, PARA INSTALAÇÕES EXTERNAS.;PHILIPS OU SIMILAR;70 W ;pç 
JC-I3-J;REATOR PARA LÂMPADA A VAPOR METÁLICO ALTA PRESSÃO, ALTO FATOR DE POTENCIA, 220 V, 60Hz, INTEGRADO COM IGNITOR, PARA INSTALAÇÕES EXTERNAS.;PHILIPS OU SIMILAR;150 W ;pç 
JC-I3-L;REATOR PARA LÂMPADA A VAPOR METÁLICO ALTA PRESSÃO, ALTO FATOR DE POTENCIA, 220 V, 60Hz, INTEGRADO COM IGNITOR, PARA INSTALAÇÕES EXTERNAS.;PHILIPS OU SIMILAR;250 W ;pç 
JC-I3-N;REATOR PARA LÂMPADA A VAPOR METÁLICO ALTA PRESSÃO, ALTO FATOR DE POTENCIA, 220 V, 60Hz, INTEGRADO COM IGNITOR, PARA INSTALAÇÕES EXTERNAS.;PHILIPS OU SIMILAR;400 W ;pç 
OM-00-EO;REBITE DE REPUCHO EM ALUMÍNIO;TERMOTÉCNICA OU SIMILAR;"1/4"" x 35mm";pç 
LO-05-CA;REDUÇÃO À DIREITA, TIPO LEVE-E, FABRICADA EM FIBRA DE VIDRO PELO PROCESSO DE PULTRUSÃO EM RESINA ESTERVINÍLICA AUTO-EXTINGUÍVEL, COM ABAS VOLTADAS PARA DENTRO. (LARGURA=L,B);COGUMELO OU SIMILAR;L=300, B=200;pç 
LO-05-DA;REDUÇÃO À DIREITA, TIPO LEVE-E, FABRICADA EM FIBRA DE VIDRO PELO PROCESSO DE PULTRUSÃO EM RESINA ESTERVINÍLICA AUTO-EXTINGUÍVEL, COM ABAS VOLTADAS PARA DENTRO. (LARGURA=L,B);COGUMELO OU SIMILAR;L=400, B=200;pç 
LO-05-DC;REDUÇÃO À DIREITA, TIPO LEVE-E, FABRICADA EM FIBRA DE VIDRO PELO PROCESSO DE PULTRUSÃO EM RESINA ESTERVINÍLICA AUTO-EXTINGUÍVEL, COM ABAS VOLTADAS PARA DENTRO. (LARGURA=L,B);COGUMELO OU SIMILAR;L=400, B=300;pç 
LO-05-EA;REDUÇÃO À DIREITA, TIPO LEVE-E, FABRICADA EM FIBRA DE VIDRO PELO PROCESSO DE PULTRUSÃO EM RESINA ESTERVINÍLICA AUTO-EXTINGUÍVEL, COM ABAS VOLTADAS PARA DENTRO. (LARGURA=L,B);COGUMELO OU SIMILAR;L=500, B=200;pç 
LO-05-EC;REDUÇÃO À DIREITA, TIPO LEVE-E, FABRICADA EM FIBRA DE VIDRO PELO PROCESSO DE PULTRUSÃO EM RESINA ESTERVINÍLICA AUTO-EXTINGUÍVEL, COM ABAS VOLTADAS PARA DENTRO. (LARGURA=L,B);COGUMELO OU SIMILAR;L=500, B=300;pç 
LO-05-ED;REDUÇÃO À DIREITA, TIPO LEVE-E, FABRICADA EM FIBRA DE VIDRO PELO PROCESSO DE PULTRUSÃO EM RESINA ESTERVINÍLICA AUTO-EXTINGUÍVEL, COM ABAS VOLTADAS PARA DENTRO. (LARGURA=L,B);COGUMELO OU SIMILAR;L=500, B=400;pç 
LO-05-FA;REDUÇÃO À DIREITA, TIPO LEVE-E, FABRICADA EM FIBRA DE VIDRO PELO PROCESSO DE PULTRUSÃO EM RESINA ESTERVINÍLICA AUTO-EXTINGUÍVEL, COM ABAS VOLTADAS PARA DENTRO. (LARGURA=L,B);COGUMELO OU SIMILAR;L=600, B=200;pç 
LO-05-FC;REDUÇÃO À DIREITA, TIPO LEVE-E, FABRICADA EM FIBRA DE VIDRO PELO PROCESSO DE PULTRUSÃO EM RESINA ESTERVINÍLICA AUTO-EXTINGUÍVEL, COM ABAS VOLTADAS PARA DENTRO. (LARGURA=L,B);COGUMELO OU SIMILAR;L=600, B=300;pç 
LO-05-FD;REDUÇÃO À DIREITA, TIPO LEVE-E, FABRICADA EM FIBRA DE VIDRO PELO PROCESSO DE PULTRUSÃO EM RESINA ESTERVINÍLICA AUTO-EXTINGUÍVEL, COM ABAS VOLTADAS PARA DENTRO. (LARGURA=L,B);COGUMELO OU SIMILAR;L=600, B=400;pç 
LO-05-FE;REDUÇÃO À DIREITA, TIPO LEVE-E, FABRICADA EM FIBRA DE VIDRO PELO PROCESSO DE PULTRUSÃO EM RESINA ESTERVINÍLICA AUTO-EXTINGUÍVEL, COM ABAS VOLTADAS PARA DENTRO. (LARGURA=L,B);COGUMELO OU SIMILAR;L=600, B=500;pç 
LO-05-IA;REDUÇÃO À DIREITA, TIPO LEVE-E, FABRICADA EM FIBRA DE VIDRO PELO PROCESSO DE PULTRUSÃO EM RESINA ESTERVINÍLICA AUTO-EXTINGUÍVEL, COM ABAS VOLTADAS PARA DENTRO. (LARGURA=L,B);COGUMELO OU SIMILAR;L=800, B=200;pç 
LO-05-IC;REDUÇÃO À DIREITA, TIPO LEVE-E, FABRICADA EM FIBRA DE VIDRO PELO PROCESSO DE PULTRUSÃO EM RESINA ESTERVINÍLICA AUTO-EXTINGUÍVEL, COM ABAS VOLTADAS PARA DENTRO. (LARGURA=L,B);COGUMELO OU SIMILAR;L=800, B=300;pç 
LO-05-ID;REDUÇÃO À DIREITA, TIPO LEVE-E, FABRICADA EM FIBRA DE VIDRO PELO PROCESSO DE PULTRUSÃO EM RESINA ESTERVINÍLICA AUTO-EXTINGUÍVEL, COM ABAS VOLTADAS PARA DENTRO. (LARGURA=L,B);COGUMELO OU SIMILAR;L=800, B=400;pç 
LO-05-IE;REDUÇÃO À DIREITA, TIPO LEVE-E, FABRICADA EM FIBRA DE VIDRO PELO PROCESSO DE PULTRUSÃO EM RESINA ESTERVINÍLICA AUTO-EXTINGUÍVEL, COM ABAS VOLTADAS PARA DENTRO. (LARGURA=L,B);COGUMELO OU SIMILAR;L=800, B=500;pç 
LO-05-IF;REDUÇÃO À DIREITA, TIPO LEVE-E, FABRICADA EM FIBRA DE VIDRO PELO PROCESSO DE PULTRUSÃO EM RESINA ESTERVINÍLICA AUTO-EXTINGUÍVEL, COM ABAS VOLTADAS PARA DENTRO. (LARGURA=L,B);COGUMELO OU SIMILAR;L=800, B=600;pç 
LT-05-CA;REDUÇÃO À DIREITA, TIPO PESADO, FABRICADA EM FIBRA DE VIDRO PELO PROCESSO DE PULTRUSÃO EM RESINA ESTERVINÍLICA AUTO-EXTINGUÍVEL, COM ABAS VOLTADAS PARA DENTRO. (LARGURA=L,B);COGUMELO OU SIMILAR;L=300, B=200;pç 
LT-05-DA;REDUÇÃO À DIREITA, TIPO PESADO, FABRICADA EM FIBRA DE VIDRO PELO PROCESSO DE PULTRUSÃO EM RESINA ESTERVINÍLICA AUTO-EXTINGUÍVEL, COM ABAS VOLTADAS PARA DENTRO. (LARGURA=L,B);COGUMELO OU SIMILAR;L=400, B=200;pç 
LT-05-DC;REDUÇÃO À DIREITA, TIPO PESADO, FABRICADA EM FIBRA DE VIDRO PELO PROCESSO DE PULTRUSÃO EM RESINA ESTERVINÍLICA AUTO-EXTINGUÍVEL, COM ABAS VOLTADAS PARA DENTRO. (LARGURA=L,B);COGUMELO OU SIMILAR;L=400, B=300;pç 
LT-05-EA;REDUÇÃO À DIREITA, TIPO PESADO, FABRICADA EM FIBRA DE VIDRO PELO PROCESSO DE PULTRUSÃO EM RESINA ESTERVINÍLICA AUTO-EXTINGUÍVEL, COM ABAS VOLTADAS PARA DENTRO. (LARGURA=L,B);COGUMELO OU SIMILAR;L=500, B=200;pç 
LT-05-EC;REDUÇÃO À DIREITA, TIPO PESADO, FABRICADA EM FIBRA DE VIDRO PELO PROCESSO DE PULTRUSÃO EM RESINA ESTERVINÍLICA AUTO-EXTINGUÍVEL, COM ABAS VOLTADAS PARA DENTRO. (LARGURA=L,B);COGUMELO OU SIMILAR;L=500, B=300;pç 
LT-05-ED;REDUÇÃO À DIREITA, TIPO PESADO, FABRICADA EM FIBRA DE VIDRO PELO PROCESSO DE PULTRUSÃO EM RESINA ESTERVINÍLICA AUTO-EXTINGUÍVEL, COM ABAS VOLTADAS PARA DENTRO. (LARGURA=L,B);COGUMELO OU SIMILAR;L=500, B=400;pç 
LT-05-FA;REDUÇÃO À DIREITA, TIPO PESADO, FABRICADA EM FIBRA DE VIDRO PELO PROCESSO DE PULTRUSÃO EM RESINA ESTERVINÍLICA AUTO-EXTINGUÍVEL, COM ABAS VOLTADAS PARA DENTRO. (LARGURA=L,B);COGUMELO OU SIMILAR;L=600, B=200;pç 
LT-05-FC;REDUÇÃO À DIREITA, TIPO PESADO, FABRICADA EM FIBRA DE VIDRO PELO PROCESSO DE PULTRUSÃO EM RESINA ESTERVINÍLICA AUTO-EXTINGUÍVEL, COM ABAS VOLTADAS PARA DENTRO. (LARGURA=L,B);COGUMELO OU SIMILAR;L=600, B=300;pç 
LT-05-FD;REDUÇÃO À DIREITA, TIPO PESADO, FABRICADA EM FIBRA DE VIDRO PELO PROCESSO DE PULTRUSÃO EM RESINA ESTERVINÍLICA AUTO-EXTINGUÍVEL, COM ABAS VOLTADAS PARA DENTRO. (LARGURA=L,B);COGUMELO OU SIMILAR;L=600, B=400;pç 
LT-05-FE;REDUÇÃO À DIREITA, TIPO PESADO, FABRICADA EM FIBRA DE VIDRO PELO PROCESSO DE PULTRUSÃO EM RESINA ESTERVINÍLICA AUTO-EXTINGUÍVEL, COM ABAS VOLTADAS PARA DENTRO. (LARGURA=L,B);COGUMELO OU SIMILAR;L=600, B=500;pç 
LT-05-IA;REDUÇÃO À DIREITA, TIPO PESADO, FABRICADA EM FIBRA DE VIDRO PELO PROCESSO DE PULTRUSÃO EM RESINA ESTERVINÍLICA AUTO-EXTINGUÍVEL, COM ABAS VOLTADAS PARA DENTRO. (LARGURA=L,B);COGUMELO OU SIMILAR;L=800, B=200;pç 
LT-05-IC;REDUÇÃO À DIREITA, TIPO PESADO, FABRICADA EM FIBRA DE VIDRO PELO PROCESSO DE PULTRUSÃO EM RESINA ESTERVINÍLICA AUTO-EXTINGUÍVEL, COM ABAS VOLTADAS PARA DENTRO. (LARGURA=L,B);COGUMELO OU SIMILAR;L=800, B=300;pç 
LT-05-ID;REDUÇÃO À DIREITA, TIPO PESADO, FABRICADA EM FIBRA DE VIDRO PELO PROCESSO DE PULTRUSÃO EM RESINA ESTERVINÍLICA AUTO-EXTINGUÍVEL, COM ABAS VOLTADAS PARA DENTRO. (LARGURA=L,B);COGUMELO OU SIMILAR;L=800, B=400;pç 
LT-05-IE;REDUÇÃO À DIREITA, TIPO PESADO, FABRICADA EM FIBRA DE VIDRO PELO PROCESSO DE PULTRUSÃO EM RESINA ESTERVINÍLICA AUTO-EXTINGUÍVEL, COM ABAS VOLTADAS PARA DENTRO. (LARGURA=L,B);COGUMELO OU SIMILAR;L=800, B=500;pç 
LT-05-IF;REDUÇÃO À DIREITA, TIPO PESADO, FABRICADA EM FIBRA DE VIDRO PELO PROCESSO DE PULTRUSÃO EM RESINA ESTERVINÍLICA AUTO-EXTINGUÍVEL, COM ABAS VOLTADAS PARA DENTRO. (LARGURA=L,B);COGUMELO OU SIMILAR;L=800, B=600;pç 
LO-04-CA;REDUÇÃO À ESQUERDA, TIPO LEVE-E, FABRICADA EM FIBRA DE VIDRO PELO PROCESSO DE PULTRUSÃO EM RESINA ESTERVINÍLICA AUTO-EXTINGUÍVEL, COM ABAS VOLTADAS PARA DENTRO. (LARGURA=L,B);COGUMELO OU SIMILAR;L=300, B=200;pç 
LO-04-DA;REDUÇÃO À ESQUERDA, TIPO LEVE-E, FABRICADA EM FIBRA DE VIDRO PELO PROCESSO DE PULTRUSÃO EM RESINA ESTERVINÍLICA AUTO-EXTINGUÍVEL, COM ABAS VOLTADAS PARA DENTRO. (LARGURA=L,B);COGUMELO OU SIMILAR;L=400, B=200;pç 
LO-04-DC;REDUÇÃO À ESQUERDA, TIPO LEVE-E, FABRICADA EM FIBRA DE VIDRO PELO PROCESSO DE PULTRUSÃO EM RESINA ESTERVINÍLICA AUTO-EXTINGUÍVEL, COM ABAS VOLTADAS PARA DENTRO. (LARGURA=L,B);COGUMELO OU SIMILAR;L=400, B=300;pç 
LO-04-EA;REDUÇÃO À ESQUERDA, TIPO LEVE-E, FABRICADA EM FIBRA DE VIDRO PELO PROCESSO DE PULTRUSÃO EM RESINA ESTERVINÍLICA AUTO-EXTINGUÍVEL, COM ABAS VOLTADAS PARA DENTRO. (LARGURA=L,B);COGUMELO OU SIMILAR;L=500, B=200;pç 
LO-04-EC;REDUÇÃO À ESQUERDA, TIPO LEVE-E, FABRICADA EM FIBRA DE VIDRO PELO PROCESSO DE PULTRUSÃO EM RESINA ESTERVINÍLICA AUTO-EXTINGUÍVEL, COM ABAS VOLTADAS PARA DENTRO. (LARGURA=L,B);COGUMELO OU SIMILAR;L=500, B=300;pç 
LO-04-ED;REDUÇÃO À ESQUERDA, TIPO LEVE-E, FABRICADA EM FIBRA DE VIDRO PELO PROCESSO DE PULTRUSÃO EM RESINA ESTERVINÍLICA AUTO-EXTINGUÍVEL, COM ABAS VOLTADAS PARA DENTRO. (LARGURA=L,B);COGUMELO OU SIMILAR;L=500, B=400;pç 
LO-04-FA;REDUÇÃO À ESQUERDA, TIPO LEVE-E, FABRICADA EM FIBRA DE VIDRO PELO PROCESSO DE PULTRUSÃO EM RESINA ESTERVINÍLICA AUTO-EXTINGUÍVEL, COM ABAS VOLTADAS PARA DENTRO. (LARGURA=L,B);COGUMELO OU SIMILAR;L=600, B=200;pç 
LO-04-FC;REDUÇÃO À ESQUERDA, TIPO LEVE-E, FABRICADA EM FIBRA DE VIDRO PELO PROCESSO DE PULTRUSÃO EM RESINA ESTERVINÍLICA AUTO-EXTINGUÍVEL, COM ABAS VOLTADAS PARA DENTRO. (LARGURA=L,B);COGUMELO OU SIMILAR;L=600, B=300;pç 
LO-04-FD;REDUÇÃO À ESQUERDA, TIPO LEVE-E, FABRICADA EM FIBRA DE VIDRO PELO PROCESSO DE PULTRUSÃO EM RESINA ESTERVINÍLICA AUTO-EXTINGUÍVEL, COM ABAS VOLTADAS PARA DENTRO. (LARGURA=L,B);COGUMELO OU SIMILAR;L=600, B=400;pç 
LO-04-FE;REDUÇÃO À ESQUERDA, TIPO LEVE-E, FABRICADA EM FIBRA DE VIDRO PELO PROCESSO DE PULTRUSÃO EM RESINA ESTERVINÍLICA AUTO-EXTINGUÍVEL, COM ABAS VOLTADAS PARA DENTRO. (LARGURA=L,B);COGUMELO OU SIMILAR;L=600, B=500;pç 
LO-04-IA;REDUÇÃO À ESQUERDA, TIPO LEVE-E, FABRICADA EM FIBRA DE VIDRO PELO PROCESSO DE PULTRUSÃO EM RESINA ESTERVINÍLICA AUTO-EXTINGUÍVEL, COM ABAS VOLTADAS PARA DENTRO. (LARGURA=L,B);COGUMELO OU SIMILAR;L=800, B=200;pç 
LO-04-IC;REDUÇÃO À ESQUERDA, TIPO LEVE-E, FABRICADA EM FIBRA DE VIDRO PELO PROCESSO DE PULTRUSÃO EM RESINA ESTERVINÍLICA AUTO-EXTINGUÍVEL, COM ABAS VOLTADAS PARA DENTRO. (LARGURA=L,B);COGUMELO OU SIMILAR;L=800, B=300;pç 
LO-04-ID;REDUÇÃO À ESQUERDA, TIPO LEVE-E, FABRICADA EM FIBRA DE VIDRO PELO PROCESSO DE PULTRUSÃO EM RESINA ESTERVINÍLICA AUTO-EXTINGUÍVEL, COM ABAS VOLTADAS PARA DENTRO. (LARGURA=L,B);COGUMELO OU SIMILAR;L=800, B=400;pç 
LO-04-IE;REDUÇÃO À ESQUERDA, TIPO LEVE-E, FABRICADA EM FIBRA DE VIDRO PELO PROCESSO DE PULTRUSÃO EM RESINA ESTERVINÍLICA AUTO-EXTINGUÍVEL, COM ABAS VOLTADAS PARA DENTRO. (LARGURA=L,B);COGUMELO OU SIMILAR;L=800, B=500;pç 
LO-04-IF;REDUÇÃO À ESQUERDA, TIPO LEVE-E, FABRICADA EM FIBRA DE VIDRO PELO PROCESSO DE PULTRUSÃO EM RESINA ESTERVINÍLICA AUTO-EXTINGUÍVEL, COM ABAS VOLTADAS PARA DENTRO. (LARGURA=L,B);COGUMELO OU SIMILAR;L=800, B=600;pç 
LT-04-CA;REDUÇÃO À ESQUERDA, TIPO PESADO, FABRICADA EM FIBRA DE VIDRO PELO PROCESSO DE PULTRUSÃO EM RESINA ESTERVINÍLICA AUTO-EXTINGUÍVEL, COM ABAS VOLTADAS PARA DENTRO. (LARGURA=L,B);COGUMELO OU SIMILAR;L=300, B=200;pç 
LT-04-DA;REDUÇÃO À ESQUERDA, TIPO PESADO, FABRICADA EM FIBRA DE VIDRO PELO PROCESSO DE PULTRUSÃO EM RESINA ESTERVINÍLICA AUTO-EXTINGUÍVEL, COM ABAS VOLTADAS PARA DENTRO. (LARGURA=L,B);COGUMELO OU SIMILAR;L=400, B=200;pç 
LT-04-DC;REDUÇÃO À ESQUERDA, TIPO PESADO, FABRICADA EM FIBRA DE VIDRO PELO PROCESSO DE PULTRUSÃO EM RESINA ESTERVINÍLICA AUTO-EXTINGUÍVEL, COM ABAS VOLTADAS PARA DENTRO. (LARGURA=L,B);COGUMELO OU SIMILAR;L=400, B=300;pç 
LT-04-EA;REDUÇÃO À ESQUERDA, TIPO PESADO, FABRICADA EM FIBRA DE VIDRO PELO PROCESSO DE PULTRUSÃO EM RESINA ESTERVINÍLICA AUTO-EXTINGUÍVEL, COM ABAS VOLTADAS PARA DENTRO. (LARGURA=L,B);COGUMELO OU SIMILAR;L=500, B=200;pç 
LT-04-EC;REDUÇÃO À ESQUERDA, TIPO PESADO, FABRICADA EM FIBRA DE VIDRO PELO PROCESSO DE PULTRUSÃO EM RESINA ESTERVINÍLICA AUTO-EXTINGUÍVEL, COM ABAS VOLTADAS PARA DENTRO. (LARGURA=L,B);COGUMELO OU SIMILAR;L=500, B=300;pç 
LT-04-ED;REDUÇÃO À ESQUERDA, TIPO PESADO, FABRICADA EM FIBRA DE VIDRO PELO PROCESSO DE PULTRUSÃO EM RESINA ESTERVINÍLICA AUTO-EXTINGUÍVEL, COM ABAS VOLTADAS PARA DENTRO. (LARGURA=L,B);COGUMELO OU SIMILAR;L=500, B=400;pç 
LT-04-FA;REDUÇÃO À ESQUERDA, TIPO PESADO, FABRICADA EM FIBRA DE VIDRO PELO PROCESSO DE PULTRUSÃO EM RESINA ESTERVINÍLICA AUTO-EXTINGUÍVEL, COM ABAS VOLTADAS PARA DENTRO. (LARGURA=L,B);COGUMELO OU SIMILAR;L=600, B=200;pç 
LT-04-FC;REDUÇÃO À ESQUERDA, TIPO PESADO, FABRICADA EM FIBRA DE VIDRO PELO PROCESSO DE PULTRUSÃO EM RESINA ESTERVINÍLICA AUTO-EXTINGUÍVEL, COM ABAS VOLTADAS PARA DENTRO. (LARGURA=L,B);COGUMELO OU SIMILAR;L=600, B=300;pç 
LT-04-FD;REDUÇÃO À ESQUERDA, TIPO PESADO, FABRICADA EM FIBRA DE VIDRO PELO PROCESSO DE PULTRUSÃO EM RESINA ESTERVINÍLICA AUTO-EXTINGUÍVEL, COM ABAS VOLTADAS PARA DENTRO. (LARGURA=L,B);COGUMELO OU SIMILAR;L=600, B=400;pç 
LT-04-FE;REDUÇÃO À ESQUERDA, TIPO PESADO, FABRICADA EM FIBRA DE VIDRO PELO PROCESSO DE PULTRUSÃO EM RESINA ESTERVINÍLICA AUTO-EXTINGUÍVEL, COM ABAS VOLTADAS PARA DENTRO. (LARGURA=L,B);COGUMELO OU SIMILAR;L=600, B=500;pç 
LT-04-IA;REDUÇÃO À ESQUERDA, TIPO PESADO, FABRICADA EM FIBRA DE VIDRO PELO PROCESSO DE PULTRUSÃO EM RESINA ESTERVINÍLICA AUTO-EXTINGUÍVEL, COM ABAS VOLTADAS PARA DENTRO. (LARGURA=L,B);COGUMELO OU SIMILAR;L=800, B=200;pç 
LT-04-IC;REDUÇÃO À ESQUERDA, TIPO PESADO, FABRICADA EM FIBRA DE VIDRO PELO PROCESSO DE PULTRUSÃO EM RESINA ESTERVINÍLICA AUTO-EXTINGUÍVEL, COM ABAS VOLTADAS PARA DENTRO. (LARGURA=L,B);COGUMELO OU SIMILAR;L=800, B=300;pç 
LT-04-ID;REDUÇÃO À ESQUERDA, TIPO PESADO, FABRICADA EM FIBRA DE VIDRO PELO PROCESSO DE PULTRUSÃO EM RESINA ESTERVINÍLICA AUTO-EXTINGUÍVEL, COM ABAS VOLTADAS PARA DENTRO. (LARGURA=L,B);COGUMELO OU SIMILAR;L=800, B=400;pç 
LT-04-IE;REDUÇÃO À ESQUERDA, TIPO PESADO, FABRICADA EM FIBRA DE VIDRO PELO PROCESSO DE PULTRUSÃO EM RESINA ESTERVINÍLICA AUTO-EXTINGUÍVEL, COM ABAS VOLTADAS PARA DENTRO. (LARGURA=L,B);COGUMELO OU SIMILAR;L=800, B=500;pç 
LT-04-IF;REDUÇÃO À ESQUERDA, TIPO PESADO, FABRICADA EM FIBRA DE VIDRO PELO PROCESSO DE PULTRUSÃO EM RESINA ESTERVINÍLICA AUTO-EXTINGUÍVEL, COM ABAS VOLTADAS PARA DENTRO. (LARGURA=L,B);COGUMELO OU SIMILAR;L=800, B=600;pç 
LO-08-CA;REDUÇÃO CONCÊNTRICA, TIPO LEVE-E, FABRICADA EM FIBRA DE VIDRO PELO PROCESSO DE PULTRUSÃO EM RESINA ESTERVINÍLICA AUTO-EXTINGUÍVEL, COM ABAS VOLTADAS PARA DENTRO. (LARGURA=L,B);COGUMELO OU SIMILAR;L=300, B=200;pç 
LO-08-DA;REDUÇÃO CONCÊNTRICA, TIPO LEVE-E, FABRICADA EM FIBRA DE VIDRO PELO PROCESSO DE PULTRUSÃO EM RESINA ESTERVINÍLICA AUTO-EXTINGUÍVEL, COM ABAS VOLTADAS PARA DENTRO. (LARGURA=L,B);COGUMELO OU SIMILAR;L=400, B=200;pç 
LO-08-DC;REDUÇÃO CONCÊNTRICA, TIPO LEVE-E, FABRICADA EM FIBRA DE VIDRO PELO PROCESSO DE PULTRUSÃO EM RESINA ESTERVINÍLICA AUTO-EXTINGUÍVEL, COM ABAS VOLTADAS PARA DENTRO. (LARGURA=L,B);COGUMELO OU SIMILAR;L=400, B=300;pç 
LO-08-EA;REDUÇÃO CONCÊNTRICA, TIPO LEVE-E, FABRICADA EM FIBRA DE VIDRO PELO PROCESSO DE PULTRUSÃO EM RESINA ESTERVINÍLICA AUTO-EXTINGUÍVEL, COM ABAS VOLTADAS PARA DENTRO. (LARGURA=L,B);COGUMELO OU SIMILAR;L=500, B=200;pç 
LO-08-EC;REDUÇÃO CONCÊNTRICA, TIPO LEVE-E, FABRICADA EM FIBRA DE VIDRO PELO PROCESSO DE PULTRUSÃO EM RESINA ESTERVINÍLICA AUTO-EXTINGUÍVEL, COM ABAS VOLTADAS PARA DENTRO. (LARGURA=L,B);COGUMELO OU SIMILAR;L=500, B=300;pç 
LO-08-ED;REDUÇÃO CONCÊNTRICA, TIPO LEVE-E, FABRICADA EM FIBRA DE VIDRO PELO PROCESSO DE PULTRUSÃO EM RESINA ESTERVINÍLICA AUTO-EXTINGUÍVEL, COM ABAS VOLTADAS PARA DENTRO. (LARGURA=L,B);COGUMELO OU SIMILAR;L=500, B=400;pç 
LO-08-FA;REDUÇÃO CONCÊNTRICA, TIPO LEVE-E, FABRICADA EM FIBRA DE VIDRO PELO PROCESSO DE PULTRUSÃO EM RESINA ESTERVINÍLICA AUTO-EXTINGUÍVEL, COM ABAS VOLTADAS PARA DENTRO. (LARGURA=L,B);COGUMELO OU SIMILAR;L=600, B=200;pç 
LO-08-FC;REDUÇÃO CONCÊNTRICA, TIPO LEVE-E, FABRICADA EM FIBRA DE VIDRO PELO PROCESSO DE PULTRUSÃO EM RESINA ESTERVINÍLICA AUTO-EXTINGUÍVEL, COM ABAS VOLTADAS PARA DENTRO. (LARGURA=L,B);COGUMELO OU SIMILAR;L=600, B=300;pç 
LO-08-FD;REDUÇÃO CONCÊNTRICA, TIPO LEVE-E, FABRICADA EM FIBRA DE VIDRO PELO PROCESSO DE PULTRUSÃO EM RESINA ESTERVINÍLICA AUTO-EXTINGUÍVEL, COM ABAS VOLTADAS PARA DENTRO. (LARGURA=L,B);COGUMELO OU SIMILAR;L=600, B=400;pç 
LO-08-FE;REDUÇÃO CONCÊNTRICA, TIPO LEVE-E, FABRICADA EM FIBRA DE VIDRO PELO PROCESSO DE PULTRUSÃO EM RESINA ESTERVINÍLICA AUTO-EXTINGUÍVEL, COM ABAS VOLTADAS PARA DENTRO. (LARGURA=L,B);COGUMELO OU SIMILAR;L=600, B=500;pç 
LO-08-IA;REDUÇÃO CONCÊNTRICA, TIPO LEVE-E, FABRICADA EM FIBRA DE VIDRO PELO PROCESSO DE PULTRUSÃO EM RESINA ESTERVINÍLICA AUTO-EXTINGUÍVEL, COM ABAS VOLTADAS PARA DENTRO. (LARGURA=L,B);COGUMELO OU SIMILAR;L=800, B=200;pç 
LO-08-IC;REDUÇÃO CONCÊNTRICA, TIPO LEVE-E, FABRICADA EM FIBRA DE VIDRO PELO PROCESSO DE PULTRUSÃO EM RESINA ESTERVINÍLICA AUTO-EXTINGUÍVEL, COM ABAS VOLTADAS PARA DENTRO. (LARGURA=L,B);COGUMELO OU SIMILAR;L=800, B=300;pç 
LO-08-ID;REDUÇÃO CONCÊNTRICA, TIPO LEVE-E, FABRICADA EM FIBRA DE VIDRO PELO PROCESSO DE PULTRUSÃO EM RESINA ESTERVINÍLICA AUTO-EXTINGUÍVEL, COM ABAS VOLTADAS PARA DENTRO. (LARGURA=L,B);COGUMELO OU SIMILAR;L=800, B=400;pç 
LO-08-IE;REDUÇÃO CONCÊNTRICA, TIPO LEVE-E, FABRICADA EM FIBRA DE VIDRO PELO PROCESSO DE PULTRUSÃO EM RESINA ESTERVINÍLICA AUTO-EXTINGUÍVEL, COM ABAS VOLTADAS PARA DENTRO. (LARGURA=L,B);COGUMELO OU SIMILAR;L=800, B=500;pç 
LO-08-IF;REDUÇÃO CONCÊNTRICA, TIPO LEVE-E, FABRICADA EM FIBRA DE VIDRO PELO PROCESSO DE PULTRUSÃO EM RESINA ESTERVINÍLICA AUTO-EXTINGUÍVEL, COM ABAS VOLTADAS PARA DENTRO. (LARGURA=L,B);COGUMELO OU SIMILAR;L=800, B=600;pç 
LT-08-CA;REDUÇÃO CONCÊNTRICA, TIPO PESADO, FABRICADA EM FIBRA DE VIDRO PELO PROCESSO DE PULTRUSÃO EM RESINA ESTERVINÍLICA AUTO-EXTINGUÍVEL, COM ABAS VOLTADAS PARA DENTRO. (LARGURA=L,B);COGUMELO OU SIMILAR;L=300, B=200;pç 
LT-08-DA;REDUÇÃO CONCÊNTRICA, TIPO PESADO, FABRICADA EM FIBRA DE VIDRO PELO PROCESSO DE PULTRUSÃO EM RESINA ESTERVINÍLICA AUTO-EXTINGUÍVEL, COM ABAS VOLTADAS PARA DENTRO. (LARGURA=L,B);COGUMELO OU SIMILAR;L=400, B=200;pç 
LT-08-DC;REDUÇÃO CONCÊNTRICA, TIPO PESADO, FABRICADA EM FIBRA DE VIDRO PELO PROCESSO DE PULTRUSÃO EM RESINA ESTERVINÍLICA AUTO-EXTINGUÍVEL, COM ABAS VOLTADAS PARA DENTRO. (LARGURA=L,B);COGUMELO OU SIMILAR;L=400, B=300;pç 
LT-08-EA;REDUÇÃO CONCÊNTRICA, TIPO PESADO, FABRICADA EM FIBRA DE VIDRO PELO PROCESSO DE PULTRUSÃO EM RESINA ESTERVINÍLICA AUTO-EXTINGUÍVEL, COM ABAS VOLTADAS PARA DENTRO. (LARGURA=L,B);COGUMELO OU SIMILAR;L=500, B=200;pç 
LT-08-EC;REDUÇÃO CONCÊNTRICA, TIPO PESADO, FABRICADA EM FIBRA DE VIDRO PELO PROCESSO DE PULTRUSÃO EM RESINA ESTERVINÍLICA AUTO-EXTINGUÍVEL, COM ABAS VOLTADAS PARA DENTRO. (LARGURA=L,B);COGUMELO OU SIMILAR;L=500, B=300;pç 
LT-08-ED;REDUÇÃO CONCÊNTRICA, TIPO PESADO, FABRICADA EM FIBRA DE VIDRO PELO PROCESSO DE PULTRUSÃO EM RESINA ESTERVINÍLICA AUTO-EXTINGUÍVEL, COM ABAS VOLTADAS PARA DENTRO. (LARGURA=L,B);COGUMELO OU SIMILAR;L=500, B=400;pç 
LT-08-FA;REDUÇÃO CONCÊNTRICA, TIPO PESADO, FABRICADA EM FIBRA DE VIDRO PELO PROCESSO DE PULTRUSÃO EM RESINA ESTERVINÍLICA AUTO-EXTINGUÍVEL, COM ABAS VOLTADAS PARA DENTRO. (LARGURA=L,B);COGUMELO OU SIMILAR;L=600, B=200;pç 
LT-08-FC;REDUÇÃO CONCÊNTRICA, TIPO PESADO, FABRICADA EM FIBRA DE VIDRO PELO PROCESSO DE PULTRUSÃO EM RESINA ESTERVINÍLICA AUTO-EXTINGUÍVEL, COM ABAS VOLTADAS PARA DENTRO. (LARGURA=L,B);COGUMELO OU SIMILAR;L=600, B=300;pç 
LT-08-FD;REDUÇÃO CONCÊNTRICA, TIPO PESADO, FABRICADA EM FIBRA DE VIDRO PELO PROCESSO DE PULTRUSÃO EM RESINA ESTERVINÍLICA AUTO-EXTINGUÍVEL, COM ABAS VOLTADAS PARA DENTRO. (LARGURA=L,B);COGUMELO OU SIMILAR;L=600, B=400;pç 
LT-08-FE;REDUÇÃO CONCÊNTRICA, TIPO PESADO, FABRICADA EM FIBRA DE VIDRO PELO PROCESSO DE PULTRUSÃO EM RESINA ESTERVINÍLICA AUTO-EXTINGUÍVEL, COM ABAS VOLTADAS PARA DENTRO. (LARGURA=L,B);COGUMELO OU SIMILAR;L=600, B=500;pç 
LT-08-IA;REDUÇÃO CONCÊNTRICA, TIPO PESADO, FABRICADA EM FIBRA DE VIDRO PELO PROCESSO DE PULTRUSÃO EM RESINA ESTERVINÍLICA AUTO-EXTINGUÍVEL, COM ABAS VOLTADAS PARA DENTRO. (LARGURA=L,B);COGUMELO OU SIMILAR;L=800, B=200;pç 
LT-08-IC;REDUÇÃO CONCÊNTRICA, TIPO PESADO, FABRICADA EM FIBRA DE VIDRO PELO PROCESSO DE PULTRUSÃO EM RESINA ESTERVINÍLICA AUTO-EXTINGUÍVEL, COM ABAS VOLTADAS PARA DENTRO. (LARGURA=L,B);COGUMELO OU SIMILAR;L=800, B=300;pç 
LT-08-ID;REDUÇÃO CONCÊNTRICA, TIPO PESADO, FABRICADA EM FIBRA DE VIDRO PELO PROCESSO DE PULTRUSÃO EM RESINA ESTERVINÍLICA AUTO-EXTINGUÍVEL, COM ABAS VOLTADAS PARA DENTRO. (LARGURA=L,B);COGUMELO OU SIMILAR;L=800, B=400;pç 
LT-08-IE;REDUÇÃO CONCÊNTRICA, TIPO PESADO, FABRICADA EM FIBRA DE VIDRO PELO PROCESSO DE PULTRUSÃO EM RESINA ESTERVINÍLICA AUTO-EXTINGUÍVEL, COM ABAS VOLTADAS PARA DENTRO. (LARGURA=L,B);COGUMELO OU SIMILAR;L=800, B=500;pç 
LT-08-IF;REDUÇÃO CONCÊNTRICA, TIPO PESADO, FABRICADA EM FIBRA DE VIDRO PELO PROCESSO DE PULTRUSÃO EM RESINA ESTERVINÍLICA AUTO-EXTINGUÍVEL, COM ABAS VOLTADAS PARA DENTRO. (LARGURA=L,B);COGUMELO OU SIMILAR;L=800, B=600;pç 
LO-07-FD;REDUÇÃO RETA EXCÊNTRICA, TIPO LEVE-E, FABRICADA EM FIBRA DE VIDRO PELO PROCESSO DE PULTRUSÃO EM RESINA ESTERVINÍLICA AUTO-EXTINGUÍVEL, COM ABAS VOLTADAS PARA DENTRO, ALTURA DE 100mm. (LARGURA=A,B,Y);COGUMELO OU SIMILAR;A=600, B=400, Y=200;pç 
LO-07-IF;REDUÇÃO RETA EXCÊNTRICA, TIPO LEVE-E, FABRICADA EM FIBRA DE VIDRO PELO PROCESSO DE PULTRUSÃO EM RESINA ESTERVINÍLICA AUTO-EXTINGUÍVEL, COM ABAS VOLTADAS PARA DENTRO, ALTURA DE 100mm. (LARGURA=A,B,Y);COGUMELO OU SIMILAR;A=800, B=600, Y=200;pç 
FC-01-51;REGUA TERMINAL EM POLIETILENO NA COR PRETA, COM MATERIAL CONDUTOR EM LATÃO COM TRATAMENTO SUPERFICIAL EM NIQUEL,  PARA USO GERAL, FORNECIDO COM 12 BORNES.;SINDAL OU SIMILAR;6mm2 - 25A;pç 
FC-01-52;REGUA TERMINAL EM POLIETILENO NA COR PRETA, COM MATERIAL CONDUTOR EM LATÃO COM TRATAMENTO SUPERFICIAL EM NIQUEL,  PARA USO GERAL, FORNECIDO COM 12 BORNES.;SINDAL OU SIMILAR;10mm2 - 30A;pç 
FC-01-53;REGUA TERMINAL EM POLIETILENO NA COR PRETA, COM MATERIAL CONDUTOR EM LATÃO COM TRATAMENTO SUPERFICIAL EM NIQUEL,  PARA USO GERAL, FORNECIDO COM 12 BORNES.;SINDAL OU SIMILAR;16mm2 - 60A;pç 
FC-01-54;REGUA TERMINAL EM POLIETILENO NA COR PRETA, COM MATERIAL CONDUTOR EM LATÃO COM TRATAMENTO SUPERFICIAL EM NIQUEL,  PARA USO GERAL, FORNECIDO COM 12 BORNES.;SINDAL OU SIMILAR;25mm2 - 80A;pç 
IN-02-81;RELE FOTOELETRICO MAGNETICO, 127 V, COMPLETO COM BASE E SUPORTE DE FIXAÇÃO.;TECNOWATT OU SIMILAR;127 V;pç 
IN-02-82;RELE FOTOELETRICO MAGNETICO, 220V, COMPLETO COM BASE E SUPORTE DE FIXAÇÃO.;TECNOWATT OU SIMILAR;220 V  ;pç 
RO-NA-21;RODAPE FALSO COM TAMPA DE ENCAIXE, EM CHAPA AÇO CARBONO GALVANIZADO, COMPRIMENTO 1,5m, 120x30mm TRIPLO;VALEMAM OU SIMILAR;;pç 
LQ-08-02;SAÍDA HORIZONTAL, DE LEITO PARA ELETRODUTO, TIPO LEVE-E, FABRICADA EM FIBRA DE VIDRO PELO PROCESSO DE PULTRUSÃO EM RESINA ESTERVINÍLICA AUTO-EXTINGUÍVEL;COGUMELO OU SIMILAR;"3/4""";pç 
LQ-08-03;SAÍDA HORIZONTAL, DE LEITO PARA ELETRODUTO, TIPO LEVE-E, FABRICADA EM FIBRA DE VIDRO PELO PROCESSO DE PULTRUSÃO EM RESINA ESTERVINÍLICA AUTO-EXTINGUÍVEL;COGUMELO OU SIMILAR;"1""";pç 
LQ-08-05;SAÍDA HORIZONTAL, DE LEITO PARA ELETRODUTO, TIPO LEVE-E, FABRICADA EM FIBRA DE VIDRO PELO PROCESSO DE PULTRUSÃO EM RESINA ESTERVINÍLICA AUTO-EXTINGUÍVEL;COGUMELO OU SIMILAR;"1.1/2""";pç 
LQ-08-06;SAÍDA HORIZONTAL, DE LEITO PARA ELETRODUTO, TIPO LEVE-E, FABRICADA EM FIBRA DE VIDRO PELO PROCESSO DE PULTRUSÃO EM RESINA ESTERVINÍLICA AUTO-EXTINGUÍVEL;COGUMELO OU SIMILAR;"2""";pç 
LQ-08-07;SAÍDA HORIZONTAL, DE LEITO PARA ELETRODUTO, TIPO LEVE-E, FABRICADA EM FIBRA DE VIDRO PELO PROCESSO DE PULTRUSÃO EM RESINA ESTERVINÍLICA AUTO-EXTINGUÍVEL;COGUMELO OU SIMILAR;2.1/2';pç 
LQ-08-08;SAÍDA HORIZONTAL, DE LEITO PARA ELETRODUTO, TIPO LEVE-E, FABRICADA EM FIBRA DE VIDRO PELO PROCESSO DE PULTRUSÃO EM RESINA ESTERVINÍLICA AUTO-EXTINGUÍVEL;COGUMELO OU SIMILAR;"3""";pç 
LQ-08-09;SAÍDA HORIZONTAL, DE LEITO PARA ELETRODUTO, TIPO LEVE-E, FABRICADA EM FIBRA DE VIDRO PELO PROCESSO DE PULTRUSÃO EM RESINA ESTERVINÍLICA AUTO-EXTINGUÍVEL;COGUMELO OU SIMILAR;"4""";pç 
LQ-09-02;SAÍDA VERTICAL, DE LEITO PARA ELETRODUTO, TIPO LEVE-E, FABRICADA EM FIBRA DE VIDRO PELO PROCESSO DE PULTRUSÃO EM RESINA ESTERVINÍLICA AUTO-EXTINGUÍVEL;COGUMELO OU SIMILAR;"3/4""";pç 
LQ-09-03;SAÍDA VERTICAL, DE LEITO PARA ELETRODUTO, TIPO LEVE-E, FABRICADA EM FIBRA DE VIDRO PELO PROCESSO DE PULTRUSÃO EM RESINA ESTERVINÍLICA AUTO-EXTINGUÍVEL;COGUMELO OU SIMILAR;"1""";pç 
LQ-09-05;SAÍDA VERTICAL, DE LEITO PARA ELETRODUTO, TIPO LEVE-E, FABRICADA EM FIBRA DE VIDRO PELO PROCESSO DE PULTRUSÃO EM RESINA ESTERVINÍLICA AUTO-EXTINGUÍVEL;COGUMELO OU SIMILAR;"1.1/2""";pç 
LQ-09-06;SAÍDA VERTICAL, DE LEITO PARA ELETRODUTO, TIPO LEVE-E, FABRICADA EM FIBRA DE VIDRO PELO PROCESSO DE PULTRUSÃO EM RESINA ESTERVINÍLICA AUTO-EXTINGUÍVEL;COGUMELO OU SIMILAR;"2""";pç 
LQ-09-07;SAÍDA VERTICAL, DE LEITO PARA ELETRODUTO, TIPO LEVE-E, FABRICADA EM FIBRA DE VIDRO PELO PROCESSO DE PULTRUSÃO EM RESINA ESTERVINÍLICA AUTO-EXTINGUÍVEL;COGUMELO OU SIMILAR;"2.1/2""";pç 
LQ-09-08;SAÍDA VERTICAL, DE LEITO PARA ELETRODUTO, TIPO LEVE-E, FABRICADA EM FIBRA DE VIDRO PELO PROCESSO DE PULTRUSÃO EM RESINA ESTERVINÍLICA AUTO-EXTINGUÍVEL;COGUMELO OU SIMILAR;"3""";pç 
LQ-09-09;SAÍDA VERTICAL, DE LEITO PARA ELETRODUTO, TIPO LEVE-E, FABRICADA EM FIBRA DE VIDRO PELO PROCESSO DE PULTRUSÃO EM RESINA ESTERVINÍLICA AUTO-EXTINGUÍVEL;COGUMELO OU SIMILAR;"4""";pç 
RB-11-51;SAPATILHA, FABRICADA EM  LIGA DE ALUMÍNIO DE ALTA RESISTÊNCIA MECÂNICA.;FORJASUL OU SIMILAR;;pç 
RC-09-52;SELA PARA CRUZETA, FABRICADA EM  LIGA DE ALUMÍNIO DE ALTA RESISTÊNCIA MECÂNICA.;FORJASUL OU SIMILAR;110x116mm;pç 
LP-12-03;SEPTO DIVISOR PARA LEITO PARA CABOS, TIPO LEVE-E, FABRICADO EM FIBRA DE VIDRO PELO PROCESSO DE PULTRUSÃO EM RESINA ESTERVINÍLICA AUTO-EXTINGUÍVEL, FORNECIDO EM PEÇA DE 3 METROS. ALTURA = 65 mm.;COGUMELO OU SIMILAR;ALTURA = 65 mm;pç 
LH-12-81;SEPTO DIVISOR, PARA LEITO COM LONGARINAS DE 100mm E 3 METROS DE COMPRIMENTO, EM AÇO GALVANIZAÇÃO ELETROLÍTICA.;POLEODUTO OU SIMILAR;;pç 
LD-12-81;SEPTO DIVISOR, PARA LEITO COM LONGARINAS DE 100mm E 3 METROS DE COMPRIMENTO, EM AÇO GALVANIZADO A FOGO.;POLEODUTO OU SIMILAR;;pç 
QC-19-BA;SUPORTE TIPO OMEGA PARA FIXAÇÃO DE PERFILADO, GALVANIZAÇÃO ELETROLÍTICA, ALTURA 100mm.;POLEODUTO OU SIMILAR ;38 x 19mm;pç 
QC-19-BB;SUPORTE TIPO OMEGA PARA FIXAÇÃO DE PERFILADO, GALVANIZAÇÃO ELETROLÍTICA, ALTURA 150mm.;POLEODUTO OU SIMILAR ;38 x 38mm;pç 
IJ-12-02;SUPORTE PARA 01 LUMINÁRIA, FABRICADO EM AÇO SAE-1020, ACABAMENTO GALVANIZADO A FOGO, PARA INSTALAÇÃO EM TOPO DE POSTE DE AÇO RETO DE DIÂMETRO 60MM, E ENCAIXE DE LUMINÁRIAS DE DIÂMETRO 60,3MM.;TROPICO OU SIMILAR;;pç 
IJ-12-03;SUPORTE PARA 02 LUMINÁRIAS, FABRICADO EM AÇO SAE-1020, ACABAMENTO GALVANIZADO A FOGO, PARA INSTALAÇÃO EM TOPO DE POSTE DE AÇO RETO DE DIÂMETRO 60MM, E ENCAIXE DE LUMINÁRIAS DE DIÂMETRO 60,3MM.;TROPICO OU SIMILAR;;pç 
IJ-12-04;SUPORTE PARA 04 LUMINÁRIAS, FABRICADO EM AÇO SAE-1020, ACABAMENTO GALVANIZADO A FOGO, PARA INSTALAÇÃO EM TOPO DE POSTE DE AÇO RETO DE DIÂMETRO 60MM, E ENCAIXE DE LUMINÁRIAS DE DIÂMETRO 60,3MM.;TROPICO OU SIMILAR;;pç 
LD-04-81;SUPORTE PARA PAINEL DE COMANDO LOCAL, FABRICADO E FORNECIDO CONFORME DETALHE TÍPICO DE4-003.;;;cj 
LD-04-82;SUPORTE PARA 01 LEITO DE CABOS, FABRICADO E FORNECIDO CONFORME DETALHE TÍPICO DE4-007.;;;cj 
LD-04-83;SUPORTE PARA 02 LEITOS DE CABOS, FABRICADO E FORNECIDO CONFORME DETALHE TÍPICO DE4-007.;;;cj 
LD-04-84;SUPORTE PARA 03 LEITOS DE CABOS, FABRICADO E FORNECIDO CONFORME DETALHE TÍPICO DE4-007.;;;cj 
LD-04-85;SUPORTE PARA 04 LEITOS DE CABOS, FABRICADO E FORNECIDO CONFORME DETALHE TÍPICO DE4-007.;;;cj 
LD-04-86;SUPORTE PARA 05 LEITOS DE CABOS, FABRICADO E FORNECIDO CONFORME DETALHE TÍPICO DE4-007.;;;cj 
QC-13-81;SUSPENCAO GANCHO CURTO PARA INSTALAÇAO PENDENTE DE LUMINÁRIA FLUORESCENTE, FABRICADO EM CHAPA DE AÇO GALVANIZAÇÃO ELETROLÍTICA.;POLEODUTO OU SIMILAR ;;pç 
QC-13-82;SUSPENCAO GANCHO CURTO PARA INSTALAÇAO PENDENTE DE LUMINÁRIA FLUORESCENTE, FABRICADO EM CHAPA DE AÇO GALVANOZADA A FOGO;POLEODUTO OU SIMILAR ;;pç 
IJ-03-01;"SUSPENSÃO ANTI-VIBRATÓRIA, COMPOSTA DE CORPO E CONTRA-CORPO FABRICADOS EM LIGA DE ALUMÍNIO FUNDIDO COM ACABAMENTO ANTICORROSIVO NA COR CINZA TEXTURIZADO. CONTRA-CORPO COM MOLA INTERNA, PARAFAFUSO E ARRUELA EM AÇO INOX AISI 304. 3/4"".";NUTSTEEL OU SIMILAR;"1/2"" x 3/4"" BSP";pç 
IJ-03-02;SUSPENSÃO ANTI-VIBRATÓRIA, COMPOSTA DE CORPO E CONTRA-CORPO FABRICADOS EM LIGA DE ALUMÍNIO FUNDIDO COM ACABAMENTO ANTICORROSIVO NA COR CINZA TEXTURIZADO. CONTRA-CORPO COM MOLA INTERNA, PARAFAFUSO E ARRUELA EM AÇO INOX AISI 304. ;NUTSTEEL OU SIMILAR;"3/4"" x 3/4"" BSP";pç 
IJ-07-01;SUSPENSÃO ARTICULADA E ANTI-VIBRATÓRIA, FABRICADA EM LIGA DE ALUMÍNIO FUNDIDO COM REVESTIMENTO ANTICORROSIVO NA COR CINZA TEXTURIZADO. CORPO COM TOMADA 2P+T-15A-380V, CONTRA-CORPO COM MOLA INTERNA, FORNECIDO COM PLUG.;NUTSTEEL OU SIMILAR;"1/2"" x 3/4"" BSP";pç 
IJ-07-02;SUSPENSÃO ARTICULADA E ANTI-VIBRATÓRIA, FABRICADA EM LIGA DE ALUMÍNIO FUNDIDO COM REVESTIMENTO ANTICORROSIVO NA COR CINZA TEXTURIZADO. CORPO COM TOMADA 2P+T-15A-380V, CONTRA-CORPO COM MOLA INTERNA, FORNECIDO COM PLUG.;NUTSTEEL OU SIMILAR;"3/4"" x 3/4"" BSP";pç 
QC-23-81;SUSPENSÃO PARA TIRANTE (CANTONEIRA Z), FABRICADO CHAPA DE AÇO GALVANIZAÇÃO ELETROLÍTICA.;POLEODUTO OU SIMILAR ;"1/4""";pç 
QC-23-82;SUSPENSÃO PARA TIRANTE (CANTONEIRA Z), FABRICADO CHAPA DE AÇO GALVANIZADO A FOGO.;POLEODUTO OU SIMILAR ;"1/4""";pç 
LN-18-DE;TAMPA COM INCLINAÇÃO STANDARD PARA JUNÇÃO À DIREITA 90º, TIPO LEVE-E, FABRICADA EM FIBRA DE VIDRO PELO PROCESSO DE PULTRUSÃO EM RESINA ESTERVINÍLICA AUTO-EXTINGUÍVEL, COM ABAS VOLTADAS PARA DENTRO. (LARGURA=L, RAIO=R);COGUMELO OU SIMILAR;L=400 mm R=300mm;pç 
LN-18-FE;TAMPA COM INCLINAÇÃO STANDARD PARA JUNÇÃO À DIREITA 90º, TIPO LEVE-E, FABRICADA EM FIBRA DE VIDRO PELO PROCESSO DE PULTRUSÃO EM RESINA ESTERVINÍLICA AUTO-EXTINGUÍVEL, COM ABAS VOLTADAS PARA DENTRO. (LARGURA=L, RAIO=R);COGUMELO OU SIMILAR;L=600 mm R=300mm;pç 
LN-18-IE;TAMPA COM INCLINAÇÃO STANDARD PARA JUNÇÃO À DIREITA 90º, TIPO LEVE-E, FABRICADA EM FIBRA DE VIDRO PELO PROCESSO DE PULTRUSÃO EM RESINA ESTERVINÍLICA AUTO-EXTINGUÍVEL, COM ABAS VOLTADAS PARA DENTRO. (LARGURA=L, RAIO=R);COGUMELO OU SIMILAR;L=800 mm R=300mm;pç 
LN-28-DE;TAMPA COM INCLINAÇÃO STANDARD PARA JUNÇÃO À DIREITA 90º, TIPO LEVE-E, FABRICADA EM FIBRA DE VIDRO PELO PROCESSO DE PULTRUSÃO EM RESINA ESTERVINÍLICA AUTO-EXTINGUÍVEL, COM ABAS VOLTADAS PARA DENTRO. (LARGURA=L, RAIO=R);COGUMELO OU SIMILAR;L=400 mm R=600mm;pç 
LN-28-FE;TAMPA COM INCLINAÇÃO STANDARD PARA JUNÇÃO À DIREITA 90º, TIPO LEVE-E, FABRICADA EM FIBRA DE VIDRO PELO PROCESSO DE PULTRUSÃO EM RESINA ESTERVINÍLICA AUTO-EXTINGUÍVEL, COM ABAS VOLTADAS PARA DENTRO. (LARGURA=L, RAIO=R);COGUMELO OU SIMILAR;L=600 mm R=600mm;pç 
LN-28-IE;TAMPA COM INCLINAÇÃO STANDARD PARA JUNÇÃO À DIREITA 90º, TIPO LEVE-E, FABRICADA EM FIBRA DE VIDRO PELO PROCESSO DE PULTRUSÃO EM RESINA ESTERVINÍLICA AUTO-EXTINGUÍVEL, COM ABAS VOLTADAS PARA DENTRO. (LARGURA=L, RAIO=R);COGUMELO OU SIMILAR;L=800 mm R=600mm;pç 
LN-19-DE;TAMPA COM INCLINAÇÃO STANDARD PARA JUNÇÃO À ESQUERDA 90º, TIPO LEVE-E, FABRICADA EM FIBRA DE VIDRO PELO PROCESSO DE PULTRUSÃO EM RESINA ESTERVINÍLICA AUTO-EXTINGUÍVEL, COM ABAS VOLTADAS PARA DENTRO. (LARGURA=L, RAIO=R);COGUMELO OU SIMILAR;L=400 mm R=300mm;pç 
LN-19-FE;TAMPA COM INCLINAÇÃO STANDARD PARA JUNÇÃO À ESQUERDA 90º, TIPO LEVE-E, FABRICADA EM FIBRA DE VIDRO PELO PROCESSO DE PULTRUSÃO EM RESINA ESTERVINÍLICA AUTO-EXTINGUÍVEL, COM ABAS VOLTADAS PARA DENTRO. (LARGURA=L, RAIO=R);COGUMELO OU SIMILAR;L=600 mm R=300mm;pç 
LN-19-IE;TAMPA COM INCLINAÇÃO STANDARD PARA JUNÇÃO À ESQUERDA 90º, TIPO LEVE-E, FABRICADA EM FIBRA DE VIDRO PELO PROCESSO DE PULTRUSÃO EM RESINA ESTERVINÍLICA AUTO-EXTINGUÍVEL, COM ABAS VOLTADAS PARA DENTRO. (LARGURA=L, RAIO=R);COGUMELO OU SIMILAR;L=800 mm R=300mm;pç 
LN-29-DE;TAMPA COM INCLINAÇÃO STANDARD PARA JUNÇÃO À ESQUERDA 90º, TIPO LEVE-E, FABRICADA EM FIBRA DE VIDRO PELO PROCESSO DE PULTRUSÃO EM RESINA ESTERVINÍLICA AUTO-EXTINGUÍVEL, COM ABAS VOLTADAS PARA DENTRO. (LARGURA=L, RAIO=R);COGUMELO OU SIMILAR;L=400 mm R=600mm;pç 
LN-29-FE;TAMPA COM INCLINAÇÃO STANDARD PARA JUNÇÃO À ESQUERDA 90º, TIPO LEVE-E, FABRICADA EM FIBRA DE VIDRO PELO PROCESSO DE PULTRUSÃO EM RESINA ESTERVINÍLICA AUTO-EXTINGUÍVEL, COM ABAS VOLTADAS PARA DENTRO. (LARGURA=L, RAIO=R);COGUMELO OU SIMILAR;L=600 mm R=600mm;pç 
LN-29-IE;TAMPA COM INCLINAÇÃO STANDARD PARA JUNÇÃO À ESQUERDA 90º, TIPO LEVE-E, FABRICADA EM FIBRA DE VIDRO PELO PROCESSO DE PULTRUSÃO EM RESINA ESTERVINÍLICA AUTO-EXTINGUÍVEL, COM ABAS VOLTADAS PARA DENTRO. (LARGURA=L, RAIO=R);COGUMELO OU SIMILAR;L=800 mm R=600mm;pç 
LO-01-TA;TAMPA COM INCLINAÇÃO STANDARD, PARA COTOVELO RETO 90º TIPO LEVE-E, COM ABAS VOLTADAS PARA DENTRO, FABRICADA EM FIBRA DE VIDRO PELO PROCESSO DE PULTRUSÃO EM RESINA ESTERVINÍLICA AUTO-EXTINGUÍVEL. (LARGURA=L);COGUMELO OU SIMILAR;L=200 mm;pç 
LO-01-TC;TAMPA COM INCLINAÇÃO STANDARD, PARA COTOVELO RETO 90º TIPO LEVE-E, COM ABAS VOLTADAS PARA DENTRO, FABRICADA EM FIBRA DE VIDRO PELO PROCESSO DE PULTRUSÃO EM RESINA ESTERVINÍLICA AUTO-EXTINGUÍVEL. (LARGURA=L);COGUMELO OU SIMILAR;L=300 mm;pç 
LO-01-TD;TAMPA COM INCLINAÇÃO STANDARD, PARA COTOVELO RETO 90º TIPO LEVE-E, COM ABAS VOLTADAS PARA DENTRO, FABRICADA EM FIBRA DE VIDRO PELO PROCESSO DE PULTRUSÃO EM RESINA ESTERVINÍLICA AUTO-EXTINGUÍVEL. (LARGURA=L);COGUMELO OU SIMILAR;L=400 mm;pç 
LO-01-TE;TAMPA COM INCLINAÇÃO STANDARD, PARA COTOVELO RETO 90º TIPO LEVE-E, COM ABAS VOLTADAS PARA DENTRO, FABRICADA EM FIBRA DE VIDRO PELO PROCESSO DE PULTRUSÃO EM RESINA ESTERVINÍLICA AUTO-EXTINGUÍVEL. (LARGURA=L);COGUMELO OU SIMILAR;L=500 mm;pç 
LO-01-TF;TAMPA COM INCLINAÇÃO STANDARD, PARA COTOVELO RETO 90º TIPO LEVE-E, COM ABAS VOLTADAS PARA DENTRO, FABRICADA EM FIBRA DE VIDRO PELO PROCESSO DE PULTRUSÃO EM RESINA ESTERVINÍLICA AUTO-EXTINGUÍVEL. (LARGURA=L);COGUMELO OU SIMILAR;L=600 mm;pç 
LO-01-TI;TAMPA COM INCLINAÇÃO STANDARD, PARA COTOVELO RETO 90º TIPO LEVE-E, COM ABAS VOLTADAS PARA DENTRO, FABRICADA EM FIBRA DE VIDRO PELO PROCESSO DE PULTRUSÃO EM RESINA ESTERVINÍLICA AUTO-EXTINGUÍVEL. (LARGURA=L);COGUMELO OU SIMILAR;L=800 mm;pç 
LN-06-TA;TAMPA COM INCLINAÇÃO STANDARD, PARA CRUZETA RETA HORIZONTAL 90º TIPO LEVE-E, COM ABAS VOLTADAS PARA DENTRO, FABRICADA EM FIBRA DE VIDRO PELO PROCESSO DE PULTRUSÃO EM RESINA ESTERVINÍLICA AUTO-EXTINGUÍVEL. (LARGURA=L);COGUMELO OU SIMILAR;L=200 mm;pç 
LN-06-TC;TAMPA COM INCLINAÇÃO STANDARD, PARA CRUZETA RETA HORIZONTAL 90º TIPO LEVE-E, COM ABAS VOLTADAS PARA DENTRO, FABRICADA EM FIBRA DE VIDRO PELO PROCESSO DE PULTRUSÃO EM RESINA ESTERVINÍLICA AUTO-EXTINGUÍVEL. (LARGURA=L);COGUMELO OU SIMILAR;L=300 mm;pç 
LN-06-TD;TAMPA COM INCLINAÇÃO STANDARD, PARA CRUZETA RETA HORIZONTAL 90º TIPO LEVE-E, COM ABAS VOLTADAS PARA DENTRO, FABRICADA EM FIBRA DE VIDRO PELO PROCESSO DE PULTRUSÃO EM RESINA ESTERVINÍLICA AUTO-EXTINGUÍVEL. (LARGURA=L);COGUMELO OU SIMILAR;L=400 mm;pç 
LN-06-TE;TAMPA COM INCLINAÇÃO STANDARD, PARA CRUZETA RETA HORIZONTAL 90º TIPO LEVE-E, COM ABAS VOLTADAS PARA DENTRO, FABRICADA EM FIBRA DE VIDRO PELO PROCESSO DE PULTRUSÃO EM RESINA ESTERVINÍLICA AUTO-EXTINGUÍVEL. (LARGURA=L);COGUMELO OU SIMILAR;L=500 mm;pç 
LN-06-TF;TAMPA COM INCLINAÇÃO STANDARD, PARA CRUZETA RETA HORIZONTAL 90º TIPO LEVE-E, COM ABAS VOLTADAS PARA DENTRO, FABRICADA EM FIBRA DE VIDRO PELO PROCESSO DE PULTRUSÃO EM RESINA ESTERVINÍLICA AUTO-EXTINGUÍVEL. (LARGURA=L);COGUMELO OU SIMILAR;L=600 mm;pç 
LN-06-TI;TAMPA COM INCLINAÇÃO STANDARD, PARA CRUZETA RETA HORIZONTAL 90º TIPO LEVE-E, COM ABAS VOLTADAS PARA DENTRO, FABRICADA EM FIBRA DE VIDRO PELO PROCESSO DE PULTRUSÃO EM RESINA ESTERVINÍLICA AUTO-EXTINGUÍVEL. (LARGURA=L);COGUMELO OU SIMILAR;L=800 mm;pç 
LM-04-TA;TAMPA COM INCLINAÇÃO STANDARD, PARA CURVA HORIZONTAL 45º TIPO LEVE-E, COM ABAS VOLTADAS PARA DENTRO, FABRICADA EM FIBRA DE VIDRO PELO PROCESSO DE PULTRUSÃO EM RESINA ESTERVINÍLICA AUTO-EXTINGUÍVEL. (LARGURA=L);COGUMELO OU SIMILAR;L=200 mm R=300mm;pç 
LM-04-TC;TAMPA COM INCLINAÇÃO STANDARD, PARA CURVA HORIZONTAL 45º TIPO LEVE-E, COM ABAS VOLTADAS PARA DENTRO, FABRICADA EM FIBRA DE VIDRO PELO PROCESSO DE PULTRUSÃO EM RESINA ESTERVINÍLICA AUTO-EXTINGUÍVEL. (LARGURA=L);COGUMELO OU SIMILAR;L=300 mm R=300mm;pç 
LM-04-TD;TAMPA COM INCLINAÇÃO STANDARD, PARA CURVA HORIZONTAL 45º TIPO LEVE-E, COM ABAS VOLTADAS PARA DENTRO, FABRICADA EM FIBRA DE VIDRO PELO PROCESSO DE PULTRUSÃO EM RESINA ESTERVINÍLICA AUTO-EXTINGUÍVEL. (LARGURA=L);COGUMELO OU SIMILAR;L=400 mm R=300mm;pç 
LM-04-TE;TAMPA COM INCLINAÇÃO STANDARD, PARA CURVA HORIZONTAL 45º TIPO LEVE-E, COM ABAS VOLTADAS PARA DENTRO, FABRICADA EM FIBRA DE VIDRO PELO PROCESSO DE PULTRUSÃO EM RESINA ESTERVINÍLICA AUTO-EXTINGUÍVEL. (LARGURA=L);COGUMELO OU SIMILAR;L=500 mm R=300mm;pç 
LM-04-TF;TAMPA COM INCLINAÇÃO STANDARD, PARA CURVA HORIZONTAL 45º TIPO LEVE-E, COM ABAS VOLTADAS PARA DENTRO, FABRICADA EM FIBRA DE VIDRO PELO PROCESSO DE PULTRUSÃO EM RESINA ESTERVINÍLICA AUTO-EXTINGUÍVEL. (LARGURA=L);COGUMELO OU SIMILAR;L=600 mm R=300mm;pç 
LM-04-TI;TAMPA COM INCLINAÇÃO STANDARD, PARA CURVA HORIZONTAL 45º TIPO LEVE-E, COM ABAS VOLTADAS PARA DENTRO, FABRICADA EM FIBRA DE VIDRO PELO PROCESSO DE PULTRUSÃO EM RESINA ESTERVINÍLICA AUTO-EXTINGUÍVEL. (LARGURA=L);COGUMELO OU SIMILAR;L=800 mm R=300mm;pç 
LM-14-TA;TAMPA COM INCLINAÇÃO STANDARD, PARA CURVA HORIZONTAL 45º TIPO LEVE-E, COM ABAS VOLTADAS PARA DENTRO, FABRICADA EM FIBRA DE VIDRO PELO PROCESSO DE PULTRUSÃO EM RESINA ESTERVINÍLICA AUTO-EXTINGUÍVEL. (LARGURA=L);COGUMELO OU SIMILAR;L=200 mm R=600mm;pç 
LM-14-TC;TAMPA COM INCLINAÇÃO STANDARD, PARA CURVA HORIZONTAL 45º TIPO LEVE-E, COM ABAS VOLTADAS PARA DENTRO, FABRICADA EM FIBRA DE VIDRO PELO PROCESSO DE PULTRUSÃO EM RESINA ESTERVINÍLICA AUTO-EXTINGUÍVEL. (LARGURA=L);COGUMELO OU SIMILAR;L=300 mm R=600mm;pç 
LM-14-TD;TAMPA COM INCLINAÇÃO STANDARD, PARA CURVA HORIZONTAL 45º TIPO LEVE-E, COM ABAS VOLTADAS PARA DENTRO, FABRICADA EM FIBRA DE VIDRO PELO PROCESSO DE PULTRUSÃO EM RESINA ESTERVINÍLICA AUTO-EXTINGUÍVEL. (LARGURA=L);COGUMELO OU SIMILAR;L=400 mm R=600mm;pç 
LM-14-TE;TAMPA COM INCLINAÇÃO STANDARD, PARA CURVA HORIZONTAL 45º TIPO LEVE-E, COM ABAS VOLTADAS PARA DENTRO, FABRICADA EM FIBRA DE VIDRO PELO PROCESSO DE PULTRUSÃO EM RESINA ESTERVINÍLICA AUTO-EXTINGUÍVEL. (LARGURA=L);COGUMELO OU SIMILAR;L=500 mm R=600mm;pç 
LM-14-TF;TAMPA COM INCLINAÇÃO STANDARD, PARA CURVA HORIZONTAL 45º TIPO LEVE-E, COM ABAS VOLTADAS PARA DENTRO, FABRICADA EM FIBRA DE VIDRO PELO PROCESSO DE PULTRUSÃO EM RESINA ESTERVINÍLICA AUTO-EXTINGUÍVEL. (LARGURA=L);COGUMELO OU SIMILAR;L=600 mm R=600mm;pç 
LM-14-TI;TAMPA COM INCLINAÇÃO STANDARD, PARA CURVA HORIZONTAL 45º TIPO LEVE-E, COM ABAS VOLTADAS PARA DENTRO, FABRICADA EM FIBRA DE VIDRO PELO PROCESSO DE PULTRUSÃO EM RESINA ESTERVINÍLICA AUTO-EXTINGUÍVEL. (LARGURA=L);COGUMELO OU SIMILAR;L=800 mm R=600mm;pç 
LM-07-TA;TAMPA COM INCLINAÇÃO STANDARD, PARA CURVA HORIZONTAL 90º TIPO LEVE-E, COM ABAS VOLTADAS PARA DENTRO, FABRICADA EM FIBRA DE VIDRO PELO PROCESSO DE PULTRUSÃO EM RESINA ESTERVINÍLICA AUTO-EXTINGUÍVEL. (LARGURA=L);COGUMELO OU SIMILAR;L=200 mm R=300mm;pç 
LM-07-TC;TAMPA COM INCLINAÇÃO STANDARD, PARA CURVA HORIZONTAL 90º TIPO LEVE-E, COM ABAS VOLTADAS PARA DENTRO, FABRICADA EM FIBRA DE VIDRO PELO PROCESSO DE PULTRUSÃO EM RESINA ESTERVINÍLICA AUTO-EXTINGUÍVEL. (LARGURA=L);COGUMELO OU SIMILAR;L=300 mm R=300mm;pç 
LM-07-TD;TAMPA COM INCLINAÇÃO STANDARD, PARA CURVA HORIZONTAL 90º TIPO LEVE-E, COM ABAS VOLTADAS PARA DENTRO, FABRICADA EM FIBRA DE VIDRO PELO PROCESSO DE PULTRUSÃO EM RESINA ESTERVINÍLICA AUTO-EXTINGUÍVEL. (LARGURA=L);COGUMELO OU SIMILAR;L=400 mm R=300mm;pç 
LM-07-TE;TAMPA COM INCLINAÇÃO STANDARD, PARA CURVA HORIZONTAL 90º TIPO LEVE-E, COM ABAS VOLTADAS PARA DENTRO, FABRICADA EM FIBRA DE VIDRO PELO PROCESSO DE PULTRUSÃO EM RESINA ESTERVINÍLICA AUTO-EXTINGUÍVEL. (LARGURA=L);COGUMELO OU SIMILAR;L=500 mm R=300mm;pç 
LM-07-TF;TAMPA COM INCLINAÇÃO STANDARD, PARA CURVA HORIZONTAL 90º TIPO LEVE-E, COM ABAS VOLTADAS PARA DENTRO, FABRICADA EM FIBRA DE VIDRO PELO PROCESSO DE PULTRUSÃO EM RESINA ESTERVINÍLICA AUTO-EXTINGUÍVEL. (LARGURA=L);COGUMELO OU SIMILAR;L=600 mm R=300mm;pç 
LM-07-TI;TAMPA COM INCLINAÇÃO STANDARD, PARA CURVA HORIZONTAL 90º TIPO LEVE-E, COM ABAS VOLTADAS PARA DENTRO, FABRICADA EM FIBRA DE VIDRO PELO PROCESSO DE PULTRUSÃO EM RESINA ESTERVINÍLICA AUTO-EXTINGUÍVEL. (LARGURA=L);COGUMELO OU SIMILAR;L=800 mm R=300mm;pç 
LM-17-TA;TAMPA COM INCLINAÇÃO STANDARD, PARA CURVA HORIZONTAL 90º TIPO LEVE-E, COM ABAS VOLTADAS PARA DENTRO, FABRICADA EM FIBRA DE VIDRO PELO PROCESSO DE PULTRUSÃO EM RESINA ESTERVINÍLICA AUTO-EXTINGUÍVEL. (LARGURA=L);COGUMELO OU SIMILAR;L=200 mm R=600mm;pç 
LM-17-TC;TAMPA COM INCLINAÇÃO STANDARD, PARA CURVA HORIZONTAL 90º TIPO LEVE-E, COM ABAS VOLTADAS PARA DENTRO, FABRICADA EM FIBRA DE VIDRO PELO PROCESSO DE PULTRUSÃO EM RESINA ESTERVINÍLICA AUTO-EXTINGUÍVEL. (LARGURA=L);COGUMELO OU SIMILAR;L=300 mm R=600mm;pç 
LM-17-TD;TAMPA COM INCLINAÇÃO STANDARD, PARA CURVA HORIZONTAL 90º TIPO LEVE-E, COM ABAS VOLTADAS PARA DENTRO, FABRICADA EM FIBRA DE VIDRO PELO PROCESSO DE PULTRUSÃO EM RESINA ESTERVINÍLICA AUTO-EXTINGUÍVEL. (LARGURA=L);COGUMELO OU SIMILAR;L=400 mm R=600mm;pç 
LM-17-TE;TAMPA COM INCLINAÇÃO STANDARD, PARA CURVA HORIZONTAL 90º TIPO LEVE-E, COM ABAS VOLTADAS PARA DENTRO, FABRICADA EM FIBRA DE VIDRO PELO PROCESSO DE PULTRUSÃO EM RESINA ESTERVINÍLICA AUTO-EXTINGUÍVEL. (LARGURA=L);COGUMELO OU SIMILAR;L=500 mm R=600mm;pç 
LM-17-TF;TAMPA COM INCLINAÇÃO STANDARD, PARA CURVA HORIZONTAL 90º TIPO LEVE-E, COM ABAS VOLTADAS PARA DENTRO, FABRICADA EM FIBRA DE VIDRO PELO PROCESSO DE PULTRUSÃO EM RESINA ESTERVINÍLICA AUTO-EXTINGUÍVEL. (LARGURA=L);COGUMELO OU SIMILAR;L=600 mm R=600mm;pç 
LM-17-TI;TAMPA COM INCLINAÇÃO STANDARD, PARA CURVA HORIZONTAL 90º TIPO LEVE-E, COM ABAS VOLTADAS PARA DENTRO, FABRICADA EM FIBRA DE VIDRO PELO PROCESSO DE PULTRUSÃO EM RESINA ESTERVINÍLICA AUTO-EXTINGUÍVEL. (LARGURA=L);COGUMELO OU SIMILAR;L=800 mm R=600mm;pç 
LM-20-TA;TAMPA COM INCLINAÇÃO STANDARD, PARA CURVA VERTICAL DE INVERSÃO 90º TIPO LEVE-E, COM ABAS VOLTADAS PARA DENTRO, FABRICADA EM FIBRA DE VIDRO PELO PROCESSO DE PULTRUSÃO EM RESINA ESTERVINÍLICA AUTO-EXTINGUÍVEL. (LARGURA=L);COGUMELO OU SIMILAR;L=200 mm R=300mm;pç 
LM-20-TC;TAMPA COM INCLINAÇÃO STANDARD, PARA CURVA VERTICAL DE INVERSÃO 90º TIPO LEVE-E, COM ABAS VOLTADAS PARA DENTRO, FABRICADA EM FIBRA DE VIDRO PELO PROCESSO DE PULTRUSÃO EM RESINA ESTERVINÍLICA AUTO-EXTINGUÍVEL. (LARGURA=L);COGUMELO OU SIMILAR;L=300 mm R=300mm;pç 
LM-20-TD;TAMPA COM INCLINAÇÃO STANDARD, PARA CURVA VERTICAL DE INVERSÃO 90º TIPO LEVE-E, COM ABAS VOLTADAS PARA DENTRO, FABRICADA EM FIBRA DE VIDRO PELO PROCESSO DE PULTRUSÃO EM RESINA ESTERVINÍLICA AUTO-EXTINGUÍVEL. (LARGURA=L);COGUMELO OU SIMILAR;L=400 mm R=300mm;pç 
LM-20-TE;TAMPA COM INCLINAÇÃO STANDARD, PARA CURVA VERTICAL DE INVERSÃO 90º TIPO LEVE-E, COM ABAS VOLTADAS PARA DENTRO, FABRICADA EM FIBRA DE VIDRO PELO PROCESSO DE PULTRUSÃO EM RESINA ESTERVINÍLICA AUTO-EXTINGUÍVEL. (LARGURA=L);COGUMELO OU SIMILAR;L=500 mm R=300mm;pç 
LM-20-TF;TAMPA COM INCLINAÇÃO STANDARD, PARA CURVA VERTICAL DE INVERSÃO 90º TIPO LEVE-E, COM ABAS VOLTADAS PARA DENTRO, FABRICADA EM FIBRA DE VIDRO PELO PROCESSO DE PULTRUSÃO EM RESINA ESTERVINÍLICA AUTO-EXTINGUÍVEL. (LARGURA=L);COGUMELO OU SIMILAR;L=600 mm R=300mm;pç 
LM-20-TI;TAMPA COM INCLINAÇÃO STANDARD, PARA CURVA VERTICAL DE INVERSÃO 90º TIPO LEVE-E, COM ABAS VOLTADAS PARA DENTRO, FABRICADA EM FIBRA DE VIDRO PELO PROCESSO DE PULTRUSÃO EM RESINA ESTERVINÍLICA AUTO-EXTINGUÍVEL. (LARGURA=L);COGUMELO OU SIMILAR;L=800 mm R=300mm;pç 
LM-30-TA;TAMPA COM INCLINAÇÃO STANDARD, PARA CURVA VERTICAL DE INVERSÃO 90º TIPO LEVE-E, COM ABAS VOLTADAS PARA DENTRO, FABRICADA EM FIBRA DE VIDRO PELO PROCESSO DE PULTRUSÃO EM RESINA ESTERVINÍLICA AUTO-EXTINGUÍVEL. (LARGURA=L);COGUMELO OU SIMILAR;L=200 mm R=600mm;pç 
LM-30-TC;TAMPA COM INCLINAÇÃO STANDARD, PARA CURVA VERTICAL DE INVERSÃO 90º TIPO LEVE-E, COM ABAS VOLTADAS PARA DENTRO, FABRICADA EM FIBRA DE VIDRO PELO PROCESSO DE PULTRUSÃO EM RESINA ESTERVINÍLICA AUTO-EXTINGUÍVEL. (LARGURA=L);COGUMELO OU SIMILAR;L=300 mm R=600mm;pç 
LM-30-TD;TAMPA COM INCLINAÇÃO STANDARD, PARA CURVA VERTICAL DE INVERSÃO 90º TIPO LEVE-E, COM ABAS VOLTADAS PARA DENTRO, FABRICADA EM FIBRA DE VIDRO PELO PROCESSO DE PULTRUSÃO EM RESINA ESTERVINÍLICA AUTO-EXTINGUÍVEL. (LARGURA=L);COGUMELO OU SIMILAR;L=400 mm R=600mm;pç 
LM-30-TE;TAMPA COM INCLINAÇÃO STANDARD, PARA CURVA VERTICAL DE INVERSÃO 90º TIPO LEVE-E, COM ABAS VOLTADAS PARA DENTRO, FABRICADA EM FIBRA DE VIDRO PELO PROCESSO DE PULTRUSÃO EM RESINA ESTERVINÍLICA AUTO-EXTINGUÍVEL. (LARGURA=L);COGUMELO OU SIMILAR;L=500 mm R=600mm;pç 
LM-30-TF;TAMPA COM INCLINAÇÃO STANDARD, PARA CURVA VERTICAL DE INVERSÃO 90º TIPO LEVE-E, COM ABAS VOLTADAS PARA DENTRO, FABRICADA EM FIBRA DE VIDRO PELO PROCESSO DE PULTRUSÃO EM RESINA ESTERVINÍLICA AUTO-EXTINGUÍVEL. (LARGURA=L);COGUMELO OU SIMILAR;L=600 mm R=600mm;pç 
LM-30-TI;TAMPA COM INCLINAÇÃO STANDARD, PARA CURVA VERTICAL DE INVERSÃO 90º TIPO LEVE-E, COM ABAS VOLTADAS PARA DENTRO, FABRICADA EM FIBRA DE VIDRO PELO PROCESSO DE PULTRUSÃO EM RESINA ESTERVINÍLICA AUTO-EXTINGUÍVEL. (LARGURA=L);COGUMELO OU SIMILAR;L=800 mm R=600mm;pç 
LM-10-TA;TAMPA COM INCLINAÇÃO STANDARD, PARA CURVA VERTICAL EXTERNA 45º TIPO LEVE-E, COM ABAS VOLTADAS PARA DENTRO, FABRICADA EM FIBRA DE VIDRO PELO PROCESSO DE PULTRUSÃO EM RESINA ESTERVINÍLICA AUTO-EXTINGUÍVEL. (LARGURA=L);COGUMELO OU SIMILAR;L=200 mm R=300mm;pç 
LM-10-TC;TAMPA COM INCLINAÇÃO STANDARD, PARA CURVA VERTICAL EXTERNA 45º TIPO LEVE-E, COM ABAS VOLTADAS PARA DENTRO, FABRICADA EM FIBRA DE VIDRO PELO PROCESSO DE PULTRUSÃO EM RESINA ESTERVINÍLICA AUTO-EXTINGUÍVEL. (LARGURA=L);COGUMELO OU SIMILAR;L=300 mm R=300mm;pç 
LM-10-TD;TAMPA COM INCLINAÇÃO STANDARD, PARA CURVA VERTICAL EXTERNA 45º TIPO LEVE-E, COM ABAS VOLTADAS PARA DENTRO, FABRICADA EM FIBRA DE VIDRO PELO PROCESSO DE PULTRUSÃO EM RESINA ESTERVINÍLICA AUTO-EXTINGUÍVEL. (LARGURA=L);COGUMELO OU SIMILAR;L=400 mm R=300mm;pç 
LM-10-TE;TAMPA COM INCLINAÇÃO STANDARD, PARA CURVA VERTICAL EXTERNA 45º TIPO LEVE-E, COM ABAS VOLTADAS PARA DENTRO, FABRICADA EM FIBRA DE VIDRO PELO PROCESSO DE PULTRUSÃO EM RESINA ESTERVINÍLICA AUTO-EXTINGUÍVEL. (LARGURA=L);COGUMELO OU SIMILAR;L=500 mm R=300mm;pç 
LM-10-TF;TAMPA COM INCLINAÇÃO STANDARD, PARA CURVA VERTICAL EXTERNA 45º TIPO LEVE-E, COM ABAS VOLTADAS PARA DENTRO, FABRICADA EM FIBRA DE VIDRO PELO PROCESSO DE PULTRUSÃO EM RESINA ESTERVINÍLICA AUTO-EXTINGUÍVEL. (LARGURA=L);COGUMELO OU SIMILAR;L=600 mm R=300mm;pç 
LM-10-TI;TAMPA COM INCLINAÇÃO STANDARD, PARA CURVA VERTICAL EXTERNA 45º TIPO LEVE-E, COM ABAS VOLTADAS PARA DENTRO, FABRICADA EM FIBRA DE VIDRO PELO PROCESSO DE PULTRUSÃO EM RESINA ESTERVINÍLICA AUTO-EXTINGUÍVEL. (LARGURA=L);COGUMELO OU SIMILAR;L=800 mm R=300mm;pç 
LM-40-TA;TAMPA COM INCLINAÇÃO STANDARD, PARA CURVA VERTICAL EXTERNA 45º TIPO LEVE-E, COM ABAS VOLTADAS PARA DENTRO, FABRICADA EM FIBRA DE VIDRO PELO PROCESSO DE PULTRUSÃO EM RESINA ESTERVINÍLICA AUTO-EXTINGUÍVEL. (LARGURA=L);COGUMELO OU SIMILAR;L=200 mm R=600mm;pç 
LM-40-TC;TAMPA COM INCLINAÇÃO STANDARD, PARA CURVA VERTICAL EXTERNA 45º TIPO LEVE-E, COM ABAS VOLTADAS PARA DENTRO, FABRICADA EM FIBRA DE VIDRO PELO PROCESSO DE PULTRUSÃO EM RESINA ESTERVINÍLICA AUTO-EXTINGUÍVEL. (LARGURA=L);COGUMELO OU SIMILAR;L=300 mm R=600mm;pç 
LM-40-TD;TAMPA COM INCLINAÇÃO STANDARD, PARA CURVA VERTICAL EXTERNA 45º TIPO LEVE-E, COM ABAS VOLTADAS PARA DENTRO, FABRICADA EM FIBRA DE VIDRO PELO PROCESSO DE PULTRUSÃO EM RESINA ESTERVINÍLICA AUTO-EXTINGUÍVEL. (LARGURA=L);COGUMELO OU SIMILAR;L=400 mm R=600mm;pç 
LM-40-TE;TAMPA COM INCLINAÇÃO STANDARD, PARA CURVA VERTICAL EXTERNA 45º TIPO LEVE-E, COM ABAS VOLTADAS PARA DENTRO, FABRICADA EM FIBRA DE VIDRO PELO PROCESSO DE PULTRUSÃO EM RESINA ESTERVINÍLICA AUTO-EXTINGUÍVEL. (LARGURA=L);COGUMELO OU SIMILAR;L=500 mm R=600mm;pç 
LM-40-TF;TAMPA COM INCLINAÇÃO STANDARD, PARA CURVA VERTICAL EXTERNA 45º TIPO LEVE-E, COM ABAS VOLTADAS PARA DENTRO, FABRICADA EM FIBRA DE VIDRO PELO PROCESSO DE PULTRUSÃO EM RESINA ESTERVINÍLICA AUTO-EXTINGUÍVEL. (LARGURA=L);COGUMELO OU SIMILAR;L=600 mm R=600mm;pç 
LM-40-TI;TAMPA COM INCLINAÇÃO STANDARD, PARA CURVA VERTICAL EXTERNA 45º TIPO LEVE-E, COM ABAS VOLTADAS PARA DENTRO, FABRICADA EM FIBRA DE VIDRO PELO PROCESSO DE PULTRUSÃO EM RESINA ESTERVINÍLICA AUTO-EXTINGUÍVEL. (LARGURA=L);COGUMELO OU SIMILAR;L=800 mm R=600mm;pç 
LM-13-TA;TAMPA COM INCLINAÇÃO STANDARD, PARA CURVA VERTICAL EXTERNA 90º TIPO LEVE-E, COM ABAS VOLTADAS PARA DENTRO, FABRICADA EM FIBRA DE VIDRO PELO PROCESSO DE PULTRUSÃO EM RESINA ESTERVINÍLICA AUTO-EXTINGUÍVEL. (LARGURA=L);COGUMELO OU SIMILAR;L=200 mm R=300mm;pç 
LM-13-TC;TAMPA COM INCLINAÇÃO STANDARD, PARA CURVA VERTICAL EXTERNA 90º TIPO LEVE-E, COM ABAS VOLTADAS PARA DENTRO, FABRICADA EM FIBRA DE VIDRO PELO PROCESSO DE PULTRUSÃO EM RESINA ESTERVINÍLICA AUTO-EXTINGUÍVEL. (LARGURA=L);COGUMELO OU SIMILAR;L=300 mm R=300mm;pç 
LM-13-TD;TAMPA COM INCLINAÇÃO STANDARD, PARA CURVA VERTICAL EXTERNA 90º TIPO LEVE-E, COM ABAS VOLTADAS PARA DENTRO, FABRICADA EM FIBRA DE VIDRO PELO PROCESSO DE PULTRUSÃO EM RESINA ESTERVINÍLICA AUTO-EXTINGUÍVEL. (LARGURA=L);COGUMELO OU SIMILAR;L=400 mm R=300mm;pç 
LM-13-TE;TAMPA COM INCLINAÇÃO STANDARD, PARA CURVA VERTICAL EXTERNA 90º TIPO LEVE-E, COM ABAS VOLTADAS PARA DENTRO, FABRICADA EM FIBRA DE VIDRO PELO PROCESSO DE PULTRUSÃO EM RESINA ESTERVINÍLICA AUTO-EXTINGUÍVEL. (LARGURA=L);COGUMELO OU SIMILAR;L=500 mm R=300mm;pç 
LM-13-TF;TAMPA COM INCLINAÇÃO STANDARD, PARA CURVA VERTICAL EXTERNA 90º TIPO LEVE-E, COM ABAS VOLTADAS PARA DENTRO, FABRICADA EM FIBRA DE VIDRO PELO PROCESSO DE PULTRUSÃO EM RESINA ESTERVINÍLICA AUTO-EXTINGUÍVEL. (LARGURA=L);COGUMELO OU SIMILAR;L=600 mm R=300mm;pç 
LM-13-TI;TAMPA COM INCLINAÇÃO STANDARD, PARA CURVA VERTICAL EXTERNA 90º TIPO LEVE-E, COM ABAS VOLTADAS PARA DENTRO, FABRICADA EM FIBRA DE VIDRO PELO PROCESSO DE PULTRUSÃO EM RESINA ESTERVINÍLICA AUTO-EXTINGUÍVEL. (LARGURA=L);COGUMELO OU SIMILAR;L=800 mm R=300mm;pç 
LM-23-TA;TAMPA COM INCLINAÇÃO STANDARD, PARA CURVA VERTICAL EXTERNA 90º TIPO LEVE-E, COM ABAS VOLTADAS PARA DENTRO, FABRICADA EM FIBRA DE VIDRO PELO PROCESSO DE PULTRUSÃO EM RESINA ESTERVINÍLICA AUTO-EXTINGUÍVEL. (LARGURA=L);COGUMELO OU SIMILAR;L=200 mm R=600mm;pç 
LM-23-TC;TAMPA COM INCLINAÇÃO STANDARD, PARA CURVA VERTICAL EXTERNA 90º TIPO LEVE-E, COM ABAS VOLTADAS PARA DENTRO, FABRICADA EM FIBRA DE VIDRO PELO PROCESSO DE PULTRUSÃO EM RESINA ESTERVINÍLICA AUTO-EXTINGUÍVEL. (LARGURA=L);COGUMELO OU SIMILAR;L=300 mm R=600mm;pç 
LM-23-TD;TAMPA COM INCLINAÇÃO STANDARD, PARA CURVA VERTICAL EXTERNA 90º TIPO LEVE-E, COM ABAS VOLTADAS PARA DENTRO, FABRICADA EM FIBRA DE VIDRO PELO PROCESSO DE PULTRUSÃO EM RESINA ESTERVINÍLICA AUTO-EXTINGUÍVEL. (LARGURA=L);COGUMELO OU SIMILAR;L=400 mm R=600mm;pç 
LM-23-TE;TAMPA COM INCLINAÇÃO STANDARD, PARA CURVA VERTICAL EXTERNA 90º TIPO LEVE-E, COM ABAS VOLTADAS PARA DENTRO, FABRICADA EM FIBRA DE VIDRO PELO PROCESSO DE PULTRUSÃO EM RESINA ESTERVINÍLICA AUTO-EXTINGUÍVEL. (LARGURA=L);COGUMELO OU SIMILAR;L=500 mm R=600mm;pç 
LM-23-TF;TAMPA COM INCLINAÇÃO STANDARD, PARA CURVA VERTICAL EXTERNA 90º TIPO LEVE-E, COM ABAS VOLTADAS PARA DENTRO, FABRICADA EM FIBRA DE VIDRO PELO PROCESSO DE PULTRUSÃO EM RESINA ESTERVINÍLICA AUTO-EXTINGUÍVEL. (LARGURA=L);COGUMELO OU SIMILAR;L=600 mm R=600mm;pç 
LM-23-TI;TAMPA COM INCLINAÇÃO STANDARD, PARA CURVA VERTICAL EXTERNA 90º TIPO LEVE-E, COM ABAS VOLTADAS PARA DENTRO, FABRICADA EM FIBRA DE VIDRO PELO PROCESSO DE PULTRUSÃO EM RESINA ESTERVINÍLICA AUTO-EXTINGUÍVEL. (LARGURA=L);COGUMELO OU SIMILAR;L=800 mm R=600mm;pç 
LM-16-TA;TAMPA COM INCLINAÇÃO STANDARD, PARA CURVA VERTICAL INTERNA 45º TIPO LEVE-E, COM ABAS VOLTADAS PARA DENTRO, FABRICADA EM FIBRA DE VIDRO PELO PROCESSO DE PULTRUSÃO EM RESINA ESTERVINÍLICA AUTO-EXTINGUÍVEL. (LARGURA=L);COGUMELO OU SIMILAR;L=200 mm R=300mm;pç 
LM-16-TC;TAMPA COM INCLINAÇÃO STANDARD, PARA CURVA VERTICAL INTERNA 45º TIPO LEVE-E, COM ABAS VOLTADAS PARA DENTRO, FABRICADA EM FIBRA DE VIDRO PELO PROCESSO DE PULTRUSÃO EM RESINA ESTERVINÍLICA AUTO-EXTINGUÍVEL. (LARGURA=L);COGUMELO OU SIMILAR;L=300 mm R=300mm;pç 
LM-16-TD;TAMPA COM INCLINAÇÃO STANDARD, PARA CURVA VERTICAL INTERNA 45º TIPO LEVE-E, COM ABAS VOLTADAS PARA DENTRO, FABRICADA EM FIBRA DE VIDRO PELO PROCESSO DE PULTRUSÃO EM RESINA ESTERVINÍLICA AUTO-EXTINGUÍVEL. (LARGURA=L);COGUMELO OU SIMILAR;L=400 mm R=300mm;pç 
LM-16-TE;TAMPA COM INCLINAÇÃO STANDARD, PARA CURVA VERTICAL INTERNA 45º TIPO LEVE-E, COM ABAS VOLTADAS PARA DENTRO, FABRICADA EM FIBRA DE VIDRO PELO PROCESSO DE PULTRUSÃO EM RESINA ESTERVINÍLICA AUTO-EXTINGUÍVEL. (LARGURA=L);COGUMELO OU SIMILAR;L=500 mm R=300mm;pç 
LM-16-TF;TAMPA COM INCLINAÇÃO STANDARD, PARA CURVA VERTICAL INTERNA 45º TIPO LEVE-E, COM ABAS VOLTADAS PARA DENTRO, FABRICADA EM FIBRA DE VIDRO PELO PROCESSO DE PULTRUSÃO EM RESINA ESTERVINÍLICA AUTO-EXTINGUÍVEL. (LARGURA=L);COGUMELO OU SIMILAR;L=600 mm R=300mm;pç 
LM-16-TI;TAMPA COM INCLINAÇÃO STANDARD, PARA CURVA VERTICAL INTERNA 45º TIPO LEVE-E, COM ABAS VOLTADAS PARA DENTRO, FABRICADA EM FIBRA DE VIDRO PELO PROCESSO DE PULTRUSÃO EM RESINA ESTERVINÍLICA AUTO-EXTINGUÍVEL. (LARGURA=L);COGUMELO OU SIMILAR;L=800 mm R=300mm;pç 
LM-26-TA;TAMPA COM INCLINAÇÃO STANDARD, PARA CURVA VERTICAL INTERNA 45º TIPO LEVE-E, COM ABAS VOLTADAS PARA DENTRO, FABRICADA EM FIBRA DE VIDRO PELO PROCESSO DE PULTRUSÃO EM RESINA ESTERVINÍLICA AUTO-EXTINGUÍVEL. (LARGURA=L);COGUMELO OU SIMILAR;L=200 mm R=600mm;pç 
LM-26-TC;TAMPA COM INCLINAÇÃO STANDARD, PARA CURVA VERTICAL INTERNA 45º TIPO LEVE-E, COM ABAS VOLTADAS PARA DENTRO, FABRICADA EM FIBRA DE VIDRO PELO PROCESSO DE PULTRUSÃO EM RESINA ESTERVINÍLICA AUTO-EXTINGUÍVEL. (LARGURA=L);COGUMELO OU SIMILAR;L=300 mm R=600mm;pç 
LM-26-TD;TAMPA COM INCLINAÇÃO STANDARD, PARA CURVA VERTICAL INTERNA 45º TIPO LEVE-E, COM ABAS VOLTADAS PARA DENTRO, FABRICADA EM FIBRA DE VIDRO PELO PROCESSO DE PULTRUSÃO EM RESINA ESTERVINÍLICA AUTO-EXTINGUÍVEL. (LARGURA=L);COGUMELO OU SIMILAR;L=400 mm R=600mm;pç 
LM-26-TE;TAMPA COM INCLINAÇÃO STANDARD, PARA CURVA VERTICAL INTERNA 45º TIPO LEVE-E, COM ABAS VOLTADAS PARA DENTRO, FABRICADA EM FIBRA DE VIDRO PELO PROCESSO DE PULTRUSÃO EM RESINA ESTERVINÍLICA AUTO-EXTINGUÍVEL. (LARGURA=L);COGUMELO OU SIMILAR;L=500 mm R=600mm;pç 
LM-26-TF;TAMPA COM INCLINAÇÃO STANDARD, PARA CURVA VERTICAL INTERNA 45º TIPO LEVE-E, COM ABAS VOLTADAS PARA DENTRO, FABRICADA EM FIBRA DE VIDRO PELO PROCESSO DE PULTRUSÃO EM RESINA ESTERVINÍLICA AUTO-EXTINGUÍVEL. (LARGURA=L);COGUMELO OU SIMILAR;L=600 mm R=600mm;pç 
LM-26-TI;TAMPA COM INCLINAÇÃO STANDARD, PARA CURVA VERTICAL INTERNA 45º TIPO LEVE-E, COM ABAS VOLTADAS PARA DENTRO, FABRICADA EM FIBRA DE VIDRO PELO PROCESSO DE PULTRUSÃO EM RESINA ESTERVINÍLICA AUTO-EXTINGUÍVEL. (LARGURA=L);COGUMELO OU SIMILAR;L=800 mm R=600mm;pç 
LM-19-TA;TAMPA COM INCLINAÇÃO STANDARD, PARA CURVA VERTICAL INTERNA 90º TIPO LEVE-E, COM ABAS VOLTADAS PARA DENTRO, FABRICADA EM FIBRA DE VIDRO PELO PROCESSO DE PULTRUSÃO EM RESINA ESTERVINÍLICA AUTO-EXTINGUÍVEL. (LARGURA=L);COGUMELO OU SIMILAR;L=200 mm R=300mm;pç 
LM-19-TC;TAMPA COM INCLINAÇÃO STANDARD, PARA CURVA VERTICAL INTERNA 90º TIPO LEVE-E, COM ABAS VOLTADAS PARA DENTRO, FABRICADA EM FIBRA DE VIDRO PELO PROCESSO DE PULTRUSÃO EM RESINA ESTERVINÍLICA AUTO-EXTINGUÍVEL. (LARGURA=L);COGUMELO OU SIMILAR;L=300 mm R=300mm;pç 
LM-19-TD;TAMPA COM INCLINAÇÃO STANDARD, PARA CURVA VERTICAL INTERNA 90º TIPO LEVE-E, COM ABAS VOLTADAS PARA DENTRO, FABRICADA EM FIBRA DE VIDRO PELO PROCESSO DE PULTRUSÃO EM RESINA ESTERVINÍLICA AUTO-EXTINGUÍVEL. (LARGURA=L);COGUMELO OU SIMILAR;L=400 mm R=300mm;pç 
LM-19-TE;TAMPA COM INCLINAÇÃO STANDARD, PARA CURVA VERTICAL INTERNA 90º TIPO LEVE-E, COM ABAS VOLTADAS PARA DENTRO, FABRICADA EM FIBRA DE VIDRO PELO PROCESSO DE PULTRUSÃO EM RESINA ESTERVINÍLICA AUTO-EXTINGUÍVEL. (LARGURA=L);COGUMELO OU SIMILAR;L=500 mm R=300mm;pç 
LM-19-TF;TAMPA COM INCLINAÇÃO STANDARD, PARA CURVA VERTICAL INTERNA 90º TIPO LEVE-E, COM ABAS VOLTADAS PARA DENTRO, FABRICADA EM FIBRA DE VIDRO PELO PROCESSO DE PULTRUSÃO EM RESINA ESTERVINÍLICA AUTO-EXTINGUÍVEL. (LARGURA=L);COGUMELO OU SIMILAR;L=600 mm R=300mm;pç 
LM-19-TI;TAMPA COM INCLINAÇÃO STANDARD, PARA CURVA VERTICAL INTERNA 90º TIPO LEVE-E, COM ABAS VOLTADAS PARA DENTRO, FABRICADA EM FIBRA DE VIDRO PELO PROCESSO DE PULTRUSÃO EM RESINA ESTERVINÍLICA AUTO-EXTINGUÍVEL. (LARGURA=L);COGUMELO OU SIMILAR;L=800 mm R=300mm;pç 
LM-29-TA;TAMPA COM INCLINAÇÃO STANDARD, PARA CURVA VERTICAL INTERNA 90º TIPO LEVE-E, COM ABAS VOLTADAS PARA DENTRO, FABRICADA EM FIBRA DE VIDRO PELO PROCESSO DE PULTRUSÃO EM RESINA ESTERVINÍLICA AUTO-EXTINGUÍVEL. (LARGURA=L);COGUMELO OU SIMILAR;L=200 mm R=600mm;pç 
LM-29-TC;TAMPA COM INCLINAÇÃO STANDARD, PARA CURVA VERTICAL INTERNA 90º TIPO LEVE-E, COM ABAS VOLTADAS PARA DENTRO, FABRICADA EM FIBRA DE VIDRO PELO PROCESSO DE PULTRUSÃO EM RESINA ESTERVINÍLICA AUTO-EXTINGUÍVEL. (LARGURA=L);COGUMELO OU SIMILAR;L=300 mm R=600mm;pç 
LM-29-TD;TAMPA COM INCLINAÇÃO STANDARD, PARA CURVA VERTICAL INTERNA 90º TIPO LEVE-E, COM ABAS VOLTADAS PARA DENTRO, FABRICADA EM FIBRA DE VIDRO PELO PROCESSO DE PULTRUSÃO EM RESINA ESTERVINÍLICA AUTO-EXTINGUÍVEL. (LARGURA=L);COGUMELO OU SIMILAR;L=400 mm R=600mm;pç 
LM-29-TE;TAMPA COM INCLINAÇÃO STANDARD, PARA CURVA VERTICAL INTERNA 90º TIPO LEVE-E, COM ABAS VOLTADAS PARA DENTRO, FABRICADA EM FIBRA DE VIDRO PELO PROCESSO DE PULTRUSÃO EM RESINA ESTERVINÍLICA AUTO-EXTINGUÍVEL. (LARGURA=L);COGUMELO OU SIMILAR;L=500 mm R=600mm;pç 
LM-29-TF;TAMPA COM INCLINAÇÃO STANDARD, PARA CURVA VERTICAL INTERNA 90º TIPO LEVE-E, COM ABAS VOLTADAS PARA DENTRO, FABRICADA EM FIBRA DE VIDRO PELO PROCESSO DE PULTRUSÃO EM RESINA ESTERVINÍLICA AUTO-EXTINGUÍVEL. (LARGURA=L);COGUMELO OU SIMILAR;L=600 mm R=600mm;pç 
LM-29-TI;TAMPA COM INCLINAÇÃO STANDARD, PARA CURVA VERTICAL INTERNA 90º TIPO LEVE-E, COM ABAS VOLTADAS PARA DENTRO, FABRICADA EM FIBRA DE VIDRO PELO PROCESSO DE PULTRUSÃO EM RESINA ESTERVINÍLICA AUTO-EXTINGUÍVEL. (LARGURA=L);COGUMELO OU SIMILAR;L=800 mm R=600mm;pç 
LM-09-A3;TAMPA COM INCLINAÇÃO STANDARD, PARA LEITO PARA CABOS TIPO LEVE-E, TRECHO RETO, COM ABAS VOLTADAS PARA DENTRO, FABRICADA EM FIBRA DE VIDRO PELO PROCESSO DE PULTRUSÃO EM RESINA ESTERVINÍLICA AUTO-EXTINGUÍVEL. FORNECIDA EM PEÇAS DE 3000mm DE COMPRIMENTO. (LARGURA=L);COGUMELO OU SIMILAR;L=200 mm;pç 
LM-09-C3;TAMPA COM INCLINAÇÃO STANDARD, PARA LEITO PARA CABOS TIPO LEVE-E, TRECHO RETO, COM ABAS VOLTADAS PARA DENTRO, FABRICADA EM FIBRA DE VIDRO PELO PROCESSO DE PULTRUSÃO EM RESINA ESTERVINÍLICA AUTO-EXTINGUÍVEL. FORNECIDA EM PEÇAS DE 3000mm DE COMPRIMENTO. (LARGURA=L);COGUMELO OU SIMILAR;L=300 mm;pç 
LM-09-D3;TAMPA COM INCLINAÇÃO STANDARD, PARA LEITO PARA CABOS TIPO LEVE-E, TRECHO RETO, COM ABAS VOLTADAS PARA DENTRO, FABRICADA EM FIBRA DE VIDRO PELO PROCESSO DE PULTRUSÃO EM RESINA ESTERVINÍLICA AUTO-EXTINGUÍVEL. FORNECIDA EM PEÇAS DE 3000mm DE COMPRIMENTO. (LARGURA=L);COGUMELO OU SIMILAR;L=400 mm;pç 
LM-09-E3;TAMPA COM INCLINAÇÃO STANDARD, PARA LEITO PARA CABOS TIPO LEVE-E, TRECHO RETO, COM ABAS VOLTADAS PARA DENTRO, FABRICADA EM FIBRA DE VIDRO PELO PROCESSO DE PULTRUSÃO EM RESINA ESTERVINÍLICA AUTO-EXTINGUÍVEL. FORNECIDA EM PEÇAS DE 3000mm DE COMPRIMENTO. (LARGURA=L);COGUMELO OU SIMILAR;L=500 mm;pç 
LM-09-F3;TAMPA COM INCLINAÇÃO STANDARD, PARA LEITO PARA CABOS TIPO LEVE-E, TRECHO RETO, COM ABAS VOLTADAS PARA DENTRO, FABRICADA EM FIBRA DE VIDRO PELO PROCESSO DE PULTRUSÃO EM RESINA ESTERVINÍLICA AUTO-EXTINGUÍVEL. FORNECIDA EM PEÇAS DE 3000mm DE COMPRIMENTO. (LARGURA=L);COGUMELO OU SIMILAR;L=600 mm;pç 
LM-09-I3;TAMPA COM INCLINAÇÃO STANDARD, PARA LEITO PARA CABOS TIPO LEVE-E, TRECHO RETO, COM ABAS VOLTADAS PARA DENTRO, FABRICADA EM FIBRA DE VIDRO PELO PROCESSO DE PULTRUSÃO EM RESINA ESTERVINÍLICA AUTO-EXTINGUÍVEL. FORNECIDA EM PEÇAS DE 3000mm DE COMPRIMENTO. (LARGURA=L);COGUMELO OU SIMILAR;L=800 mm;pç 
LO-T5-CA;TAMPA COM INCLINAÇÃO STANDARD, PARA REDUÇÃO À DIREITA TIPO LEVE-E, COM ABAS VOLTADAS PARA DENTRO, FABRICADA EM FIBRA DE VIDRO PELO PROCESSO DE PULTRUSÃO EM RESINA ESTERVINÍLICA AUTO-EXTINGUÍVEL. (LARGURA=L);COGUMELO OU SIMILAR;L=300, B=200;pç 
LO-T5-DA;TAMPA COM INCLINAÇÃO STANDARD, PARA REDUÇÃO À DIREITA TIPO LEVE-E, COM ABAS VOLTADAS PARA DENTRO, FABRICADA EM FIBRA DE VIDRO PELO PROCESSO DE PULTRUSÃO EM RESINA ESTERVINÍLICA AUTO-EXTINGUÍVEL. (LARGURA=L);COGUMELO OU SIMILAR;L=400, B=200;pç 
LO-T5-DC;TAMPA COM INCLINAÇÃO STANDARD, PARA REDUÇÃO À DIREITA TIPO LEVE-E, COM ABAS VOLTADAS PARA DENTRO, FABRICADA EM FIBRA DE VIDRO PELO PROCESSO DE PULTRUSÃO EM RESINA ESTERVINÍLICA AUTO-EXTINGUÍVEL. (LARGURA=L);COGUMELO OU SIMILAR;L=400, B=300;pç 
LO-T5-EA;TAMPA COM INCLINAÇÃO STANDARD, PARA REDUÇÃO À DIREITA TIPO LEVE-E, COM ABAS VOLTADAS PARA DENTRO, FABRICADA EM FIBRA DE VIDRO PELO PROCESSO DE PULTRUSÃO EM RESINA ESTERVINÍLICA AUTO-EXTINGUÍVEL. (LARGURA=L);COGUMELO OU SIMILAR;L=500, B=200;pç 
LO-T5-EC;TAMPA COM INCLINAÇÃO STANDARD, PARA REDUÇÃO À DIREITA TIPO LEVE-E, COM ABAS VOLTADAS PARA DENTRO, FABRICADA EM FIBRA DE VIDRO PELO PROCESSO DE PULTRUSÃO EM RESINA ESTERVINÍLICA AUTO-EXTINGUÍVEL. (LARGURA=L);COGUMELO OU SIMILAR;L=500, B=300;pç 
LO-T5-ED;TAMPA COM INCLINAÇÃO STANDARD, PARA REDUÇÃO À DIREITA TIPO LEVE-E, COM ABAS VOLTADAS PARA DENTRO, FABRICADA EM FIBRA DE VIDRO PELO PROCESSO DE PULTRUSÃO EM RESINA ESTERVINÍLICA AUTO-EXTINGUÍVEL. (LARGURA=L);COGUMELO OU SIMILAR;L=500, B=400;pç 
LO-T5-FA;TAMPA COM INCLINAÇÃO STANDARD, PARA REDUÇÃO À DIREITA TIPO LEVE-E, COM ABAS VOLTADAS PARA DENTRO, FABRICADA EM FIBRA DE VIDRO PELO PROCESSO DE PULTRUSÃO EM RESINA ESTERVINÍLICA AUTO-EXTINGUÍVEL. (LARGURA=L);COGUMELO OU SIMILAR;L=600, B=200;pç 
LO-T5-FC;TAMPA COM INCLINAÇÃO STANDARD, PARA REDUÇÃO À DIREITA TIPO LEVE-E, COM ABAS VOLTADAS PARA DENTRO, FABRICADA EM FIBRA DE VIDRO PELO PROCESSO DE PULTRUSÃO EM RESINA ESTERVINÍLICA AUTO-EXTINGUÍVEL. (LARGURA=L);COGUMELO OU SIMILAR;L=600, B=300;pç 
LO-T5-FD;TAMPA COM INCLINAÇÃO STANDARD, PARA REDUÇÃO À DIREITA TIPO LEVE-E, COM ABAS VOLTADAS PARA DENTRO, FABRICADA EM FIBRA DE VIDRO PELO PROCESSO DE PULTRUSÃO EM RESINA ESTERVINÍLICA AUTO-EXTINGUÍVEL. (LARGURA=L);COGUMELO OU SIMILAR;L=600, B=400;pç 
LO-T5-FE;TAMPA COM INCLINAÇÃO STANDARD, PARA REDUÇÃO À DIREITA TIPO LEVE-E, COM ABAS VOLTADAS PARA DENTRO, FABRICADA EM FIBRA DE VIDRO PELO PROCESSO DE PULTRUSÃO EM RESINA ESTERVINÍLICA AUTO-EXTINGUÍVEL. (LARGURA=L);COGUMELO OU SIMILAR;L=600, B=500;pç 
LO-T5-IA;TAMPA COM INCLINAÇÃO STANDARD, PARA REDUÇÃO À DIREITA TIPO LEVE-E, COM ABAS VOLTADAS PARA DENTRO, FABRICADA EM FIBRA DE VIDRO PELO PROCESSO DE PULTRUSÃO EM RESINA ESTERVINÍLICA AUTO-EXTINGUÍVEL. (LARGURA=L);COGUMELO OU SIMILAR;L=800, B=200;pç 
LO-T5-IC;TAMPA COM INCLINAÇÃO STANDARD, PARA REDUÇÃO À DIREITA TIPO LEVE-E, COM ABAS VOLTADAS PARA DENTRO, FABRICADA EM FIBRA DE VIDRO PELO PROCESSO DE PULTRUSÃO EM RESINA ESTERVINÍLICA AUTO-EXTINGUÍVEL. (LARGURA=L);COGUMELO OU SIMILAR;L=800, B=300;pç 
LO-T5-ID;TAMPA COM INCLINAÇÃO STANDARD, PARA REDUÇÃO À DIREITA TIPO LEVE-E, COM ABAS VOLTADAS PARA DENTRO, FABRICADA EM FIBRA DE VIDRO PELO PROCESSO DE PULTRUSÃO EM RESINA ESTERVINÍLICA AUTO-EXTINGUÍVEL. (LARGURA=L);COGUMELO OU SIMILAR;L=800, B=400;pç 
LO-T5-IE;TAMPA COM INCLINAÇÃO STANDARD, PARA REDUÇÃO À DIREITA TIPO LEVE-E, COM ABAS VOLTADAS PARA DENTRO, FABRICADA EM FIBRA DE VIDRO PELO PROCESSO DE PULTRUSÃO EM RESINA ESTERVINÍLICA AUTO-EXTINGUÍVEL. (LARGURA=L);COGUMELO OU SIMILAR;L=800, B=500;pç 
LO-T5-IF;TAMPA COM INCLINAÇÃO STANDARD, PARA REDUÇÃO À DIREITA TIPO LEVE-E, COM ABAS VOLTADAS PARA DENTRO, FABRICADA EM FIBRA DE VIDRO PELO PROCESSO DE PULTRUSÃO EM RESINA ESTERVINÍLICA AUTO-EXTINGUÍVEL. (LARGURA=L);COGUMELO OU SIMILAR;L=800, B=600;pç 
LO-T4-CA;TAMPA COM INCLINAÇÃO STANDARD, PARA REDUÇÃO À ESQUERDA TIPO LEVE-E, COM ABAS VOLTADAS PARA DENTRO, FABRICADA EM FIBRA DE VIDRO PELO PROCESSO DE PULTRUSÃO EM RESINA ESTERVINÍLICA AUTO-EXTINGUÍVEL. (LARGURA=L);COGUMELO OU SIMILAR;L=300, B=200;pç 
LO-T4-DA;TAMPA COM INCLINAÇÃO STANDARD, PARA REDUÇÃO À ESQUERDA TIPO LEVE-E, COM ABAS VOLTADAS PARA DENTRO, FABRICADA EM FIBRA DE VIDRO PELO PROCESSO DE PULTRUSÃO EM RESINA ESTERVINÍLICA AUTO-EXTINGUÍVEL. (LARGURA=L);COGUMELO OU SIMILAR;L=400, B=200;pç 
LO-T4-DC;TAMPA COM INCLINAÇÃO STANDARD, PARA REDUÇÃO À ESQUERDA TIPO LEVE-E, COM ABAS VOLTADAS PARA DENTRO, FABRICADA EM FIBRA DE VIDRO PELO PROCESSO DE PULTRUSÃO EM RESINA ESTERVINÍLICA AUTO-EXTINGUÍVEL. (LARGURA=L);COGUMELO OU SIMILAR;L=400, B=300;pç 
LO-T4-EA;TAMPA COM INCLINAÇÃO STANDARD, PARA REDUÇÃO À ESQUERDA TIPO LEVE-E, COM ABAS VOLTADAS PARA DENTRO, FABRICADA EM FIBRA DE VIDRO PELO PROCESSO DE PULTRUSÃO EM RESINA ESTERVINÍLICA AUTO-EXTINGUÍVEL. (LARGURA=L);COGUMELO OU SIMILAR;L=500, B=200;pç 
LO-T4-EC;TAMPA COM INCLINAÇÃO STANDARD, PARA REDUÇÃO À ESQUERDA TIPO LEVE-E, COM ABAS VOLTADAS PARA DENTRO, FABRICADA EM FIBRA DE VIDRO PELO PROCESSO DE PULTRUSÃO EM RESINA ESTERVINÍLICA AUTO-EXTINGUÍVEL. (LARGURA=L);COGUMELO OU SIMILAR;L=500, B=300;pç 
LO-T4-ED;TAMPA COM INCLINAÇÃO STANDARD, PARA REDUÇÃO À ESQUERDA TIPO LEVE-E, COM ABAS VOLTADAS PARA DENTRO, FABRICADA EM FIBRA DE VIDRO PELO PROCESSO DE PULTRUSÃO EM RESINA ESTERVINÍLICA AUTO-EXTINGUÍVEL. (LARGURA=L);COGUMELO OU SIMILAR;L=500, B=400;pç 
LO-T4-FA;TAMPA COM INCLINAÇÃO STANDARD, PARA REDUÇÃO À ESQUERDA TIPO LEVE-E, COM ABAS VOLTADAS PARA DENTRO, FABRICADA EM FIBRA DE VIDRO PELO PROCESSO DE PULTRUSÃO EM RESINA ESTERVINÍLICA AUTO-EXTINGUÍVEL. (LARGURA=L);COGUMELO OU SIMILAR;L=600, B=200;pç 
LO-T4-FC;TAMPA COM INCLINAÇÃO STANDARD, PARA REDUÇÃO À ESQUERDA TIPO LEVE-E, COM ABAS VOLTADAS PARA DENTRO, FABRICADA EM FIBRA DE VIDRO PELO PROCESSO DE PULTRUSÃO EM RESINA ESTERVINÍLICA AUTO-EXTINGUÍVEL. (LARGURA=L);COGUMELO OU SIMILAR;L=600, B=300;pç 
LO-T4-FD;TAMPA COM INCLINAÇÃO STANDARD, PARA REDUÇÃO À ESQUERDA TIPO LEVE-E, COM ABAS VOLTADAS PARA DENTRO, FABRICADA EM FIBRA DE VIDRO PELO PROCESSO DE PULTRUSÃO EM RESINA ESTERVINÍLICA AUTO-EXTINGUÍVEL. (LARGURA=L);COGUMELO OU SIMILAR;L=600, B=400;pç 
LO-T4-FE;TAMPA COM INCLINAÇÃO STANDARD, PARA REDUÇÃO À ESQUERDA TIPO LEVE-E, COM ABAS VOLTADAS PARA DENTRO, FABRICADA EM FIBRA DE VIDRO PELO PROCESSO DE PULTRUSÃO EM RESINA ESTERVINÍLICA AUTO-EXTINGUÍVEL. (LARGURA=L);COGUMELO OU SIMILAR;L=600, B=500;pç 
LO-T4-IA;TAMPA COM INCLINAÇÃO STANDARD, PARA REDUÇÃO À ESQUERDA TIPO LEVE-E, COM ABAS VOLTADAS PARA DENTRO, FABRICADA EM FIBRA DE VIDRO PELO PROCESSO DE PULTRUSÃO EM RESINA ESTERVINÍLICA AUTO-EXTINGUÍVEL. (LARGURA=L);COGUMELO OU SIMILAR;L=800, B=200;pç 
LO-T4-IC;TAMPA COM INCLINAÇÃO STANDARD, PARA REDUÇÃO À ESQUERDA TIPO LEVE-E, COM ABAS VOLTADAS PARA DENTRO, FABRICADA EM FIBRA DE VIDRO PELO PROCESSO DE PULTRUSÃO EM RESINA ESTERVINÍLICA AUTO-EXTINGUÍVEL. (LARGURA=L);COGUMELO OU SIMILAR;L=800, B=300;pç 
LO-T4-ID;TAMPA COM INCLINAÇÃO STANDARD, PARA REDUÇÃO À ESQUERDA TIPO LEVE-E, COM ABAS VOLTADAS PARA DENTRO, FABRICADA EM FIBRA DE VIDRO PELO PROCESSO DE PULTRUSÃO EM RESINA ESTERVINÍLICA AUTO-EXTINGUÍVEL. (LARGURA=L);COGUMELO OU SIMILAR;L=800, B=400;pç 
LO-T4-IE;TAMPA COM INCLINAÇÃO STANDARD, PARA REDUÇÃO À ESQUERDA TIPO LEVE-E, COM ABAS VOLTADAS PARA DENTRO, FABRICADA EM FIBRA DE VIDRO PELO PROCESSO DE PULTRUSÃO EM RESINA ESTERVINÍLICA AUTO-EXTINGUÍVEL. (LARGURA=L);COGUMELO OU SIMILAR;L=800, B=500;pç 
LO-T4-IF;TAMPA COM INCLINAÇÃO STANDARD, PARA REDUÇÃO À ESQUERDA TIPO LEVE-E, COM ABAS VOLTADAS PARA DENTRO, FABRICADA EM FIBRA DE VIDRO PELO PROCESSO DE PULTRUSÃO EM RESINA ESTERVINÍLICA AUTO-EXTINGUÍVEL. (LARGURA=L);COGUMELO OU SIMILAR;L=800, B=600;pç 
LO-T8-CA;TAMPA COM INCLINAÇÃO STANDARD, PARA REDUÇÃO CONCÊNTRICA TIPO LEVE-E, COM ABAS VOLTADAS PARA DENTRO, FABRICADA EM FIBRA DE VIDRO PELO PROCESSO DE PULTRUSÃO EM RESINA ESTERVINÍLICA AUTO-EXTINGUÍVEL. (LARGURA=L);COGUMELO OU SIMILAR;L=300, B=200;pç 
LO-T8-DA;TAMPA COM INCLINAÇÃO STANDARD, PARA REDUÇÃO CONCÊNTRICA TIPO LEVE-E, COM ABAS VOLTADAS PARA DENTRO, FABRICADA EM FIBRA DE VIDRO PELO PROCESSO DE PULTRUSÃO EM RESINA ESTERVINÍLICA AUTO-EXTINGUÍVEL. (LARGURA=L);COGUMELO OU SIMILAR;L=400, B=200;pç 
LO-T8-DC;TAMPA COM INCLINAÇÃO STANDARD, PARA REDUÇÃO CONCÊNTRICA TIPO LEVE-E, COM ABAS VOLTADAS PARA DENTRO, FABRICADA EM FIBRA DE VIDRO PELO PROCESSO DE PULTRUSÃO EM RESINA ESTERVINÍLICA AUTO-EXTINGUÍVEL. (LARGURA=L);COGUMELO OU SIMILAR;L=400, B=300;pç 
LO-T8-EA;TAMPA COM INCLINAÇÃO STANDARD, PARA REDUÇÃO CONCÊNTRICA TIPO LEVE-E, COM ABAS VOLTADAS PARA DENTRO, FABRICADA EM FIBRA DE VIDRO PELO PROCESSO DE PULTRUSÃO EM RESINA ESTERVINÍLICA AUTO-EXTINGUÍVEL. (LARGURA=L);COGUMELO OU SIMILAR;L=500, B=200;pç 
LO-T8-EC;TAMPA COM INCLINAÇÃO STANDARD, PARA REDUÇÃO CONCÊNTRICA TIPO LEVE-E, COM ABAS VOLTADAS PARA DENTRO, FABRICADA EM FIBRA DE VIDRO PELO PROCESSO DE PULTRUSÃO EM RESINA ESTERVINÍLICA AUTO-EXTINGUÍVEL. (LARGURA=L);COGUMELO OU SIMILAR;L=500, B=300;pç 
LO-T8-ED;TAMPA COM INCLINAÇÃO STANDARD, PARA REDUÇÃO CONCÊNTRICA TIPO LEVE-E, COM ABAS VOLTADAS PARA DENTRO, FABRICADA EM FIBRA DE VIDRO PELO PROCESSO DE PULTRUSÃO EM RESINA ESTERVINÍLICA AUTO-EXTINGUÍVEL. (LARGURA=L);COGUMELO OU SIMILAR;L=500, B=400;pç 
LO-T8-FA;TAMPA COM INCLINAÇÃO STANDARD, PARA REDUÇÃO CONCÊNTRICA TIPO LEVE-E, COM ABAS VOLTADAS PARA DENTRO, FABRICADA EM FIBRA DE VIDRO PELO PROCESSO DE PULTRUSÃO EM RESINA ESTERVINÍLICA AUTO-EXTINGUÍVEL. (LARGURA=L);COGUMELO OU SIMILAR;L=600, B=200;pç 
LO-T8-FC;TAMPA COM INCLINAÇÃO STANDARD, PARA REDUÇÃO CONCÊNTRICA TIPO LEVE-E, COM ABAS VOLTADAS PARA DENTRO, FABRICADA EM FIBRA DE VIDRO PELO PROCESSO DE PULTRUSÃO EM RESINA ESTERVINÍLICA AUTO-EXTINGUÍVEL. (LARGURA=L);COGUMELO OU SIMILAR;L=600, B=300;pç 
LO-T8-FD;TAMPA COM INCLINAÇÃO STANDARD, PARA REDUÇÃO CONCÊNTRICA TIPO LEVE-E, COM ABAS VOLTADAS PARA DENTRO, FABRICADA EM FIBRA DE VIDRO PELO PROCESSO DE PULTRUSÃO EM RESINA ESTERVINÍLICA AUTO-EXTINGUÍVEL. (LARGURA=L);COGUMELO OU SIMILAR;L=600, B=400;pç 
LO-T8-FE;TAMPA COM INCLINAÇÃO STANDARD, PARA REDUÇÃO CONCÊNTRICA TIPO LEVE-E, COM ABAS VOLTADAS PARA DENTRO, FABRICADA EM FIBRA DE VIDRO PELO PROCESSO DE PULTRUSÃO EM RESINA ESTERVINÍLICA AUTO-EXTINGUÍVEL. (LARGURA=L);COGUMELO OU SIMILAR;L=600, B=500;pç 
LO-T8-IA;TAMPA COM INCLINAÇÃO STANDARD, PARA REDUÇÃO CONCÊNTRICA TIPO LEVE-E, COM ABAS VOLTADAS PARA DENTRO, FABRICADA EM FIBRA DE VIDRO PELO PROCESSO DE PULTRUSÃO EM RESINA ESTERVINÍLICA AUTO-EXTINGUÍVEL. (LARGURA=L);COGUMELO OU SIMILAR;L=800, B=200;pç 
LO-T8-IC;TAMPA COM INCLINAÇÃO STANDARD, PARA REDUÇÃO CONCÊNTRICA TIPO LEVE-E, COM ABAS VOLTADAS PARA DENTRO, FABRICADA EM FIBRA DE VIDRO PELO PROCESSO DE PULTRUSÃO EM RESINA ESTERVINÍLICA AUTO-EXTINGUÍVEL. (LARGURA=L);COGUMELO OU SIMILAR;L=800, B=300;pç 
LO-T8-ID;TAMPA COM INCLINAÇÃO STANDARD, PARA REDUÇÃO CONCÊNTRICA TIPO LEVE-E, COM ABAS VOLTADAS PARA DENTRO, FABRICADA EM FIBRA DE VIDRO PELO PROCESSO DE PULTRUSÃO EM RESINA ESTERVINÍLICA AUTO-EXTINGUÍVEL. (LARGURA=L);COGUMELO OU SIMILAR;L=800, B=400;pç 
LO-T8-IE;TAMPA COM INCLINAÇÃO STANDARD, PARA REDUÇÃO CONCÊNTRICA TIPO LEVE-E, COM ABAS VOLTADAS PARA DENTRO, FABRICADA EM FIBRA DE VIDRO PELO PROCESSO DE PULTRUSÃO EM RESINA ESTERVINÍLICA AUTO-EXTINGUÍVEL. (LARGURA=L);COGUMELO OU SIMILAR;L=800, B=500;pç 
LO-T8-IF;TAMPA COM INCLINAÇÃO STANDARD, PARA REDUÇÃO CONCÊNTRICA TIPO LEVE-E, COM ABAS VOLTADAS PARA DENTRO, FABRICADA EM FIBRA DE VIDRO PELO PROCESSO DE PULTRUSÃO EM RESINA ESTERVINÍLICA AUTO-EXTINGUÍVEL. (LARGURA=L);COGUMELO OU SIMILAR;L=800, B=600;pç 
LO-04-TA;TAMPA COM INCLINAÇÃO STANDARD, PARA TÊ HORIZONTAL 90º TIPO LEVE-E, COM ABAS VOLTADAS PARA DENTRO, FABRICADA EM FIBRA DE VIDRO PELO PROCESSO DE PULTRUSÃO EM RESINA ESTERVINÍLICA AUTO-EXTINGUÍVEL. (LARGURA=L);COGUMELO OU SIMILAR;L=200 mm R=300mm;pç 
LO-04-TC;TAMPA COM INCLINAÇÃO STANDARD, PARA TÊ HORIZONTAL 90º TIPO LEVE-E, COM ABAS VOLTADAS PARA DENTRO, FABRICADA EM FIBRA DE VIDRO PELO PROCESSO DE PULTRUSÃO EM RESINA ESTERVINÍLICA AUTO-EXTINGUÍVEL. (LARGURA=L);COGUMELO OU SIMILAR;L=300 mm R=300mm;pç 
LO-04-TD;TAMPA COM INCLINAÇÃO STANDARD, PARA TÊ HORIZONTAL 90º TIPO LEVE-E, COM ABAS VOLTADAS PARA DENTRO, FABRICADA EM FIBRA DE VIDRO PELO PROCESSO DE PULTRUSÃO EM RESINA ESTERVINÍLICA AUTO-EXTINGUÍVEL. (LARGURA=L);COGUMELO OU SIMILAR;L=400 mm R=300mm;pç 
LO-04-TE;TAMPA COM INCLINAÇÃO STANDARD, PARA TÊ HORIZONTAL 90º TIPO LEVE-E, COM ABAS VOLTADAS PARA DENTRO, FABRICADA EM FIBRA DE VIDRO PELO PROCESSO DE PULTRUSÃO EM RESINA ESTERVINÍLICA AUTO-EXTINGUÍVEL. (LARGURA=L);COGUMELO OU SIMILAR;L=500 mm R=300mm;pç 
LO-04-TF;TAMPA COM INCLINAÇÃO STANDARD, PARA TÊ HORIZONTAL 90º TIPO LEVE-E, COM ABAS VOLTADAS PARA DENTRO, FABRICADA EM FIBRA DE VIDRO PELO PROCESSO DE PULTRUSÃO EM RESINA ESTERVINÍLICA AUTO-EXTINGUÍVEL. (LARGURA=L);COGUMELO OU SIMILAR;L=600 mm R=300mm;pç 
LO-04-TI;TAMPA COM INCLINAÇÃO STANDARD, PARA TÊ HORIZONTAL 90º TIPO LEVE-E, COM ABAS VOLTADAS PARA DENTRO, FABRICADA EM FIBRA DE VIDRO PELO PROCESSO DE PULTRUSÃO EM RESINA ESTERVINÍLICA AUTO-EXTINGUÍVEL. (LARGURA=L);COGUMELO OU SIMILAR;L=800 mm R=300mm;pç 
LO-14-TA;TAMPA COM INCLINAÇÃO STANDARD, PARA TÊ HORIZONTAL 90º TIPO LEVE-E, COM ABAS VOLTADAS PARA DENTRO, FABRICADA EM FIBRA DE VIDRO PELO PROCESSO DE PULTRUSÃO EM RESINA ESTERVINÍLICA AUTO-EXTINGUÍVEL. (LARGURA=L);COGUMELO OU SIMILAR;L=200 mm R=600mm;pç 
LO-14-TC;TAMPA COM INCLINAÇÃO STANDARD, PARA TÊ HORIZONTAL 90º TIPO LEVE-E, COM ABAS VOLTADAS PARA DENTRO, FABRICADA EM FIBRA DE VIDRO PELO PROCESSO DE PULTRUSÃO EM RESINA ESTERVINÍLICA AUTO-EXTINGUÍVEL. (LARGURA=L);COGUMELO OU SIMILAR;L=300 mm R=600mm;pç 
LO-14-TD;TAMPA COM INCLINAÇÃO STANDARD, PARA TÊ HORIZONTAL 90º TIPO LEVE-E, COM ABAS VOLTADAS PARA DENTRO, FABRICADA EM FIBRA DE VIDRO PELO PROCESSO DE PULTRUSÃO EM RESINA ESTERVINÍLICA AUTO-EXTINGUÍVEL. (LARGURA=L);COGUMELO OU SIMILAR;L=400 mm R=600mm;pç 
LO-14-TE;TAMPA COM INCLINAÇÃO STANDARD, PARA TÊ HORIZONTAL 90º TIPO LEVE-E, COM ABAS VOLTADAS PARA DENTRO, FABRICADA EM FIBRA DE VIDRO PELO PROCESSO DE PULTRUSÃO EM RESINA ESTERVINÍLICA AUTO-EXTINGUÍVEL. (LARGURA=L);COGUMELO OU SIMILAR;L=500 mm R=600mm;pç 
LO-14-TF;TAMPA COM INCLINAÇÃO STANDARD, PARA TÊ HORIZONTAL 90º TIPO LEVE-E, COM ABAS VOLTADAS PARA DENTRO, FABRICADA EM FIBRA DE VIDRO PELO PROCESSO DE PULTRUSÃO EM RESINA ESTERVINÍLICA AUTO-EXTINGUÍVEL. (LARGURA=L);COGUMELO OU SIMILAR;L=600 mm R=600mm;pç 
LO-14-TI;TAMPA COM INCLINAÇÃO STANDARD, PARA TÊ HORIZONTAL 90º TIPO LEVE-E, COM ABAS VOLTADAS PARA DENTRO, FABRICADA EM FIBRA DE VIDRO PELO PROCESSO DE PULTRUSÃO EM RESINA ESTERVINÍLICA AUTO-EXTINGUÍVEL. (LARGURA=L);COGUMELO OU SIMILAR;L=800 mm R=600mm;pç 
LN-02-TA;TAMPA COM INCLINAÇÃO STANDARD, PARA TÊ RETO HORIZONTAL 90º TIPO LEVE-E, COM ABAS VOLTADAS PARA DENTRO, FABRICADA EM FIBRA DE VIDRO PELO PROCESSO DE PULTRUSÃO EM RESINA ESTERVINÍLICA AUTO-EXTINGUÍVEL. (LARGURA=L);COGUMELO OU SIMILAR;L=200 mm;pç 
LN-02-TC;TAMPA COM INCLINAÇÃO STANDARD, PARA TÊ RETO HORIZONTAL 90º TIPO LEVE-E, COM ABAS VOLTADAS PARA DENTRO, FABRICADA EM FIBRA DE VIDRO PELO PROCESSO DE PULTRUSÃO EM RESINA ESTERVINÍLICA AUTO-EXTINGUÍVEL. (LARGURA=L);COGUMELO OU SIMILAR;L=300 mm;pç 
LN-02-TD;TAMPA COM INCLINAÇÃO STANDARD, PARA TÊ RETO HORIZONTAL 90º TIPO LEVE-E, COM ABAS VOLTADAS PARA DENTRO, FABRICADA EM FIBRA DE VIDRO PELO PROCESSO DE PULTRUSÃO EM RESINA ESTERVINÍLICA AUTO-EXTINGUÍVEL. (LARGURA=L);COGUMELO OU SIMILAR;L=400 mm;pç 
LN-02-TE;TAMPA COM INCLINAÇÃO STANDARD, PARA TÊ RETO HORIZONTAL 90º TIPO LEVE-E, COM ABAS VOLTADAS PARA DENTRO, FABRICADA EM FIBRA DE VIDRO PELO PROCESSO DE PULTRUSÃO EM RESINA ESTERVINÍLICA AUTO-EXTINGUÍVEL. (LARGURA=L);COGUMELO OU SIMILAR;L=500 mm;pç 
LN-02-TF;TAMPA COM INCLINAÇÃO STANDARD, PARA TÊ RETO HORIZONTAL 90º TIPO LEVE-E, COM ABAS VOLTADAS PARA DENTRO, FABRICADA EM FIBRA DE VIDRO PELO PROCESSO DE PULTRUSÃO EM RESINA ESTERVINÍLICA AUTO-EXTINGUÍVEL. (LARGURA=L);COGUMELO OU SIMILAR;L=600 mm;pç 
LN-02-TI;TAMPA COM INCLINAÇÃO STANDARD, PARA TÊ RETO HORIZONTAL 90º TIPO LEVE-E, COM ABAS VOLTADAS PARA DENTRO, FABRICADA EM FIBRA DE VIDRO PELO PROCESSO DE PULTRUSÃO EM RESINA ESTERVINÍLICA AUTO-EXTINGUÍVEL. (LARGURA=L);COGUMELO OU SIMILAR;L=800 mm;pç 
EG-11-06;TAMPÃO PARA DUTOS ESPIRALADOS FABRICADO EM POLIETILENO DE ALTA DENSIDADE.;KANAFLEX OU SIMILAR;"2""";pç 
EG-11-08;TAMPÃO PARA DUTOS ESPIRALADOS FABRICADO EM POLIETILENO DE ALTA DENSIDADE.;KANAFLEX OU SIMILAR;"3""";pç 
EG-11-09;TAMPÃO PARA DUTOS ESPIRALADOS FABRICADO EM POLIETILENO DE ALTA DENSIDADE.;KANAFLEX OU SIMILAR;"4""";pç 
EG-11-11;TAMPÃO PARA DUTOS ESPIRALADOS FABRICADO EM POLIETILENO DE ALTA DENSIDADE.;KANAFLEX OU SIMILAR;"6""";pç 
LN-03-AA;TÊ HORIZONTAL 90º, TIPO LEVE-E, FABRICADA EM FIBRA DE VIDRO PELO PROCESSO DE PULTRUSÃO EM RESINA ESTERVINÍLICA AUTO-EXTINGUÍVEL, COM ABAS VOLTADAS PARA DENTRO. (LARGURA=L);COGUMELO OU SIMILAR;L=200 mm R=300mm;pç 
LN-03-CC;TÊ HORIZONTAL 90º, TIPO LEVE-E, FABRICADA EM FIBRA DE VIDRO PELO PROCESSO DE PULTRUSÃO EM RESINA ESTERVINÍLICA AUTO-EXTINGUÍVEL, COM ABAS VOLTADAS PARA DENTRO. (LARGURA=L);COGUMELO OU SIMILAR;L=300 mm R=300mm;pç 
LN-03-DD;TÊ HORIZONTAL 90º, TIPO LEVE-E, FABRICADA EM FIBRA DE VIDRO PELO PROCESSO DE PULTRUSÃO EM RESINA ESTERVINÍLICA AUTO-EXTINGUÍVEL, COM ABAS VOLTADAS PARA DENTRO. (LARGURA=L);COGUMELO OU SIMILAR;L=400 mm R=300mm;pç 
LN-03-EE;TÊ HORIZONTAL 90º, TIPO LEVE-E, FABRICADA EM FIBRA DE VIDRO PELO PROCESSO DE PULTRUSÃO EM RESINA ESTERVINÍLICA AUTO-EXTINGUÍVEL, COM ABAS VOLTADAS PARA DENTRO. (LARGURA=L);COGUMELO OU SIMILAR;L=500 mm R=300mm;pç 
LN-03-FF;TÊ HORIZONTAL 90º, TIPO LEVE-E, FABRICADA EM FIBRA DE VIDRO PELO PROCESSO DE PULTRUSÃO EM RESINA ESTERVINÍLICA AUTO-EXTINGUÍVEL, COM ABAS VOLTADAS PARA DENTRO. (LARGURA=L);COGUMELO OU SIMILAR;L=600 mm R=300mm;pç 
LN-03-II;TÊ HORIZONTAL 90º, TIPO LEVE-E, FABRICADA EM FIBRA DE VIDRO PELO PROCESSO DE PULTRUSÃO EM RESINA ESTERVINÍLICA AUTO-EXTINGUÍVEL, COM ABAS VOLTADAS PARA DENTRO. (LARGURA=L);COGUMELO OU SIMILAR;L=800 mm R=300mm;pç 
LN-13-AA;TÊ HORIZONTAL 90º, TIPO LEVE-E, FABRICADA EM FIBRA DE VIDRO PELO PROCESSO DE PULTRUSÃO EM RESINA ESTERVINÍLICA AUTO-EXTINGUÍVEL, COM ABAS VOLTADAS PARA DENTRO. (LARGURA=L);COGUMELO OU SIMILAR;L=200 mm R=600mm;pç 
LN-13-CC;TÊ HORIZONTAL 90º, TIPO LEVE-E, FABRICADA EM FIBRA DE VIDRO PELO PROCESSO DE PULTRUSÃO EM RESINA ESTERVINÍLICA AUTO-EXTINGUÍVEL, COM ABAS VOLTADAS PARA DENTRO. (LARGURA=L);COGUMELO OU SIMILAR;L=300 mm R=600mm;pç 
LN-13-DD;TÊ HORIZONTAL 90º, TIPO LEVE-E, FABRICADA EM FIBRA DE VIDRO PELO PROCESSO DE PULTRUSÃO EM RESINA ESTERVINÍLICA AUTO-EXTINGUÍVEL, COM ABAS VOLTADAS PARA DENTRO. (LARGURA=L);COGUMELO OU SIMILAR;L=400 mm R=600mm;pç 
LN-13-EE;TÊ HORIZONTAL 90º, TIPO LEVE-E, FABRICADA EM FIBRA DE VIDRO PELO PROCESSO DE PULTRUSÃO EM RESINA ESTERVINÍLICA AUTO-EXTINGUÍVEL, COM ABAS VOLTADAS PARA DENTRO. (LARGURA=L);COGUMELO OU SIMILAR;L=500 mm R=600mm;pç 
LN-13-FF;TÊ HORIZONTAL 90º, TIPO LEVE-E, FABRICADA EM FIBRA DE VIDRO PELO PROCESSO DE PULTRUSÃO EM RESINA ESTERVINÍLICA AUTO-EXTINGUÍVEL, COM ABAS VOLTADAS PARA DENTRO. (LARGURA=L);COGUMELO OU SIMILAR;L=600 mm R=600mm;pç 
LN-13-II;TÊ HORIZONTAL 90º, TIPO LEVE-E, FABRICADA EM FIBRA DE VIDRO PELO PROCESSO DE PULTRUSÃO EM RESINA ESTERVINÍLICA AUTO-EXTINGUÍVEL, COM ABAS VOLTADAS PARA DENTRO. (LARGURA=L);COGUMELO OU SIMILAR;L=800 mm R=600mm;pç 
NA-RI-11;TÊ HORIZONTAL INTERNA PARA RODAPE FALSO COM TAMPA DE ENCAIXE, 120x30mm TRIPLO, FABRICADO EM CHAPA AÇO CARBONO GALVANIZADO, ;VALEMAM OU SIMILAR;;pç 
LN-02-AA;TÊ RETO HORIZONTAL 90º, TIPO LEVE-E, FABRICADA EM FIBRA DE VIDRO PELO PROCESSO DE PULTRUSÃO EM RESINA ESTERVINÍLICA AUTO-EXTINGUÍVEL, COM ABAS VOLTADAS PARA DENTRO. (LARGURA=L);COGUMELO OU SIMILAR;L=200 mm;pç 
LN-02-CC;TÊ RETO HORIZONTAL 90º, TIPO LEVE-E, FABRICADA EM FIBRA DE VIDRO PELO PROCESSO DE PULTRUSÃO EM RESINA ESTERVINÍLICA AUTO-EXTINGUÍVEL, COM ABAS VOLTADAS PARA DENTRO. (LARGURA=L);COGUMELO OU SIMILAR;L=300 mm;pç 
LN-02-DD;TÊ RETO HORIZONTAL 90º, TIPO LEVE-E, FABRICADA EM FIBRA DE VIDRO PELO PROCESSO DE PULTRUSÃO EM RESINA ESTERVINÍLICA AUTO-EXTINGUÍVEL, COM ABAS VOLTADAS PARA DENTRO. (LARGURA=L);COGUMELO OU SIMILAR;L=400 mm;pç 
LN-02-EE;TÊ RETO HORIZONTAL 90º, TIPO LEVE-E, FABRICADA EM FIBRA DE VIDRO PELO PROCESSO DE PULTRUSÃO EM RESINA ESTERVINÍLICA AUTO-EXTINGUÍVEL, COM ABAS VOLTADAS PARA DENTRO. (LARGURA=L);COGUMELO OU SIMILAR;L=500 mm;pç 
LN-02-FF;TÊ RETO HORIZONTAL 90º, TIPO LEVE-E, FABRICADA EM FIBRA DE VIDRO PELO PROCESSO DE PULTRUSÃO EM RESINA ESTERVINÍLICA AUTO-EXTINGUÍVEL, COM ABAS VOLTADAS PARA DENTRO. (LARGURA=L);COGUMELO OU SIMILAR;L=600 mm;pç 
LN-02-II;TÊ RETO HORIZONTAL 90º, TIPO LEVE-E, FABRICADA EM FIBRA DE VIDRO PELO PROCESSO DE PULTRUSÃO EM RESINA ESTERVINÍLICA AUTO-EXTINGUÍVEL, COM ABAS VOLTADAS PARA DENTRO. (LARGURA=L);COGUMELO OU SIMILAR;L=800 mm;pç 
LS-02-AA;TÊ RETO HORIZONTAL 90º, TIPO PESADO, FABRICADA EM FIBRA DE VIDRO PELO PROCESSO DE PULTRUSÃO EM RESINA ESTERVINÍLICA AUTO-EXTINGUÍVEL, COM ABAS VOLTADAS PARA DENTRO. (LARGURA=L);COGUMELO OU SIMILAR;L=200 mm;pç 
LS-02-CC;TÊ RETO HORIZONTAL 90º, TIPO PESADO, FABRICADA EM FIBRA DE VIDRO PELO PROCESSO DE PULTRUSÃO EM RESINA ESTERVINÍLICA AUTO-EXTINGUÍVEL, COM ABAS VOLTADAS PARA DENTRO. (LARGURA=L);COGUMELO OU SIMILAR;L=300 mm;pç 
LS-02-DD;TÊ RETO HORIZONTAL 90º, TIPO PESADO, FABRICADA EM FIBRA DE VIDRO PELO PROCESSO DE PULTRUSÃO EM RESINA ESTERVINÍLICA AUTO-EXTINGUÍVEL, COM ABAS VOLTADAS PARA DENTRO. (LARGURA=L);COGUMELO OU SIMILAR;L=400 mm;pç 
LS-02-EE;TÊ RETO HORIZONTAL 90º, TIPO PESADO, FABRICADA EM FIBRA DE VIDRO PELO PROCESSO DE PULTRUSÃO EM RESINA ESTERVINÍLICA AUTO-EXTINGUÍVEL, COM ABAS VOLTADAS PARA DENTRO. (LARGURA=L);COGUMELO OU SIMILAR;L=500 mm;pç 
LS-02-FF;TÊ RETO HORIZONTAL 90º, TIPO PESADO, FABRICADA EM FIBRA DE VIDRO PELO PROCESSO DE PULTRUSÃO EM RESINA ESTERVINÍLICA AUTO-EXTINGUÍVEL, COM ABAS VOLTADAS PARA DENTRO. (LARGURA=L);COGUMELO OU SIMILAR;L=600 mm;pç 
LS-02-II;TÊ RETO HORIZONTAL 90º, TIPO PESADO, FABRICADA EM FIBRA DE VIDRO PELO PROCESSO DE PULTRUSÃO EM RESINA ESTERVINÍLICA AUTO-EXTINGUÍVEL, COM ABAS VOLTADAS PARA DENTRO. (LARGURA=L);COGUMELO OU SIMILAR;L=800 mm;pç 
LN-04-AA;TÊ VERTICAL DE DESCIDA 90º, TIPO LEVE-E, FABRICADA EM FIBRA DE VIDRO PELO PROCESSO DE PULTRUSÃO EM RESINA ESTERVINÍLICA AUTO-EXTINGUÍVEL, COM ABAS VOLTADAS PARA DENTRO. (LARGURA=L);COGUMELO OU SIMILAR;L=200 mm;pç 
LN-04-CC;TÊ VERTICAL DE DESCIDA 90º, TIPO LEVE-E, FABRICADA EM FIBRA DE VIDRO PELO PROCESSO DE PULTRUSÃO EM RESINA ESTERVINÍLICA AUTO-EXTINGUÍVEL, COM ABAS VOLTADAS PARA DENTRO. (LARGURA=L);COGUMELO OU SIMILAR;L=300 mm;pç 
LN-04-DD;TÊ VERTICAL DE DESCIDA 90º, TIPO LEVE-E, FABRICADA EM FIBRA DE VIDRO PELO PROCESSO DE PULTRUSÃO EM RESINA ESTERVINÍLICA AUTO-EXTINGUÍVEL, COM ABAS VOLTADAS PARA DENTRO. (LARGURA=L);COGUMELO OU SIMILAR;L=400 mm;pç 
LN-04-EE;TÊ VERTICAL DE DESCIDA 90º, TIPO LEVE-E, FABRICADA EM FIBRA DE VIDRO PELO PROCESSO DE PULTRUSÃO EM RESINA ESTERVINÍLICA AUTO-EXTINGUÍVEL, COM ABAS VOLTADAS PARA DENTRO. (LARGURA=L);COGUMELO OU SIMILAR;L=500 mm;pç 
LN-04-FF;TÊ VERTICAL DE DESCIDA 90º, TIPO LEVE-E, FABRICADA EM FIBRA DE VIDRO PELO PROCESSO DE PULTRUSÃO EM RESINA ESTERVINÍLICA AUTO-EXTINGUÍVEL, COM ABAS VOLTADAS PARA DENTRO. (LARGURA=L);COGUMELO OU SIMILAR;L=600 mm;pç 
LN-04-II;TÊ VERTICAL DE DESCIDA 90º, TIPO LEVE-E, FABRICADA EM FIBRA DE VIDRO PELO PROCESSO DE PULTRUSÃO EM RESINA ESTERVINÍLICA AUTO-EXTINGUÍVEL, COM ABAS VOLTADAS PARA DENTRO. (LARGURA=L);COGUMELO OU SIMILAR;L=800 mm;pç 
LN-05-AA;TÊ VERTICAL DE SUBIDA 90º, TIPO LEVE-E, FABRICADA EM FIBRA DE VIDRO PELO PROCESSO DE PULTRUSÃO EM RESINA ESTERVINÍLICA AUTO-EXTINGUÍVEL, COM ABAS VOLTADAS PARA DENTRO. (LARGURA=L);COGUMELO OU SIMILAR;L=200 mm;pç 
LN-05-CC;TÊ VERTICAL DE SUBIDA 90º, TIPO LEVE-E, FABRICADA EM FIBRA DE VIDRO PELO PROCESSO DE PULTRUSÃO EM RESINA ESTERVINÍLICA AUTO-EXTINGUÍVEL, COM ABAS VOLTADAS PARA DENTRO. (LARGURA=L);COGUMELO OU SIMILAR;L=300 mm;pç 
LN-05-DD;TÊ VERTICAL DE SUBIDA 90º, TIPO LEVE-E, FABRICADA EM FIBRA DE VIDRO PELO PROCESSO DE PULTRUSÃO EM RESINA ESTERVINÍLICA AUTO-EXTINGUÍVEL, COM ABAS VOLTADAS PARA DENTRO. (LARGURA=L);COGUMELO OU SIMILAR;L=400 mm;pç 
LN-05-EE;TÊ VERTICAL DE SUBIDA 90º, TIPO LEVE-E, FABRICADA EM FIBRA DE VIDRO PELO PROCESSO DE PULTRUSÃO EM RESINA ESTERVINÍLICA AUTO-EXTINGUÍVEL, COM ABAS VOLTADAS PARA DENTRO. (LARGURA=L);COGUMELO OU SIMILAR;L=500 mm;pç 
LN-05-FF;TÊ VERTICAL DE SUBIDA 90º, TIPO LEVE-E, FABRICADA EM FIBRA DE VIDRO PELO PROCESSO DE PULTRUSÃO EM RESINA ESTERVINÍLICA AUTO-EXTINGUÍVEL, COM ABAS VOLTADAS PARA DENTRO. (LARGURA=L);COGUMELO OU SIMILAR;L=600 mm;pç 
LN-05-II;TÊ VERTICAL DE SUBIDA 90º, TIPO LEVE-E, FABRICADA EM FIBRA DE VIDRO PELO PROCESSO DE PULTRUSÃO EM RESINA ESTERVINÍLICA AUTO-EXTINGUÍVEL, COM ABAS VOLTADAS PARA DENTRO. (LARGURA=L);COGUMELO OU SIMILAR;L=800 mm;pç 
NA-RK-21;TÊ VERTICAL SUBIDA PARA RODAPÉ FALSO COM TAMPA DE ENCAIXE, 120x30mm TRIPLO, FABRICADO EM CHAPA AÇO CARBONO GALVANIZADO.;VALEMAM OU SIMILAR;;pç 
DD-01-A2;TERMINAL A COMPRESSÃO POR INDENTAÇÃO, PARA CABOS DE COBRE, FABRICADO EM COBRE ELETROLÍTICO COM ACABAMENTO ESTANHADO.;BURNDY OU SIMILAR;2,5 mm2;pç 
DD-01-A3;TERMINAL A COMPRESSÃO POR INDENTAÇÃO, PARA CABOS DE COBRE, FABRICADO EM COBRE ELETROLÍTICO COM ACABAMENTO ESTANHADO.;BURNDY OU SIMILAR;4 mm2;pç 
DD-01-A4;TERMINAL A COMPRESSÃO POR INDENTAÇÃO, PARA CABOS DE COBRE, FABRICADO EM COBRE ELETROLÍTICO COM ACABAMENTO ESTANHADO.;BURNDY OU SIMILAR;6 mm2;pç 
DD-01-A5;TERMINAL A COMPRESSÃO POR INDENTAÇÃO, PARA CABOS DE COBRE, FABRICADO EM COBRE ELETROLÍTICO COM ACABAMENTO ESTANHADO.;BURNDY OU SIMILAR;10 mm2;pç 
DD-01-A6;TERMINAL A COMPRESSÃO POR INDENTAÇÃO, PARA CABOS DE COBRE, FABRICADO EM COBRE ELETROLÍTICO COM ACABAMENTO ESTANHADO.;BURNDY OU SIMILAR;16 mm2;pç 
DD-01-A7;TERMINAL A COMPRESSÃO POR INDENTAÇÃO, PARA CABOS DE COBRE, FABRICADO EM COBRE ELETROLÍTICO COM ACABAMENTO ESTANHADO.;BURNDY OU SIMILAR;25 mm2;pç 
DD-01-B1;TERMINAL A COMPRESSÃO POR INDENTAÇÃO, PARA CABOS DE COBRE, FABRICADO EM COBRE ELETROLÍTICO COM ACABAMENTO ESTANHADO.;BURNDY OU SIMILAR;35mm2;pç 
DD-01-B2;TERMINAL A COMPRESSÃO POR INDENTAÇÃO, PARA CABOS DE COBRE, FABRICADO EM COBRE ELETROLÍTICO COM ACABAMENTO ESTANHADO.;BURNDY OU SIMILAR;50 mm2;pç 
DD-01-B3;TERMINAL A COMPRESSÃO POR INDENTAÇÃO, PARA CABOS DE COBRE, FABRICADO EM COBRE ELETROLÍTICO COM ACABAMENTO ESTANHADO.;BURNDY OU SIMILAR;70 mm2;pç 
DD-01-B4;TERMINAL A COMPRESSÃO POR INDENTAÇÃO, PARA CABOS DE COBRE, FABRICADO EM COBRE ELETROLÍTICO COM ACABAMENTO ESTANHADO.;BURNDY OU SIMILAR;95 mm2;pç 
DD-01-C1;TERMINAL A COMPRESSÃO POR INDENTAÇÃO, PARA CABOS DE COBRE, FABRICADO EM COBRE ELETROLÍTICO COM ACABAMENTO ESTANHADO.;BURNDY OU SIMILAR;120 mm2;pç 
DD-01-C2;TERMINAL A COMPRESSÃO POR INDENTAÇÃO, PARA CABOS DE COBRE, FABRICADO EM COBRE ELETROLÍTICO COM ACABAMENTO ESTANHADO.;BURNDY OU SIMILAR;150 mm2;pç 
DD-01-C3;TERMINAL A COMPRESSÃO POR INDENTAÇÃO, PARA CABOS DE COBRE, FABRICADO EM COBRE ELETROLÍTICO COM ACABAMENTO ESTANHADO.;BURNDY OU SIMILAR;185 mm2;pç 
DD-01-C4;TERMINAL A COMPRESSÃO POR INDENTAÇÃO, PARA CABOS DE COBRE, FABRICADO EM COBRE ELETROLÍTICO COM ACABAMENTO ESTANHADO.;BURNDY OU SIMILAR;240 mm2;pç 
DD-01-D1;TERMINAL A COMPRESSÃO POR INDENTAÇÃO, PARA CABOS DE COBRE, FABRICADO EM COBRE ELETROLÍTICO COM ACABAMENTO ESTANHADO.;BURNDY OU SIMILAR;300 mm2;pç 
DD-01-D2;TERMINAL A COMPRESSÃO POR INDENTAÇÃO, PARA CABOS DE COBRE, FABRICADO EM COBRE ELETROLÍTICO COM ACABAMENTO ESTANHADO.;BURNDY OU SIMILAR;400 mm2;pç 
DD-01-D3;TERMINAL A COMPRESSÃO POR INDENTAÇÃO, PARA CABOS DE COBRE, FABRICADO EM COBRE ELETROLÍTICO COM ACABAMENTO ESTANHADO.;BURNDY OU SIMILAR;500 mm2;pç 
AM-B7-HI;TERMINAL AÉREO PARA  PÁRA-RAIOS, SEM BANDEIRINHA, EM AÇO GALVANIZADO A FOGO, COM BASE DE ROSCA MECÂNICA E 2 PORCAS M10.;TERMOTÉCNICA OU SIMILAR;"5/16""x 350 mm";pç 
AM-B7-HE;TERMINAL AÉREO PARA PÁRA-RAIOS, SEM BANDEIRINHA, EM AÇO GALVANIZADO A FOGO, COM BASE DE FIXAÇÃO HORIZONTAL, COM 02 FUROS.;TERMOTÉCNICA OU SIMILAR;"5/16""x 350 mm";pç 
AM-B7-HF;TERMINAL AÉREO PARA PÁRA-RAIOS, SEM BANDEIRINHA, EM AÇO GALVANIZADO A FOGO, COM BASE DE FIXAÇÃO HORIZONTAL, COM 02 FUROS.;TERMOTÉCNICA OU SIMILAR;"5/16""x 600 mm";pç 
AM-B8-HE;TERMINAL AÉREO PARA  PÁRA-RAIOS, SEM BANDEIRINHA, EM AÇO GALVANIZADO A FRIO, COM ROSCA SOBERBA.;TERMOTÉCNICA OU SIMILAR;"5/16""x 350 mm";pç 
AM-B8-HF;TERMINAL AÉREO PARA  PÁRA-RAIOS, SEM BANDEIRINHA, EM AÇO GALVANIZADO A FRIO, COM ROSCA SOBERBA.;TERMOTÉCNICA OU SIMILAR;"5/16""x 600 mm";pç 
NA-07-31;TERMINAL DE ACABAMENTO, PARA RODAPÉ FALSO COM TAMPA DE ENCAIXE, 120x30mm TRIPLO;VALEMAM OU SIMILAR;;pç 
DA-01-74;TERMINAL DE PRESSÃO PARA 1 CABO DE COBRE A BARRA, FABRICADO EM BRONZE, COM 4 PARAFUSOS DE APERTO, PORCAS E ARRUELAS DE BRONZE SILICIOSO (DURIUM).( 1, 2 OU 4 FUROS NA BASE PLANA).;BURNDY OU SIMILAR;25 A 50mm2;pç 
DA-01-76;TERMINAL DE PRESSÃO PARA 1 CABO DE COBRE A BARRA, FABRICADO EM BRONZE, COM 4 PARAFUSOS DE APERTO, PORCAS E ARRUELAS DE BRONZE SILICIOSO (DURIUM).( 1, 2 OU 4 FUROS NA BASE PLANA).;BURNDY OU SIMILAR;70 A 120mm2;pç 
DA-01-82;TERMINAL DE PRESSÃO PARA 1 CABO DE COBRE A BARRA, FABRICADO EM BRONZE, COM 4 PARAFUSOS DE APERTO, PORCAS E ARRUELAS DE BRONZE SILICIOSO (DURIUM).( 1, 2 OU 4 FUROS NA BASE PLANA).;BURNDY OU SIMILAR;150 A 300mm2;pç 
DA-03-51;TERMINAL DE PRESSÃO PARA 1 CABO DE COBRE A BARRAMENTO (C/ 1 PARAFUSO DE COMPRESSÃO), FABRICADO EM BRONZE, BASE RETANGULAR RETA.;BURNDY OU SIMILAR;2,5 A 6mm2;pç 
DA-03-53;TERMINAL DE PRESSÃO PARA 1 CABO DE COBRE A BARRAMENTO (C/ 1 PARAFUSO DE COMPRESSÃO), FABRICADO EM BRONZE, BASE RETANGULAR RETA.;BURNDY OU SIMILAR;10 A 16mm2;pç 
DA-03-55;TERMINAL DE PRESSÃO PARA 1 CABO DE COBRE A BARRAMENTO (C/ 1 PARAFUSO DE COMPRESSÃO), FABRICADO EM BRONZE, BASE RETANGULAR RETA.;BURNDY OU SIMILAR;25 A 35mm2;pç 
DA-03-57;TERMINAL DE PRESSÃO PARA 1 CABO DE COBRE A BARRAMENTO (C/ 1 PARAFUSO DE COMPRESSÃO), FABRICADO EM BRONZE, BASE RETANGULAR RETA.;BURNDY OU SIMILAR;50 A 70mm2;pç 
DA-03-59;TERMINAL DE PRESSÃO PARA 1 CABO DE COBRE A BARRAMENTO (C/ 1 PARAFUSO DE COMPRESSÃO), FABRICADO EM BRONZE, BASE RETANGULAR RETA.;BURNDY OU SIMILAR;95 A 120mm2;pç 
DA-03-62;TERMINAL DE PRESSÃO PARA 1 CABO DE COBRE A BARRAMENTO (C/ 1 PARAFUSO DE COMPRESSÃO), FABRICADO EM BRONZE, BASE RETANGULAR RETA.;BURNDY OU SIMILAR;120 A 180mm2;pç 
DA-03-63;TERMINAL DE PRESSÃO PARA 1 CABO DE COBRE A BARRAMENTO (C/ 1 PARAFUSO DE COMPRESSÃO), FABRICADO EM BRONZE, BASE RETANGULAR RETA.;BURNDY OU SIMILAR;240 A 300mm2;pç 
DA-04-51;TERMINAL DE PRESSÃO PARA 1 CABO DE COBRE A BARRAMENTO (C/ 2 PARAFUSOS DE COMPRESSÃO), FABRICADO EM BRONZE, BASE RETANGULAR.;BURNDY OU SIMILAR;14F - 8;pç 
DA-04-53;TERMINAL DE PRESSÃO PARA 1 CABO DE COBRE A BARRAMENTO (C/ 2 PARAFUSOS DE COMPRESSÃO), FABRICADO EM BRONZE, BASE RETANGULAR.;BURNDY OU SIMILAR;6F-4;pç 
DA-04-55;TERMINAL DE PRESSÃO PARA 1 CABO DE COBRE A BARRAMENTO (C/ 2 PARAFUSOS DE COMPRESSÃO), FABRICADO EM BRONZE, BASE RETANGULAR.;BURNDY OU SIMILAR;4-2;pç 
DA-05-53;TERMINAL DE PRESSÃO PARA 2 CABOS DE COBRE A BARRAMENTO, FABRICADO EM BRONZE.;BURNDY OU SIMILAR;10 A 25mm2;pç 
DA-05-55;TERMINAL DE PRESSÃO PARA 2 CABOS DE COBRE A BARRAMENTO, FABRICADO EM BRONZE.;BURNDY OU SIMILAR;25 A 35mm2;pç 
DA-05-56;TERMINAL DE PRESSÃO PARA 2 CABOS DE COBRE A BARRAMENTO, FABRICADO EM BRONZE.;BURNDY OU SIMILAR;50 A 70mm2;pç 
DA-05-59;TERMINAL DE PRESSÃO PARA 2 CABOS DE COBRE A BARRAMENTO, FABRICADO EM BRONZE.;BURNDY OU SIMILAR;95 A 120mm2;pç 
DA-05-62;TERMINAL DE PRESSÃO PARA 2 CABOS DE COBRE A BARRAMENTO, FABRICADO EM BRONZE.;BURNDY OU SIMILAR;150 A 185mm2;pç 
DA-05-65;TERMINAL DE PRESSÃO PARA 2 CABOS DE COBRE A BARRAMENTO, FABRICADO EM BRONZE.;BURNDY OU SIMILAR;240 A 300mm2;pç 
EG-10-06;TERMINAL PARA DUTOS ESPIRALADOS FABRICADO EM POLIETILENO DE ALTA DENSIDADE.;KANAFLEX OU SIMILAR;"2""";pç 
EG-10-08;TERMINAL PARA DUTOS ESPIRALADOS FABRICADO EM POLIETILENO DE ALTA DENSIDADE.;KANAFLEX OU SIMILAR;"3""";pç 
EG-10-09;TERMINAL PARA DUTOS ESPIRALADOS FABRICADO EM POLIETILENO DE ALTA DENSIDADE.;KANAFLEX OU SIMILAR;"4""";pç 
FC-03-51;TERMINAL TRIFÁSICO NA COR MARFIM, COM MATERIAL CONDUTOR EM LATÃO COM TRATAMENTO SUPERFICIAL EM NIQUEL,  PARA USO GERAL.;SINDAL OU SIMILAR;6mm2 - 25A;pç 
FC-03-54;TERMINAL TRIFÁSICO NA COR MARFIM, COM MATERIAL CONDUTOR EM LATÃO COM TRATAMENTO SUPERFICIAL EM NIQUEL,  PARA USO GERAL.;SINDAL OU SIMILAR;10mm2 - 30A;pç 
FC-03-52;TERMINAL TRIFÁSICO NA COR MARFIM, COM MATERIAL CONDUTOR EM LATÃO COM TRATAMENTO SUPERFICIAL EM NIQUEL,  PARA USO GERAL.;SINDAL OU SIMILAR;16mm2 - 50A;pç 
QT-1W-FS;"TIRANTE DE AÇO COM ROSCA TOTAL ""WW"" BICROMATIZADO Ø1/4"" x 6000mm";POLEODUTO OU SIMILAR;"1/4"" x 6000";pç 
QT-1W-GS;"TIRANTE DE AÇO COM ROSCA TOTAL ""WW"" BICROMATIZADO.";POLEODUTO OU SIMILAR;"5/16"" x 6000";pç 
QT-1W-HS;"TIRANTE DE AÇO COM ROSCA TOTAL ""WW"" BICROMATIZADO.";POLEODUTO OU SIMILAR;"3/8"" x 6000";pç 
TA-21-51;TOMADA (PROLONGADOR FÊMEA) PADRÃO BRASILEIRO, 2 POLOS+TERRRA, PARA PINOS CILINDRICOS, NA COR PRETA.;PIAL OU SIMILAR; 10A-250V;pç 
TC-G4-4B;"TOMADA DE SOBREPOR INDUSTRIAL COM BLOQUEIO MECÂNICO E DISJUNTOR, FABRICADA EM COMPOSTO TERMO-PLÁSTICO AUTO-EXTINGUÍVEL, RESISTENTE A CORROSÃO, GRAU DE PROTEÇÃO IP-65, NA COR CINZA,  COM ADAPTADOR DE ROSCA PG PARA ROSCA GÁS DIÂMETRO 1.1/2"" BSP.";STECK OU SIMILAR;3P+T-16A-440V;pç 
TC-G4-4H;"TOMADA DE SOBREPOR INDUSTRIAL COM BLOQUEIO MECÂNICO E DISJUNTOR, FABRICADA EM COMPOSTO TERMO-PLÁSTICO AUTO-EXTINGUÍVEL, RESISTENTE A CORROSÃO, GRAU DE PROTEÇÃO IP-65, NA COR CINZA, COM ADAPTADOR DE ROSCA PG PARA ROSCA GÁS DIÂMETRO 1.1/2"" BSP.";STECK OU SIMILAR;3P+T-63A-440V;pç 
TA-U5-4C;"TOMADA DE SOBREPOR INDUSTRIAL COM BLOQUEIO MECÂNICO, FABRICADA EM COMPOSTO TERMO-PLÁSTICO AUTO-EXTINGUÍVEL, RESISTENTE A CORROSÃO, GRAU DE PROTEÇÃO IP-65, NA COR CINZA,  COM  ADAPTADOR DE ROSCA PG PARA ROSCA GÁS DIÂMETRO 1"" BSP.";STECK OU SIMILAR;3P+T-16A-440V;pç 
TA-U5-5C;"TOMADA DE SOBREPOR INDUSTRIAL COM BLOQUEIO MECÂNICO, FABRICADA EM COMPOSTO TERMO-PLÁSTICO AUTO-EXTINGUÍVEL, RESISTENTE A CORROSÃO, GRAU DE PROTEÇÃO IP-65, NA COR CINZA,  COM  ADAPTADOR DE ROSCA PG PARA ROSCA GÁS DIÂMETRO 1"" BSP.";STECK OU SIMILAR;3P+T-32A-440V;pç 
TC-G4-4A;"TOMADA DE SOBREPOR INDUSTRIAL COM BLOQUEIO MECÂNICO, FABRICADA EM COMPOSTO TERMO-PLÁSTICO AUTO-EXTINGUÍVEL, RESISTENTE A CORROSÃO, GRAU DE PROTEÇÃO IP-65, NA COR CINZA,  COM  ADAPTADOR DE ROSCA PG PARA ROSCA GÁS DIÂMETRO 1.1/2"" BSP.";STECK OU SIMILAR;3P+T-63A-440V;pç 
TA-T1-2B;"TOMADA REDONDA,  COM TAMPA-MOLA, FABRICADA EM LIGA DE ALUMÍNIO FUNDIDO, A PROVA DE TEMPO, GRAU DE PROTEÇÃO IP-65, ORELHAS DE FIXAÇÃO, UMA ENTRADA ROSQUEADA BSP DE DIÂMETRO 3/4"", ACABAMENTO NA COR CINZA MARTELADO.";NUTSTEEL OU SIMILAR;2P+T / 380 V - 15 A;pç 
TA-T1-2C;"TOMADA REDONDA,  COM TAMPA-MOLA, FABRICADA EM LIGA DE ALUMÍNIO FUNDIDO, A PROVA DE TEMPO, GRAU DE PROTEÇÃO IP-65, ORELHAS DE FIXAÇÃO, UMA ENTRADA ROSQUEADA BSP DE DIÂMETRO 3/4"", ACABAMENTO NA COR CINZA MARTELADO.";NUTSTEEL OU SIMILAR;2P+T / 380 V - 30 A;pç 
BA-01-T3;"TOMADA UNIVERSAL PADRÃO BRASILEIRO, MONTADA EM CAIXA DE LIGAÇÃO TIPO ""C"", FABRICADA EM ALUMÍNIO FUNDIDO, COM ENTRADAS ROSQUEADAS  Ø 3/4"" BSP, FORNECIDA COM TAMPAS FIXADAS POR MEIO DE PARAFUSOS,  NA COR CINZA.";WETZEL OU SIMILAR;1P+N+T-250V-10A;pç 
BA-01-T4;"TOMADA UNIVERSAL PADRÃO BRASILEIRO, MONTADA EM CAIXA DE LIGAÇÃO TIPO ""C"", FABRICADA EM ALUMÍNIO FUNDIDO, COM ENTRADAS ROSQUEADAS  Ø 3/4"" BSP, FORNECIDA COM TAMPAS FIXADAS POR MEIO DE PARAFUSOS,  NA COR CINZA.";WETZEL OU SIMILAR;2P+T-250V-10A;pç 
BA-01-T5;"TOMADA UNIVERSAL PADRÃO BRASILEIRO, MONTADA EM CAIXA DE LIGAÇÃO TIPO ""E"", FABRICADA EM ALUMÍNIO FUNDIDO, COM ENTRADAS ROSQUEADAS  Ø 3/4"" BSP, FORNECIDA COM TAMPAS FIXADAS POR MEIO DE PARAFUSOS,  NA COR CINZA.";WETZEL OU SIMILAR;2P+T-250V-10A;pç 
BA-02-T4;"TOMADAS UNIVERSAIS PADRÃO BRASILEIRO (DUAS), MONTADAS EM CAIXA DE LIGAÇÃO TIPO ""CD"", FABRICADA EM ALUMÍNIO FUNDIDO, COM ENTRADAS ROSQUEADAS  Ø 3/4"" BSP, FORNECIDA COM TAMPAS FIXADAS POR MEIO DE PARAFUSOS,  NA COR CINZA.";WETZEL OU SIMILAR;2P+T-250V-10A;pç 
BA-02-T5;"TOMADAS UNIVERSAIS PADRÃO BRASILEIRO (DUAS), MONTADAS EM CAIXA DE LIGAÇÃO TIPO ""ED"", FABRICADA EM ALUMÍNIO FUNDIDO, COM ENTRADAS ROSQUEADAS  Ø 3/4"" BSP, FORNECIDA COM TAMPAS FIXADAS POR MEIO DE PARAFUSOS,  NA COR CINZA.";WETZEL OU SIMILAR;2P+T-250V-10A;pç 
FB-01-51;TRILHO DE FIXAÇÃO PARA CONECTORES/BORNES DE PASSAGEM TIPO SAK;CONEXEL OU SIMILAR;2 m;pç 
AM-26-03;TUBO DE PVC 3m, TIPO PESADO, PARA DESCIDA DE CABOS.;TERMOTÉCNICA OU SIMILAR;"1""";pç 
HA-02-01;UNIÃO FÊMEA FÊMEA TIPO ERICKSON, FABRICADA EM FERRO FUNDIDO GALVANIZAÇÃO ELETROLÍTICA, COMPOSTO DE CORPO CONTRA CORPO E ANEL SEXTAVADO, COM GUARNIÇÃO DE NEOPRENE.;BLINDA OU SIMILAR;"1/2""";pç 
HA-02-02;UNIÃO FÊMEA FÊMEA TIPO ERICKSON, FABRICADA EM FERRO FUNDIDO GALVANIZAÇÃO ELETROLÍTICA, COMPOSTO DE CORPO CONTRA CORPO E ANEL SEXTAVADO, COM GUARNIÇÃO DE NEOPRENE.;BLINDA OU SIMILAR;"3/4""";pç 
HA-02-03;UNIÃO FÊMEA FÊMEA TIPO ERICKSON, FABRICADA EM FERRO FUNDIDO GALVANIZAÇÃO ELETROLÍTICA, COMPOSTO DE CORPO CONTRA CORPO E ANEL SEXTAVADO, COM GUARNIÇÃO DE NEOPRENE.;BLINDA OU SIMILAR;"1""";pç 
HA-02-05;UNIÃO FÊMEA FÊMEA TIPO ERICKSON, FABRICADA EM FERRO FUNDIDO GALVANIZAÇÃO ELETROLÍTICA, COMPOSTO DE CORPO CONTRA CORPO E ANEL SEXTAVADO, COM GUARNIÇÃO DE NEOPRENE.;BLINDA OU SIMILAR;"1 1/2""";pç 
HA-02-06;UNIÃO FÊMEA FÊMEA TIPO ERICKSON, FABRICADA EM FERRO FUNDIDO GALVANIZAÇÃO ELETROLÍTICA, COMPOSTO DE CORPO CONTRA CORPO E ANEL SEXTAVADO, COM GUARNIÇÃO DE NEOPRENE.;BLINDA OU SIMILAR;"2""";pç 
HA-02-07;UNIÃO FÊMEA FÊMEA TIPO ERICKSON, FABRICADA EM FERRO FUNDIDO GALVANIZAÇÃO ELETROLÍTICA, COMPOSTO DE CORPO CONTRA CORPO E ANEL SEXTAVADO, COM GUARNIÇÃO DE NEOPRENE.;BLINDA OU SIMILAR;"2 1/2""";pç 
HA-02-08;UNIÃO FÊMEA FÊMEA TIPO ERICKSON, FABRICADA EM FERRO FUNDIDO GALVANIZAÇÃO ELETROLÍTICA, COMPOSTO DE CORPO CONTRA CORPO E ANEL SEXTAVADO, COM GUARNIÇÃO DE NEOPRENE.;BLINDA OU SIMILAR;"3""";pç 
HA-02-09;UNIÃO FÊMEA FÊMEA TIPO ERICKSON, FABRICADA EM FERRO FUNDIDO GALVANIZAÇÃO ELETROLÍTICA, COMPOSTO DE CORPO CONTRA CORPO E ANEL SEXTAVADO, COM GUARNIÇÃO DE NEOPRENE.;BLINDA OU SIMILAR;"4""";pç 
HA-21-09;UNIÃO FÊMEA FÊMEA TIPO ERICKSON, FABRICADA EM FERRO FUNDIDO GALVANIZADO A FOGO, COMPOSTO DE CORPO CONTRA CORPO E ANEL SEXTAVADO, COM GUARNIÇÃO DE NEOPRENE.;NUTSTEEL OU SIMILAR;"4""      BSP";pç 
HA-04-01;UNIÃO FÊMEA FÊMEA TIPO ERICKSON, FABRICADA EM FERRO FUNDIDO GALVANIZADO A FOGO, COMPOSTO DE CORPO CONTRA CORPO E ANEL SEXTAVADO, COM GUARNIÇÃO DE NEOPRENE.;NUTSTEEL OU SIMILAR;"1/2""";pç 
HA-04-02;UNIÃO FÊMEA FÊMEA TIPO ERICKSON, FABRICADA EM FERRO FUNDIDO GALVANIZADO A FOGO, COMPOSTO DE CORPO CONTRA CORPO E ANEL SEXTAVADO, COM GUARNIÇÃO DE NEOPRENE.;NUTSTEEL OU SIMILAR;"3/4""";pç 
HA-04-03;UNIÃO FÊMEA FÊMEA TIPO ERICKSON, FABRICADA EM FERRO FUNDIDO GALVANIZADO A FOGO, COMPOSTO DE CORPO CONTRA CORPO E ANEL SEXTAVADO, COM GUARNIÇÃO DE NEOPRENE.;NUTSTEEL OU SIMILAR;"1""";pç 
HA-04-05;UNIÃO FÊMEA FÊMEA TIPO ERICKSON, FABRICADA EM FERRO FUNDIDO GALVANIZADO A FOGO, COMPOSTO DE CORPO CONTRA CORPO E ANEL SEXTAVADO, COM GUARNIÇÃO DE NEOPRENE.;NUTSTEEL OU SIMILAR;"1 1/2""";pç 
HA-04-06;UNIÃO FÊMEA FÊMEA TIPO ERICKSON, FABRICADA EM FERRO FUNDIDO GALVANIZADO A FOGO, COMPOSTO DE CORPO CONTRA CORPO E ANEL SEXTAVADO, COM GUARNIÇÃO DE NEOPRENE.;NUTSTEEL OU SIMILAR;"2""";pç 
HA-04-07;UNIÃO FÊMEA FÊMEA TIPO ERICKSON, FABRICADA EM FERRO FUNDIDO GALVANIZADO A FOGO, COMPOSTO DE CORPO CONTRA CORPO E ANEL SEXTAVADO, COM GUARNIÇÃO DE NEOPRENE.;NUTSTEEL OU SIMILAR;"2 1/2""";pç 
HA-04-08;UNIÃO FÊMEA FÊMEA TIPO ERICKSON, FABRICADA EM FERRO FUNDIDO GALVANIZADO A FOGO, COMPOSTO DE CORPO CONTRA CORPO E ANEL SEXTAVADO, COM GUARNIÇÃO DE NEOPRENE.;NUTSTEEL OU SIMILAR;"3""";pç 
HA-04-09;UNIÃO FÊMEA FÊMEA TIPO ERICKSON, FABRICADA EM FERRO FUNDIDO GALVANIZADO A FOGO, COMPOSTO DE CORPO CONTRA CORPO E ANEL SEXTAVADO, COM GUARNIÇÃO DE NEOPRENE.;NUTSTEEL OU SIMILAR;"4""";pç 
HA-01-01;UNIÃO MACHO FÊMEA TIPO ERICKSON, FABRICADA EM FERRO FUNDIDO GALVANIZAÇÃO ELETROLÍTICA, COMPOSTO DE CORPO CONTRA CORPO E ANEL SEXTAVADO, COM GUARNIÇÃO DE NEOPRENE.;NUTSTEEL OU SIMILAR;"1/2"" BSP";pç 
HA-01-02;UNIÃO MACHO FÊMEA TIPO ERICKSON, FABRICADA EM FERRO FUNDIDO GALVANIZAÇÃO ELETROLÍTICA, COMPOSTO DE CORPO CONTRA CORPO E ANEL SEXTAVADO, COM GUARNIÇÃO DE NEOPRENE.;NUTSTEEL OU SIMILAR;"3/4"" BSP";pç 
HA-01-03;UNIÃO MACHO FÊMEA TIPO ERICKSON, FABRICADA EM FERRO FUNDIDO GALVANIZAÇÃO ELETROLÍTICA, COMPOSTO DE CORPO CONTRA CORPO E ANEL SEXTAVADO, COM GUARNIÇÃO DE NEOPRENE.;NUTSTEEL OU SIMILAR;"1"" BSP";pç 
HA-01-05;UNIÃO MACHO FÊMEA TIPO ERICKSON, FABRICADA EM FERRO FUNDIDO GALVANIZAÇÃO ELETROLÍTICA, COMPOSTO DE CORPO CONTRA CORPO E ANEL SEXTAVADO, COM GUARNIÇÃO DE NEOPRENE.;NUTSTEEL OU SIMILAR;"1 1/2"" BSP";pç 
HA-01-06;UNIÃO MACHO FÊMEA TIPO ERICKSON, FABRICADA EM FERRO FUNDIDO GALVANIZAÇÃO ELETROLÍTICA, COMPOSTO DE CORPO CONTRA CORPO E ANEL SEXTAVADO, COM GUARNIÇÃO DE NEOPRENE.;NUTSTEEL OU SIMILAR;"2"" BSP";pç 
HA-01-07;UNIÃO MACHO FÊMEA TIPO ERICKSON, FABRICADA EM FERRO FUNDIDO GALVANIZAÇÃO ELETROLÍTICA, COMPOSTO DE CORPO CONTRA CORPO E ANEL SEXTAVADO, COM GUARNIÇÃO DE NEOPRENE.;NUTSTEEL OU SIMILAR;"2 1/2"" BSP";pç 
HA-01-08;UNIÃO MACHO FÊMEA TIPO ERICKSON, FABRICADA EM FERRO FUNDIDO GALVANIZAÇÃO ELETROLÍTICA, COMPOSTO DE CORPO CONTRA CORPO E ANEL SEXTAVADO, COM GUARNIÇÃO DE NEOPRENE.;NUTSTEEL OU SIMILAR;"3"" BSP";pç 
HA-01-09;UNIÃO MACHO FÊMEA TIPO ERICKSON, FABRICADA EM FERRO FUNDIDO GALVANIZAÇÃO ELETROLÍTICA, COMPOSTO DE CORPO CONTRA CORPO E ANEL SEXTAVADO, COM GUARNIÇÃO DE NEOPRENE.;NUTSTEEL OU SIMILAR;"4""      BSP";pç 
HA-21-01;UNIÃO MACHO FÊMEA TIPO ERICKSON, FABRICADA EM FERRO FUNDIDO GALVANIZADO A FOGO, COMPOSTO DE CORPO CONTRA CORPO E ANEL SEXTAVADO, COM GUARNIÇÃO DE NEOPRENE.;NUTSTEEL OU SIMILAR;"1/2"" BSP";pç 
HA-21-02;UNIÃO MACHO FÊMEA TIPO ERICKSON, FABRICADA EM FERRO FUNDIDO GALVANIZADO A FOGO, COMPOSTO DE CORPO CONTRA CORPO E ANEL SEXTAVADO, COM GUARNIÇÃO DE NEOPRENE.;NUTSTEEL OU SIMILAR;"3/4"" BSP";pç 
HA-21-03;UNIÃO MACHO FÊMEA TIPO ERICKSON, FABRICADA EM FERRO FUNDIDO GALVANIZADO A FOGO, COMPOSTO DE CORPO CONTRA CORPO E ANEL SEXTAVADO, COM GUARNIÇÃO DE NEOPRENE.;NUTSTEEL OU SIMILAR;"1"" BSP";pç 
HA-21-05;UNIÃO MACHO FÊMEA TIPO ERICKSON, FABRICADA EM FERRO FUNDIDO GALVANIZADO A FOGO, COMPOSTO DE CORPO CONTRA CORPO E ANEL SEXTAVADO, COM GUARNIÇÃO DE NEOPRENE.;NUTSTEEL OU SIMILAR;"1 1/2"" BSP";pç 
HA-21-06;UNIÃO MACHO FÊMEA TIPO ERICKSON, FABRICADA EM FERRO FUNDIDO GALVANIZADO A FOGO, COMPOSTO DE CORPO CONTRA CORPO E ANEL SEXTAVADO, COM GUARNIÇÃO DE NEOPRENE.;NUTSTEEL OU SIMILAR;"2"" BSP";pç 
HA-21-07;UNIÃO MACHO FÊMEA TIPO ERICKSON, FABRICADA EM FERRO FUNDIDO GALVANIZADO A FOGO, COMPOSTO DE CORPO CONTRA CORPO E ANEL SEXTAVADO, COM GUARNIÇÃO DE NEOPRENE.;NUTSTEEL OU SIMILAR;"2 1/2"" BSP";pç 
HA-21-08;UNIÃO MACHO FÊMEA TIPO ERICKSON, FABRICADA EM FERRO FUNDIDO GALVANIZADO A FOGO, COMPOSTO DE CORPO CONTRA CORPO E ANEL SEXTAVADO, COM GUARNIÇÃO DE NEOPRENE.;NUTSTEEL OU SIMILAR;"3"" BSP";pç 
VU-A4-AB;"VIGA ""C"" EM AÇO CARBONO ASTM EM BARRAS 6M";CSN OU SIMILAR;200 x 75 x 25 x 3,04;pç 
VI-A2-AA;"VIGA ""I"" EM AÇO CARBONO, EM BARRAS DE 6m";CSN OU SIMILAR;"4"" x 11,4 kg/m";pç 
VI-AI-SI;"VIGA ""I"" EM AÇO CARBONO, EM BARRAS DE 6m.";CSN OU SIMILAR;"6"" X 27;5Kg/m";pç 
VI-AI-SL;"VIGA ""I"" EM AÇO CARBONO, EM BARRAS DE 6m.";CSN OU SIMILAR;"6"" X 18;5kg/m";pç 
VI-AI-SM;"VIGA ""I"" EM AÇO CARBONO, EM BARRAS DE 6m.";CSN OU SIMILAR;"6"" X 22,5Kg/m";pç 
VU-A1-CB;"VIGA ""U"" AÇO CARBONO ASTM A36 EM BARRA DE 6m";CSN OU SIMILAR;"3"" x 6,11 kg/m";pç 
VU-A1-CD;"VIGA ""U"" AÇO CARBONO ASTM A36 EM BARRA DE 6m";CSN OU SIMILAR;"3"" x 7,4 kg/m";pç 
VU-A1-CE;"VIGA ""U"" AÇO CARBONO ASTM A36 EM BARRA DE 6m";CSN OU SIMILAR;"3"" x 8,9 kg/m";pç 
VU-A2-AB;"VIGA ""U"" AÇO CARBONO ASTM A-36 EM BARRA DE 6m.";CSN OU SIMILAR;"4"" x 7.95 kg/m";pç 
VU-A2-AB;"VIGA ""U"" AÇO CARBONO ASTM A-36 EM BARRA DE 6m.";CSN OU SIMILAR;"4"" x 7.95 kg/m";pç 
VU-A2-AC;"VIGA ""U"" AÇO CARBONO ASTM A-36 EM BARRA DE 6m.";CSN OU SIMILAR;"4"" x 9,3 kg/m";pç 
VU-A2-AD;"VIGA ""U"" AÇO CARBONO ASTM A-36 EM BARRA DE 6m.";CSN OU SIMILAR;"4"" x 10,8 kg/m";pç 
VU-A3-AB;"VIGA ""U"" AÇO CARBONO ASTM A36 EM BARRAS DE 6m";CSN OU SIMILAR;"48;8 x 9;5 x 5;1";pç 
VU-A3-AC;"VIGA ""U"" AÇO CARBONO ASTM A36 EM BARRAS DE 6m";CSN OU SIMILAR;"6"" x 15,8kg/m";pç 
VU-A3-AD;"VIGA ""U"" AÇO CARBONO ASTM A36 EM BARRAS DE 6m";CSN OU SIMILAR;"6"" x 19,3 kg/m";pç 
VU-A3-AE;"VIGA ""U"" AÇO CARBONO ASTM A36 EM BARRAS DE 6m";CSN OU SIMILAR;"6"" x 23,1 kg/m";pç 
VU-A3-BA;"VIGA ""U"" AÇO CARBONO ASTM A36 EM BARRAS DE 6m";CSN OU SIMILAR;"8"" x 17,1 Kg/m";pç 
VU-A4-AA;"VIGA LAMINADA ""H"" AÇO CARBONO ASTM A36 EM BARRAS DE 6m";CSN OU SIMILAR;W150x22,5 -  22,5Kg/m;pç 
